Region,WBID,Waterbody,WaterbodyNameInBasinPlan,StationCode,StationName,AnalyteName,Alias,CAS_Number,Objective,UnitName,BeneficialUse,Objective_Language,Objective_Ref_Number,Evaluation_Guideline,Eval_Ref_Number,AveragingPeriod,Statistic,FreshMarine,Notes,Valid
3,CAR3041202019990223102514,Boulder Creek,Boulder Creek,304BH9,Boulder Creek at Highway 9,Boron,,,0.2,mg/L,AG,"The site specific objective for Boron for Boulder Creek is an annual mean of 0.2 mg/L (Table 3-5, Water Quality Control Plan, Central Coastal Basin).",7402,,,365,Mean,F,,Y
3,CAR3041202019990223102514,Boulder Creek,Boulder Creek,304BH9,Boulder Creek at Highway 9,Chloride,,,10,mg/L,CO,"The site specific objective for Chloride for Boulder Creek is an annual mean of 10 mg/L (Table 3-5, Water Quality Control Plan, Central Coastal Basin).",7402,,,365,Mean,F,,Y
3,CAR3041202019990223102514,Boulder Creek,Boulder Creek,304BH9,Boulder Creek at Highway 9,Sodium,,,20,mg/L,CO,"The site specific objective for Sodium for Boulder Creek is an annual mean of 20 mg/L (Table 3-5, Water Quality Control Plan, Central Coastal Basin).",7402,,,365,Mean,F,,Y
3,CAR3041202019990223102514,Boulder Creek,Boulder Creek,304BH9,Boulder Creek at Highway 9,Sulfate,,,10,mg/L,CO,"The site specific objective for Sulfate for Boulder Creek is an annual mean of 10 mg/L (Table 3-5, Water Quality Control Plan, Central Coastal Basin).",7402,,,365,Mean,F,,Y
3,CAR3041202019990223102514,Boulder Creek,Boulder Creek,304BH9,Boulder Creek at Highway 9,Total Dissolved Solids,,,150,mg/L,CO,"The site specific objective for Total Dissolved Solids for Boulder Creek is an annual mean of 150 mg/L (Table 3-5, Water Quality Control Plan, Central Coastal Basin).",7402,,,365,Mean,F,,Y
3,CAR3041202019990223102514,Boulder Creek,Boulder Creek,304RRBLD1,Foxglove Ln at Boulder Creek,Boron,,,0.2,mg/L,AG,"The site specific objective for Boron for Boulder Creek is an annual mean of 0.2 mg/L (Table 3-5, Water Quality Control Plan, Central Coastal Basin).",7402,,,365,Mean,F,,Y
3,CAR3041202019990223102514,Boulder Creek,Boulder Creek,304RRBLD1,Foxglove Ln at Boulder Creek,Chloride,,,10,mg/L,CO,"The site specific objective for Chloride for Boulder Creek is an annual mean of 10 mg/L (Table 3-5, Water Quality Control Plan, Central Coastal Basin).",7402,,,365,Mean,F,,Y
3,CAR3041202019990223102514,Boulder Creek,Boulder Creek,304RRBLD1,Foxglove Ln at Boulder Creek,Sodium,,,20,mg/L,CO,"The site specific objective for Sodium for Boulder Creek is an annual mean of 20 mg/L (Table 3-5, Water Quality Control Plan, Central Coastal Basin).",7402,,,365,Mean,F,,Y
3,CAR3041202019990223102514,Boulder Creek,Boulder Creek,304RRBLD1,Foxglove Ln at Boulder Creek,Sulfate,,,10,mg/L,CO,"The site specific objective for Sulfate for Boulder Creek is an annual mean of 10 mg/L (Table 3-5, Water Quality Control Plan, Central Coastal Basin).",7402,,,365,Mean,F,,Y
3,CAR3041202019990223102514,Boulder Creek,Boulder Creek,304RRBLD1,Foxglove Ln at Boulder Creek,Total Dissolved Solids,,,150,mg/L,CO,"The site specific objective for Total Dissolved Solids for Boulder Creek is an annual mean of 150 mg/L (Table 3-5, Water Quality Control Plan, Central Coastal Basin).",7402,,,365,Mean,F,,Y
3,CAR3041202019990223102514,Boulder Creek,Boulder Creek,304RRBLD10,State HWY 236 at Chipmunk Hollow Rd,Boron,,,0.2,mg/L,AG,"The site specific objective for Boron for Boulder Creek is an annual mean of 0.2 mg/L (Table 3-5, Water Quality Control Plan, Central Coastal Basin).",7402,,,365,Mean,F,,Y
3,CAR3041202019990223102514,Boulder Creek,Boulder Creek,304RRBLD10,State HWY 236 at Chipmunk Hollow Rd,Chloride,,,10,mg/L,CO,"The site specific objective for Chloride for Boulder Creek is an annual mean of 10 mg/L (Table 3-5, Water Quality Control Plan, Central Coastal Basin).",7402,,,365,Mean,F,,Y
3,CAR3041202019990223102514,Boulder Creek,Boulder Creek,304RRBLD10,State HWY 236 at Chipmunk Hollow Rd,Sodium,,,20,mg/L,CO,"The site specific objective for Sodium for Boulder Creek is an annual mean of 20 mg/L (Table 3-5, Water Quality Control Plan, Central Coastal Basin).",7402,,,365,Mean,F,,Y
3,CAR3041202019990223102514,Boulder Creek,Boulder Creek,304RRBLD10,State HWY 236 at Chipmunk Hollow Rd,Sulfate,,,10,mg/L,CO,"The site specific objective for Sulfate for Boulder Creek is an annual mean of 10 mg/L (Table 3-5, Water Quality Control Plan, Central Coastal Basin).",7402,,,365,Mean,F,,Y
3,CAR3041202019990223102514,Boulder Creek,Boulder Creek,304RRBLD10,State HWY 236 at Chipmunk Hollow Rd,Total Dissolved Solids,,,150,mg/L,CO,"The site specific objective for Total Dissolved Solids for Boulder Creek is an annual mean of 150 mg/L (Table 3-5, Water Quality Control Plan, Central Coastal Basin).",7402,,,365,Mean,F,,Y
3,CAR3041202019990223102514,Boulder Creek,Boulder Creek,304RRBLD3,Melissa Ln at Boulder Creek,Boron,,,0.2,mg/L,AG,"The site specific objective for Boron for Boulder Creek is an annual mean of 0.2 mg/L (Table 3-5, Water Quality Control Plan, Central Coastal Basin).",7402,,,365,Mean,F,,Y
3,CAR3041202019990223102514,Boulder Creek,Boulder Creek,304RRBLD3,Melissa Ln at Boulder Creek,Chloride,,,10,mg/L,CO,"The site specific objective for Chloride for Boulder Creek is an annual mean of 10 mg/L (Table 3-5, Water Quality Control Plan, Central Coastal Basin).",7402,,,365,Mean,F,,Y
3,CAR3041202019990223102514,Boulder Creek,Boulder Creek,304RRBLD3,Melissa Ln at Boulder Creek,Sodium,,,20,mg/L,CO,"The site specific objective for Sodium for Boulder Creek is an annual mean of 20 mg/L (Table 3-5, Water Quality Control Plan, Central Coastal Basin).",7402,,,365,Mean,F,,Y
3,CAR3041202019990223102514,Boulder Creek,Boulder Creek,304RRBLD3,Melissa Ln at Boulder Creek,Sulfate,,,10,mg/L,CO,"The site specific objective for Sulfate for Boulder Creek is an annual mean of 10 mg/L (Table 3-5, Water Quality Control Plan, Central Coastal Basin).",7402,,,365,Mean,F,,Y
3,CAR3041202019990223102514,Boulder Creek,Boulder Creek,304RRBLD3,Melissa Ln at Boulder Creek,Total Dissolved Solids,,,150,mg/L,CO,"The site specific objective for Total Dissolved Solids for Boulder Creek is an annual mean of 150 mg/L (Table 3-5, Water Quality Control Plan, Central Coastal Basin).",7402,,,365,Mean,F,,Y
3,CAR3041202019990223102514,Boulder Creek,Boulder Creek,304RRBLD4,Hilton Dr at Double Bogey Dr,Boron,,,0.2,mg/L,AG,"The site specific objective for Boron for Boulder Creek is an annual mean of 0.2 mg/L (Table 3-5, Water Quality Control Plan, Central Coastal Basin).",7402,,,365,Mean,F,,Y
3,CAR3041202019990223102514,Boulder Creek,Boulder Creek,304RRBLD4,Hilton Dr at Double Bogey Dr,Chloride,,,10,mg/L,CO,"The site specific objective for Chloride for Boulder Creek is an annual mean of 10 mg/L (Table 3-5, Water Quality Control Plan, Central Coastal Basin).",7402,,,365,Mean,F,,Y
3,CAR3041202019990223102514,Boulder Creek,Boulder Creek,304RRBLD4,Hilton Dr at Double Bogey Dr,Sodium,,,20,mg/L,CO,"The site specific objective for Sodium for Boulder Creek is an annual mean of 20 mg/L (Table 3-5, Water Quality Control Plan, Central Coastal Basin).",7402,,,365,Mean,F,,Y
3,CAR3041202019990223102514,Boulder Creek,Boulder Creek,304RRBLD4,Hilton Dr at Double Bogey Dr,Sulfate,,,10,mg/L,CO,"The site specific objective for Sulfate for Boulder Creek is an annual mean of 10 mg/L (Table 3-5, Water Quality Control Plan, Central Coastal Basin).",7402,,,365,Mean,F,,Y
3,CAR3041202019990223102514,Boulder Creek,Boulder Creek,304RRBLD4,Hilton Dr at Double Bogey Dr,Total Dissolved Solids,,,150,mg/L,CO,"The site specific objective for Total Dissolved Solids for Boulder Creek is an annual mean of 150 mg/L (Table 3-5, Water Quality Control Plan, Central Coastal Basin).",7402,,,365,Mean,F,,Y
3,CAR3041202019990223102514,Boulder Creek,Boulder Creek,304RRBLD7,State HWY 236 at Big Basin Hwy,Boron,,,0.2,mg/L,AG,"The site specific objective for Boron for Boulder Creek is an annual mean of 0.2 mg/L (Table 3-5, Water Quality Control Plan, Central Coastal Basin).",7402,,,365,Mean,F,,Y
3,CAR3041202019990223102514,Boulder Creek,Boulder Creek,304RRBLD7,State HWY 236 at Big Basin Hwy,Chloride,,,10,mg/L,CO,"The site specific objective for Chloride for Boulder Creek is an annual mean of 10 mg/L (Table 3-5, Water Quality Control Plan, Central Coastal Basin).",7402,,,365,Mean,F,,Y
3,CAR3041202019990223102514,Boulder Creek,Boulder Creek,304RRBLD7,State HWY 236 at Big Basin Hwy,Sodium,,,20,mg/L,CO,"The site specific objective for Sodium for Boulder Creek is an annual mean of 20 mg/L (Table 3-5, Water Quality Control Plan, Central Coastal Basin).",7402,,,365,Mean,F,,Y
3,CAR3041202019990223102514,Boulder Creek,Boulder Creek,304RRBLD7,State HWY 236 at Big Basin Hwy,Sulfate,,,10,mg/L,CO,"The site specific objective for Sulfate for Boulder Creek is an annual mean of 10 mg/L (Table 3-5, Water Quality Control Plan, Central Coastal Basin).",7402,,,365,Mean,F,,Y
3,CAR3041202019990223102514,Boulder Creek,Boulder Creek,304RRBLD7,State HWY 236 at Big Basin Hwy,Total Dissolved Solids,,,150,mg/L,CO,"The site specific objective for Total Dissolved Solids for Boulder Creek is an annual mean of 150 mg/L (Table 3-5, Water Quality Control Plan, Central Coastal Basin).",7402,,,365,Mean,F,,Y
3,CAR3041202019990223102514,Boulder Creek,Boulder Creek,304RRBLD8,State HWY 236 at Jamison Creek Rd,Boron,,,0.2,mg/L,AG,"The site specific objective for Boron for Boulder Creek is an annual mean of 0.2 mg/L (Table 3-5, Water Quality Control Plan, Central Coastal Basin).",7402,,,365,Mean,F,,Y
3,CAR3041202019990223102514,Boulder Creek,Boulder Creek,304RRBLD8,State HWY 236 at Jamison Creek Rd,Chloride,,,10,mg/L,CO,"The site specific objective for Chloride for Boulder Creek is an annual mean of 10 mg/L (Table 3-5, Water Quality Control Plan, Central Coastal Basin).",7402,,,365,Mean,F,,Y
3,CAR3041202019990223102514,Boulder Creek,Boulder Creek,304RRBLD8,State HWY 236 at Jamison Creek Rd,Sodium,,,20,mg/L,CO,"The site specific objective for Sodium for Boulder Creek is an annual mean of 20 mg/L (Table 3-5, Water Quality Control Plan, Central Coastal Basin).",7402,,,365,Mean,F,,Y
3,CAR3041202019990223102514,Boulder Creek,Boulder Creek,304RRBLD8,State HWY 236 at Jamison Creek Rd,Sulfate,,,10,mg/L,CO,"The site specific objective for Sulfate for Boulder Creek is an annual mean of 10 mg/L (Table 3-5, Water Quality Control Plan, Central Coastal Basin).",7402,,,365,Mean,F,,Y
3,CAR3041202019990223102514,Boulder Creek,Boulder Creek,304RRBLD8,State HWY 236 at Jamison Creek Rd,Total Dissolved Solids,,,150,mg/L,CO,"The site specific objective for Total Dissolved Solids for Boulder Creek is an annual mean of 150 mg/L (Table 3-5, Water Quality Control Plan, Central Coastal Basin).",7402,,,365,Mean,F,,Y
3,CAR3041202019990223102514,Boulder Creek,Boulder Creek,304RRBLD9,State HWY 236 at Brook Ln,Boron,,,0.2,mg/L,AG,"The site specific objective for Boron for Boulder Creek is an annual mean of 0.2 mg/L (Table 3-5, Water Quality Control Plan, Central Coastal Basin).",7402,,,365,Mean,F,,Y
3,CAR3041202019990223102514,Boulder Creek,Boulder Creek,304RRBLD9,State HWY 236 at Brook Ln,Chloride,,,10,mg/L,CO,"The site specific objective for Chloride for Boulder Creek is an annual mean of 10 mg/L (Table 3-5, Water Quality Control Plan, Central Coastal Basin).",7402,,,365,Mean,F,,Y
3,CAR3041202019990223102514,Boulder Creek,Boulder Creek,304RRBLD9,State HWY 236 at Brook Ln,Sodium,,,20,mg/L,CO,"The site specific objective for Sodium for Boulder Creek is an annual mean of 20 mg/L (Table 3-5, Water Quality Control Plan, Central Coastal Basin).",7402,,,365,Mean,F,,Y
3,CAR3041202019990223102514,Boulder Creek,Boulder Creek,304RRBLD9,State HWY 236 at Brook Ln,Sulfate,,,10,mg/L,CO,"The site specific objective for Sulfate for Boulder Creek is an annual mean of 10 mg/L (Table 3-5, Water Quality Control Plan, Central Coastal Basin).",7402,,,365,Mean,F,,Y
3,CAR3041202019990223102514,Boulder Creek,Boulder Creek,304RRBLD9,State HWY 236 at Brook Ln,Total Dissolved Solids,,,150,mg/L,CO,"The site specific objective for Total Dissolved Solids for Boulder Creek is an annual mean of 150 mg/L (Table 3-5, Water Quality Control Plan, Central Coastal Basin).",7402,,,365,Mean,F,,Y
3,CAR3041202219980827084709,San Lorenzo River,San Lorenzo River (above Bear Creek),304PS0253,San Lorenzo River ~0.4mi above McGaffigan Rd.,Boron,,,0.2,mg/L,AG,"The site specific objective for Boron for San Lorenzo River is an annual mean of 0.2 mg/L (Table 3-5, Water Quality Control Plan, Central Coastal Basin).",7402,,,365,Mean,F,"smk 8/2026 - this station is above Bear Creek on the San Lorenzo River, so SSOs are appropriate for this station. Pre 2026 comment: Duplicate station-pollutant. SSO only applies to part of this mapped segment.",Y
3,CAR3041202219980827084709,San Lorenzo River,San Lorenzo River (above Bear Creek),304PS0253,San Lorenzo River ~0.4mi above McGaffigan Rd.,Chloride,,,60,mg/L,CO,"The site specific objective for Chloride for San Lorenzo River is an annual mean of 60 mg/L (Table 3-5, Water Quality Control Plan, Central Coastal Basin).",7402,,,365,Mean,F,"smk 8/2026 - this station is above Bear Creek on the San Lorenzo River, so SSOs are appropriate for this station. Pre 2026 comment: Duplicate station-pollutant. SSO only applies to part of this mapped segment.",Y
3,CAR3041202219980827084709,San Lorenzo River,San Lorenzo River (above Bear Creek),304PS0253,San Lorenzo River ~0.4mi above McGaffigan Rd.,Sodium,,,50,mg/L,CO,"The site specific objective for Sodium for San Lorenzo River is an annual mean of 50 mg/L (Table 3-5, Water Quality Control Plan, Central Coastal Basin).",7402,,,365,Mean,F,"smk 8/2026 - this station is above Bear Creek on the San Lorenzo River, so SSOs are appropriate for this station. Pre 2026 comment: Duplicate station-pollutant. SSO only applies to part of this mapped segment.",Y
3,CAR3041202219980827084709,San Lorenzo River,San Lorenzo River (above Bear Creek),304PS0253,San Lorenzo River ~0.4mi above McGaffigan Rd.,Sulfate,,,80,mg/L,CO,"The site specific objective for Sulfate for San Lorenzo River is an annual mean of 80 mg/L (Table 3-5, Water Quality Control Plan, Central Coastal Basin).",7402,,,365,Mean,F,"smk 8/2026 - this station is above Bear Creek on the San Lorenzo River, so SSOs are appropriate for this station. Pre 2026 comment: Duplicate station-pollutant. SSO only applies to part of this mapped segment.",Y
3,CAR3041202219980827084709,San Lorenzo River,San Lorenzo River (above Bear Creek),304PS0253,San Lorenzo River ~0.4mi above McGaffigan Rd.,Total Dissolved Solids,,,400,mg/L,CO,"The site specific objective for Total Dissolved Solids for San Lorenzo River is an annual mean of 400 mg/L (Table 3-5, Water Quality Control Plan, Central Coastal Basin).",7402,,,365,Mean,F,"smk 8/2026 - this station is above Bear Creek on the San Lorenzo River, so SSOs are appropriate for this station. Pre 2026 comment: Duplicate station-pollutant. SSO only applies to part of this mapped segment.",Y
3,CAR3041202219980827084709,San Lorenzo River,San Lorenzo River (at Tait Street Check Dam),304RIV,San Lorenzo River at Crossing Street,Boron,,,0.2,mg/L,AG,"The site specific objective for Boron for San Lorenzo River is an annual mean of 0.2 mg/L (Table 3-5, Water Quality Control Plan, Central Coastal Basin).",7402,,,365,Mean,F,"smk 8/2026 - this site is right at the Tait Street Check Dam, so SSO should apply here.  Pre 2026 comment: Duplicate station-pollutant. SSO only applies to par of this mapped segment.",Y
3,CAR3041202219980827084709,San Lorenzo River,San Lorenzo River (at Tait Street Check Dam),304RIV,San Lorenzo River at Crossing Street,Chloride,,,30,mg/L,CO,"The site specific objective for Chloride for San Lorenzo River is an annual mean of 30 mg/L (Table 3-5, Water Quality Control Plan, Central Coastal Basin).",7402,,,365,Mean,F,"smk 8/2026 - this site is right at the Tait Street Check Dam, so SSO should apply here.  Duplicate station-pollutant. SSO only applies to par of this mapped segment.",Y
3,CAR3041202219980827084709,San Lorenzo River,San Lorenzo River (at Tait Street Check Dam),304RIV,San Lorenzo River at Crossing Street,Sodium,,,25,mg/L,CO,"The site specific objective for Sodium for San Lorenzo River is an annual mean of 25 mg/L (Table 3-5, Water Quality Control Plan, Central Coastal Basin).",7402,,,365,Mean,F,"smk 8/2026 - this site is right at the Tait Street Check Dam, so SSO should apply here.  Duplicate station-pollutant. SSO only applies to par of this mapped segment.",Y
3,CAR3041202219980827084709,San Lorenzo River,San Lorenzo River (at Tait Street Check Dam),304RIV,San Lorenzo River at Crossing Street,Sulfate,,,60,mg/L,CO,"The site specific objective for Sulfate for San Lorenzo River is an annual mean of 60 mg/L (Table 3-5, Water Quality Control Plan, Central Coastal Basin).",7402,,,365,Mean,F,"smk 8/2026 - this site is right at the Tait Street Check Dam, so SSO should apply here.  Duplicate station-pollutant. SSO only applies to par of this mapped segment.",Y
3,CAR3041202219980827084709,San Lorenzo River,San Lorenzo River (at Tait Street Check Dam),304RIV,San Lorenzo River at Crossing Street,Total Dissolved Solids,,,250,mg/L,CO,"The site specific objective for Total Dissolved Solids for San Lorenzo River is an annual mean of 250 mg/L (Table 3-5, Water Quality Control Plan, Central Coastal Basin).",7402,,,365,Mean,F,"smk 8/2026 - this site is right at the Tait Street Check Dam, so SSO should apply here.  Duplicate station-pollutant. SSO only applies to par of this mapped segment.",Y
3,CAR3041202219980827084709,San Lorenzo River,San Lorenzo River (above Bear Creek),304RRSLZ10,Brimblecom Rd,Boron,,,0.2,mg/L,AG,"The site specific objective for Boron for San Lorenzo River is an annual mean of 0.2 mg/L (Table 3-5, Water Quality Control Plan, Central Coastal Basin).",7402,,,365,Mean,F,"smk 8/2026 - this station is above Bear Creek on the San Lorenzo River, so SSOs are appropriate for this station. Pre 2026 comment: Duplicate station-pollutant. SSO only applies to par of this mapped segment.",Y
3,CAR3041202219980827084709,San Lorenzo River,San Lorenzo River (above Bear Creek),304RRSLZ10,Brimblecom Rd,Chloride,,,60,mg/L,CO,"The site specific objective for Chloride for San Lorenzo River is an annual mean of 60 mg/L (Table 3-5, Water Quality Control Plan, Central Coastal Basin).",7402,,,365,Mean,F,"smk 8/2026 - this station is above Bear Creek on the San Lorenzo River, so SSOs are appropriate for this station. Pre 2026 comment: Duplicate station-pollutant. SSO only applies to par of this mapped segment.",Y
3,CAR3041202219980827084709,San Lorenzo River,San Lorenzo River (above Bear Creek),304RRSLZ10,Brimblecom Rd,Sodium,,,50,mg/L,CO,"The site specific objective for Sodium for San Lorenzo River is an annual mean of 50 mg/L (Table 3-5, Water Quality Control Plan, Central Coastal Basin).",7402,,,365,Mean,F,"smk 8/2026 - this station is above Bear Creek on the San Lorenzo River, so SSOs are appropriate for this station. Pre 2026 comment: Duplicate station-pollutant. SSO only applies to par of this mapped segment.",Y
3,CAR3041202219980827084709,San Lorenzo River,San Lorenzo River (above Bear Creek),304RRSLZ10,Brimblecom Rd,Sulfate,,,80,mg/L,CO,"The site specific objective for Sulfate for San Lorenzo River is an annual mean of 80 mg/L (Table 3-5, Water Quality Control Plan, Central Coastal Basin).",7402,,,365,Mean,F,"smk 8/2026 - this station is above Bear Creek on the San Lorenzo River, so SSOs are appropriate for this station. Pre 2026 comment: Duplicate station-pollutant. SSO only applies to par of this mapped segment.",Y
3,CAR3041202219980827084709,San Lorenzo River,San Lorenzo River (above Bear Creek),304RRSLZ10,Brimblecom Rd,Total Dissolved Solids,,,400,mg/L,CO,"The site specific objective for Total Dissolved Solids for San Lorenzo River is an annual mean of 400 mg/L (Table 3-5, Water Quality Control Plan, Central Coastal Basin).",7402,,,365,Mean,F,"smk 8/2026 - this station is above Bear Creek on the San Lorenzo River, so SSOs are appropriate for this station. Pre 2026 comment: Duplicate station-pollutant. SSO only applies to par of this mapped segment.",Y
3,CAR3041202219980827084709,San Lorenzo River,San Lorenzo River (above Bear Creek),304RRSLZ11,State HWY 9at Riverdale,Boron,,,0.2,mg/L,AG,"The site specific objective for Boron for San Lorenzo River is an annual mean of 0.2 mg/L (Table 3-5, Water Quality Control Plan, Central Coastal Basin).",7402,,,365,Mean,F,"smk 8/2026 - this station is above Bear Creek on the San Lorenzo River, so SSOs are appropriate for this station. Pre 2026 comment: Duplicate station-pollutant. SSO only applies to par of this mapped segment.",Y
3,CAR3041202219980827084709,San Lorenzo River,San Lorenzo River (above Bear Creek),304RRSLZ11,State HWY 9at Riverdale,Chloride,,,60,mg/L,CO,"The site specific objective for Chloride for San Lorenzo River is an annual mean of 60 mg/L (Table 3-5, Water Quality Control Plan, Central Coastal Basin).",7402,,,365,Mean,F,"smk 8/2026 - this station is above Bear Creek on the San Lorenzo River, so SSOs are appropriate for this station. Pre 2026 comment: Duplicate station-pollutant. SSO only applies to par of this mapped segment.",Y
3,CAR3041202219980827084709,San Lorenzo River,San Lorenzo River (above Bear Creek),304RRSLZ11,State HWY 9at Riverdale,Sodium,,,50,mg/L,CO,"The site specific objective for Sodium for San Lorenzo River is an annual mean of 50 mg/L (Table 3-5, Water Quality Control Plan, Central Coastal Basin).",7402,,,365,Mean,F,"smk 8/2026 - this station is above Bear Creek on the San Lorenzo River, so SSOs are appropriate for this station. Pre 2026 comment: Duplicate station-pollutant. SSO only applies to par of this mapped segment.",Y
3,CAR3041202219980827084709,San Lorenzo River,San Lorenzo River (above Bear Creek),304RRSLZ11,State HWY 9at Riverdale,Sulfate,,,80,mg/L,CO,"The site specific objective for Sulfate for San Lorenzo River is an annual mean of 80 mg/L (Table 3-5, Water Quality Control Plan, Central Coastal Basin).",7402,,,365,Mean,F,"smk 8/2026 - this station is above Bear Creek on the San Lorenzo River, so SSOs are appropriate for this station. Pre 2026 comment: Duplicate station-pollutant. SSO only applies to par of this mapped segment.",Y
3,CAR3041202219980827084709,San Lorenzo River,San Lorenzo River (above Bear Creek),304RRSLZ11,State HWY 9at Riverdale,Total Dissolved Solids,,,400,mg/L,CO,"The site specific objective for Total Dissolved Solids for San Lorenzo River is an annual mean of 400 mg/L (Table 3-5, Water Quality Control Plan, Central Coastal Basin).",7402,,,365,Mean,F,"smk 8/2026 - this station is above Bear Creek on the San Lorenzo River, so SSOs are appropriate for this station. Pre 2026 comment: Duplicate station-pollutant. SSO only applies to par of this mapped segment.",Y
3,CAR3041202219980827084709,San Lorenzo River,San Lorenzo River (above Bear Creek),304RRSLZ12,San Lorenzo at Elks park,Boron,,,0.2,mg/L,AG,"The site specific objective for Boron for San Lorenzo River is an annual mean of 0.2 mg/L (Table 3-5, Water Quality Control Plan, Central Coastal Basin).",7402,,,365,Mean,F,"smk 8/2026 - this station is above Bear Creek on the San Lorenzo River, so SSOs are appropriate for this station. Pre 2026 comment: Duplicate station-pollutant. SSO only applies to par of this mapped segment.",Y
3,CAR3041202219980827084709,San Lorenzo River,San Lorenzo River (above Bear Creek),304RRSLZ12,San Lorenzo at Elks park,Chloride,,,60,mg/L,CO,"The site specific objective for Chloride for San Lorenzo River is an annual mean of 60 mg/L (Table 3-5, Water Quality Control Plan, Central Coastal Basin).",7402,,,365,Mean,F,"smk 8/2026 - this station is above Bear Creek on the San Lorenzo River, so SSOs are appropriate for this station. Pre 2026 comment: Duplicate station-pollutant. SSO only applies to par of this mapped segment.",Y
3,CAR3041202219980827084709,San Lorenzo River,San Lorenzo River (above Bear Creek),304RRSLZ12,San Lorenzo at Elks park,Sodium,,,50,mg/L,CO,"The site specific objective for Sodium for San Lorenzo River is an annual mean of 50 mg/L (Table 3-5, Water Quality Control Plan, Central Coastal Basin).",7402,,,365,Mean,F,"smk 8/2026 - this station is above Bear Creek on the San Lorenzo River, so SSOs are appropriate for this station. Pre 2026 comment: Duplicate station-pollutant. SSO only applies to par of this mapped segment.",Y
3,CAR3041202219980827084709,San Lorenzo River,San Lorenzo River (above Bear Creek),304RRSLZ12,San Lorenzo at Elks park,Sulfate,,,80,mg/L,CO,"The site specific objective for Sulfate for San Lorenzo River is an annual mean of 80 mg/L (Table 3-5, Water Quality Control Plan, Central Coastal Basin).",7402,,,365,Mean,F,"smk 8/2026 - this station is above Bear Creek on the San Lorenzo River, so SSOs are appropriate for this station. Pre 2026 comment: Duplicate station-pollutant. SSO only applies to par of this mapped segment.",Y
3,CAR3041202219980827084709,San Lorenzo River,San Lorenzo River (above Bear Creek),304RRSLZ12,San Lorenzo at Elks park,Total Dissolved Solids,,,400,mg/L,CO,"The site specific objective for Total Dissolved Solids for San Lorenzo River is an annual mean of 400 mg/L (Table 3-5, Water Quality Control Plan, Central Coastal Basin).",7402,,,365,Mean,F,"smk 8/2026 - this station is above Bear Creek on the San Lorenzo River, so SSOs are appropriate for this station. Pre 2026 comment: Duplicate station-pollutant. SSO only applies to par of this mapped segment.",Y
3,CAR3041202219980827084709,San Lorenzo River,San Lorenzo River (above Bear Creek),304RRSLZ2,State HWY 9 at Lucilles Ct,Boron,,,0.2,mg/L,AG,"The site specific objective for Boron for San Lorenzo River is an annual mean of 0.2 mg/L (Table 3-5, Water Quality Control Plan, Central Coastal Basin).",7402,,,365,Mean,F,"smk 8/2026 - this station is above Bear Creek on the San Lorenzo River, so SSOs are appropriate for this station. Pre 2026 comment: Duplicate station-pollutant. SSO only applies to par of this mapped segment.",Y
3,CAR3041202219980827084709,San Lorenzo River,San Lorenzo River (above Bear Creek),304RRSLZ2,State HWY 9 at Lucilles Ct,Chloride,,,60,mg/L,CO,"The site specific objective for Chloride for San Lorenzo River is an annual mean of 60 mg/L (Table 3-5, Water Quality Control Plan, Central Coastal Basin).",7402,,,365,Mean,F,"smk 8/2026 - this station is above Bear Creek on the San Lorenzo River, so SSOs are appropriate for this station. Pre 2026 comment: Duplicate station-pollutant. SSO only applies to par of this mapped segment.",Y
3,CAR3041202219980827084709,San Lorenzo River,San Lorenzo River (above Bear Creek),304RRSLZ2,State HWY 9 at Lucilles Ct,Sodium,,,50,mg/L,CO,"The site specific objective for Sodium for San Lorenzo River is an annual mean of 50 mg/L (Table 3-5, Water Quality Control Plan, Central Coastal Basin).",7402,,,365,Mean,F,"smk 8/2026 - this station is above Bear Creek on the San Lorenzo River, so SSOs are appropriate for this station. Pre 2026 comment: Duplicate station-pollutant. SSO only applies to par of this mapped segment.",Y
3,CAR3041202219980827084709,San Lorenzo River,San Lorenzo River (above Bear Creek),304RRSLZ2,State HWY 9 at Lucilles Ct,Sulfate,,,80,mg/L,CO,"The site specific objective for Sulfate for San Lorenzo River is an annual mean of 80 mg/L (Table 3-5, Water Quality Control Plan, Central Coastal Basin).",7402,,,365,Mean,F,"smk 8/2026 - this station is above Bear Creek on the San Lorenzo River, so SSOs are appropriate for this station. Pre 2026 comment: Duplicate station-pollutant. SSO only applies to par of this mapped segment.",Y
3,CAR3041202219980827084709,San Lorenzo River,San Lorenzo River (above Bear Creek),304RRSLZ2,State HWY 9 at Lucilles Ct,Total Dissolved Solids,,,400,mg/L,CO,"The site specific objective for Total Dissolved Solids for San Lorenzo River is an annual mean of 400 mg/L (Table 3-5, Water Quality Control Plan, Central Coastal Basin).",7402,,,365,Mean,F,"smk 8/2026 - this station is above Bear Creek on the San Lorenzo River, so SSOs are appropriate for this station. Pre 2026 comment: Duplicate station-pollutant. SSO only applies to par of this mapped segment.",Y
3,CAR3041202219980827084709,San Lorenzo River,San Lorenzo River (above Bear Creek),304RRSLZ3,McGaffigan Mill Rd,Boron,,,0.2,mg/L,AG,"The site specific objective for Boron for San Lorenzo River is an annual mean of 0.2 mg/L (Table 3-5, Water Quality Control Plan, Central Coastal Basin).",7402,,,365,Mean,F,"smk 8/2026 - this station is above Bear Creek on the San Lorenzo River, so SSOs are appropriate for this station. Pre 2026 comment: Duplicate station-pollutant. SSO only applies to par of this mapped segment.",Y
3,CAR3041202219980827084709,San Lorenzo River,San Lorenzo River (above Bear Creek),304RRSLZ3,McGaffigan Mill Rd,Chloride,,,60,mg/L,CO,"The site specific objective for Chloride for San Lorenzo River is an annual mean of 60 mg/L (Table 3-5, Water Quality Control Plan, Central Coastal Basin).",7402,,,365,Mean,F,"smk 8/2026 - this station is above Bear Creek on the San Lorenzo River, so SSOs are appropriate for this station. Pre 2026 comment: Duplicate station-pollutant. SSO only applies to par of this mapped segment.",Y
3,CAR3041202219980827084709,San Lorenzo River,San Lorenzo River (above Bear Creek),304RRSLZ3,McGaffigan Mill Rd,Sodium,,,50,mg/L,CO,"The site specific objective for Sodium for San Lorenzo River is an annual mean of 50 mg/L (Table 3-5, Water Quality Control Plan, Central Coastal Basin).",7402,,,365,Mean,F,"smk 8/2026 - this station is above Bear Creek on the San Lorenzo River, so SSOs are appropriate for this station. Pre 2026 comment: Duplicate station-pollutant. SSO only applies to par of this mapped segment.",Y
3,CAR3041202219980827084709,San Lorenzo River,San Lorenzo River (above Bear Creek),304RRSLZ3,McGaffigan Mill Rd,Sulfate,,,80,mg/L,CO,"The site specific objective for Sulfate for San Lorenzo River is an annual mean of 80 mg/L (Table 3-5, Water Quality Control Plan, Central Coastal Basin).",7402,,,365,Mean,F,"smk 8/2026 - this station is above Bear Creek on the San Lorenzo River, so SSOs are appropriate for this station. Pre 2026 comment: Duplicate station-pollutant. SSO only applies to par of this mapped segment.",Y
3,CAR3041202219980827084709,San Lorenzo River,San Lorenzo River (above Bear Creek),304RRSLZ3,McGaffigan Mill Rd,Total Dissolved Solids,,,400,mg/L,CO,"The site specific objective for Total Dissolved Solids for San Lorenzo River is an annual mean of 400 mg/L (Table 3-5, Water Quality Control Plan, Central Coastal Basin).",7402,,,365,Mean,F,"smk 8/2026 - this station is above Bear Creek on the San Lorenzo River, so SSOs are appropriate for this station. Pre 2026 comment: Duplicate station-pollutant. SSO only applies to par of this mapped segment.",Y
3,CAR3041202219980827084709,San Lorenzo River,San Lorenzo River (above Bear Creek),304RRSLZ4,Fern Dr at San Lorenzo,Boron,,,0.2,mg/L,AG,"The site specific objective for Boron for San Lorenzo River is an annual mean of 0.2 mg/L (Table 3-5, Water Quality Control Plan, Central Coastal Basin).",7402,,,365,Mean,F,"smk 8/2026 - this station is above Bear Creek on the San Lorenzo River, so SSOs are appropriate for this station. Pre 2026 comment: Duplicate station-pollutant. SSO only applies to par of this mapped segment.",Y
3,CAR3041202219980827084709,San Lorenzo River,San Lorenzo River (above Bear Creek),304RRSLZ4,Fern Dr at San Lorenzo,Chloride,,,60,mg/L,CO,"The site specific objective for Chloride for San Lorenzo River is an annual mean of 60 mg/L (Table 3-5, Water Quality Control Plan, Central Coastal Basin).",7402,,,365,Mean,F,"smk 8/2026 - this station is above Bear Creek on the San Lorenzo River, so SSOs are appropriate for this station. Pre 2026 comment: Duplicate station-pollutant. SSO only applies to par of this mapped segment.",Y
3,CAR3041202219980827084709,San Lorenzo River,San Lorenzo River (above Bear Creek),304RRSLZ4,Fern Dr at San Lorenzo,Sodium,,,50,mg/L,CO,"The site specific objective for Sodium for San Lorenzo River is an annual mean of 50 mg/L (Table 3-5, Water Quality Control Plan, Central Coastal Basin).",7402,,,365,Mean,F,"smk 8/2026 - this station is above Bear Creek on the San Lorenzo River, so SSOs are appropriate for this station. Pre 2026 comment: Duplicate station-pollutant. SSO only applies to par of this mapped segment.",Y
3,CAR3041202219980827084709,San Lorenzo River,San Lorenzo River (above Bear Creek),304RRSLZ4,Fern Dr at San Lorenzo,Sulfate,,,80,mg/L,CO,"The site specific objective for Sulfate for San Lorenzo River is an annual mean of 80 mg/L (Table 3-5, Water Quality Control Plan, Central Coastal Basin).",7402,,,365,Mean,F,"smk 8/2026 - this station is above Bear Creek on the San Lorenzo River, so SSOs are appropriate for this station. Pre 2026 comment: Duplicate station-pollutant. SSO only applies to par of this mapped segment.",Y
3,CAR3041202219980827084709,San Lorenzo River,San Lorenzo River (above Bear Creek),304RRSLZ4,Fern Dr at San Lorenzo,Total Dissolved Solids,,,400,mg/L,CO,"The site specific objective for Total Dissolved Solids for San Lorenzo River is an annual mean of 400 mg/L (Table 3-5, Water Quality Control Plan, Central Coastal Basin).",7402,,,365,Mean,F,"smk 8/2026 - this station is above Bear Creek on the San Lorenzo River, so SSOs are appropriate for this station. Pre 2026 comment: Duplicate station-pollutant. SSO only applies to par of this mapped segment.",Y
3,CAR3041202219980827084709,San Lorenzo River,San Lorenzo River (above Bear Creek),304RRSLZ5,Teilh Dr,Boron,,,0.2,mg/L,AG,"The site specific objective for Boron for San Lorenzo River is an annual mean of 0.2 mg/L (Table 3-5, Water Quality Control Plan, Central Coastal Basin).",7402,,,365,Mean,F,"smk 8/2026 - this station is above Bear Creek on the San Lorenzo River, so SSOs are appropriate for this station. Pre 2026 comment: Duplicate station-pollutant. SSO only applies to par of this mapped segment.",Y
3,CAR3041202219980827084709,San Lorenzo River,San Lorenzo River (above Bear Creek),304RRSLZ5,Teilh Dr,Chloride,,,60,mg/L,CO,"The site specific objective for Chloride for San Lorenzo River is an annual mean of 60 mg/L (Table 3-5, Water Quality Control Plan, Central Coastal Basin).",7402,,,365,Mean,F,"smk 8/2026 - this station is above Bear Creek on the San Lorenzo River, so SSOs are appropriate for this station. Pre 2026 comment: Duplicate station-pollutant. SSO only applies to par of this mapped segment.",Y
3,CAR3041202219980827084709,San Lorenzo River,San Lorenzo River (above Bear Creek),304RRSLZ5,Teilh Dr,Sodium,,,50,mg/L,CO,"The site specific objective for Sodium for San Lorenzo River is an annual mean of 50 mg/L (Table 3-5, Water Quality Control Plan, Central Coastal Basin).",7402,,,365,Mean,F,"smk 8/2026 - this station is above Bear Creek on the San Lorenzo River, so SSOs are appropriate for this station. Pre 2026 comment: Duplicate station-pollutant. SSO only applies to par of this mapped segment.",Y
3,CAR3041202219980827084709,San Lorenzo River,San Lorenzo River (above Bear Creek),304RRSLZ5,Teilh Dr,Sulfate,,,80,mg/L,CO,"The site specific objective for Sulfate for San Lorenzo River is an annual mean of 80 mg/L (Table 3-5, Water Quality Control Plan, Central Coastal Basin).",7402,,,365,Mean,F,"smk 8/2026 - this station is above Bear Creek on the San Lorenzo River, so SSOs are appropriate for this station. Pre 2026 comment: Duplicate station-pollutant. SSO only applies to par of this mapped segment.",Y
3,CAR3041202219980827084709,San Lorenzo River,San Lorenzo River (above Bear Creek),304RRSLZ5,Teilh Dr,Total Dissolved Solids,,,400,mg/L,CO,"The site specific objective for Total Dissolved Solids for San Lorenzo River is an annual mean of 400 mg/L (Table 3-5, Water Quality Control Plan, Central Coastal Basin).",7402,,,365,Mean,F,"smk 8/2026 - this station is above Bear Creek on the San Lorenzo River, so SSOs are appropriate for this station. Pre 2026 comment: Duplicate station-pollutant. SSO only applies to par of this mapped segment.",Y
3,CAR3041202219980827084709,San Lorenzo River,San Lorenzo River (above Bear Creek),304RRSLZ7,San Lorenzo River at Shadeland Rd,Boron,,,0.2,mg/L,AG,"The site specific objective for Boron for San Lorenzo River is an annual mean of 0.2 mg/L (Table 3-5, Water Quality Control Plan, Central Coastal Basin).",7402,,,365,Mean,F,"smk 8/2026 - this station is above Bear Creek on the San Lorenzo River, so SSOs are appropriate for this station. Pre 2026 comment: Duplicate station-pollutant. SSO only applies to par of this mapped segment.",Y
3,CAR3041202219980827084709,San Lorenzo River,San Lorenzo River (above Bear Creek),304RRSLZ7,San Lorenzo River at Shadeland Rd,Chloride,,,60,mg/L,CO,"The site specific objective for Chloride for San Lorenzo River is an annual mean of 60 mg/L (Table 3-5, Water Quality Control Plan, Central Coastal Basin).",7402,,,365,Mean,F,"smk 8/2026 - this station is above Bear Creek on the San Lorenzo River, so SSOs are appropriate for this station. Pre 2026 comment: Duplicate station-pollutant. SSO only applies to par of this mapped segment.",Y
3,CAR3041202219980827084709,San Lorenzo River,San Lorenzo River (above Bear Creek),304RRSLZ7,San Lorenzo River at Shadeland Rd,Sodium,,,50,mg/L,CO,"The site specific objective for Sodium for San Lorenzo River is an annual mean of 50 mg/L (Table 3-5, Water Quality Control Plan, Central Coastal Basin).",7402,,,365,Mean,F,"smk 8/2026 - this station is above Bear Creek on the San Lorenzo River, so SSOs are appropriate for this station. Pre 2026 comment: Duplicate station-pollutant. SSO only applies to par of this mapped segment.",Y
3,CAR3041202219980827084709,San Lorenzo River,San Lorenzo River (above Bear Creek),304RRSLZ7,San Lorenzo River at Shadeland Rd,Sulfate,,,80,mg/L,CO,"The site specific objective for Sulfate for San Lorenzo River is an annual mean of 80 mg/L (Table 3-5, Water Quality Control Plan, Central Coastal Basin).",7402,,,365,Mean,F,"smk 8/2026 - this station is above Bear Creek on the San Lorenzo River, so SSOs are appropriate for this station. Pre 2026 comment: Duplicate station-pollutant. SSO only applies to par of this mapped segment.",Y
3,CAR3041202219980827084709,San Lorenzo River,San Lorenzo River (above Bear Creek),304RRSLZ7,San Lorenzo River at Shadeland Rd,Total Dissolved Solids,,,400,mg/L,CO,"The site specific objective for Total Dissolved Solids for San Lorenzo River is an annual mean of 400 mg/L (Table 3-5, Water Quality Control Plan, Central Coastal Basin).",7402,,,365,Mean,F,"smk 8/2026 - this station is above Bear Creek on the San Lorenzo River, so SSOs are appropriate for this station. Pre 2026 comment: Duplicate station-pollutant. SSO only applies to par of this mapped segment.",Y
3,CAR3041202219980827084709,San Lorenzo River,San Lorenzo River (above Bear Creek),304RRSLZ8,San Lorenzo River at Pleasant Way,Boron,,,0.2,mg/L,AG,"The site specific objective for Boron for San Lorenzo River is an annual mean of 0.2 mg/L (Table 3-5, Water Quality Control Plan, Central Coastal Basin).",7402,,,365,Mean,F,"smk 8/2026 - this station is above Bear Creek on the San Lorenzo River, so SSOs are appropriate for this station. Pre 2026 comment: Duplicate station-pollutant. SSO only applies to par of this mapped segment.",Y
3,CAR3041202219980827084709,San Lorenzo River,San Lorenzo River (above Bear Creek),304RRSLZ8,San Lorenzo River at Pleasant Way,Chloride,,,60,mg/L,CO,"The site specific objective for Chloride for San Lorenzo River is an annual mean of 60 mg/L (Table 3-5, Water Quality Control Plan, Central Coastal Basin).",7402,,,365,Mean,F,"smk 8/2026 - this station is above Bear Creek on the San Lorenzo River, so SSOs are appropriate for this station. Pre 2026 comment: Duplicate station-pollutant. SSO only applies to par of this mapped segment.",Y
3,CAR3041202219980827084709,San Lorenzo River,San Lorenzo River (above Bear Creek),304RRSLZ8,San Lorenzo River at Pleasant Way,Sodium,,,50,mg/L,CO,"The site specific objective for Sodium for San Lorenzo River is an annual mean of 50 mg/L (Table 3-5, Water Quality Control Plan, Central Coastal Basin).",7402,,,365,Mean,F,"smk 8/2026 - this station is above Bear Creek on the San Lorenzo River, so SSOs are appropriate for this station. Pre 2026 comment: Duplicate station-pollutant. SSO only applies to par of this mapped segment.",Y
3,CAR3041202219980827084709,San Lorenzo River,San Lorenzo River (above Bear Creek),304RRSLZ8,San Lorenzo River at Pleasant Way,Sulfate,,,80,mg/L,CO,"The site specific objective for Sulfate for San Lorenzo River is an annual mean of 80 mg/L (Table 3-5, Water Quality Control Plan, Central Coastal Basin).",7402,,,365,Mean,F,"smk 8/2026 - this station is above Bear Creek on the San Lorenzo River, so SSOs are appropriate for this station. Pre 2026 comment: Duplicate station-pollutant. SSO only applies to par of this mapped segment.",Y
3,CAR3041202219980827084709,San Lorenzo River,San Lorenzo River (above Bear Creek),304RRSLZ8,San Lorenzo River at Pleasant Way,Total Dissolved Solids,,,400,mg/L,CO,"The site specific objective for Total Dissolved Solids for San Lorenzo River is an annual mean of 400 mg/L (Table 3-5, Water Quality Control Plan, Central Coastal Basin).",7402,,,365,Mean,F,"smk 8/2026 - this station is above Bear Creek on the San Lorenzo River, so SSOs are appropriate for this station. Pre 2026 comment: Duplicate station-pollutant. SSO only applies to par of this mapped segment.",Y
3,CAR3041202219980827084709,San Lorenzo River,San Lorenzo River (above Bear Creek),304RRSLZ9,Spring Creek Rd at San Lorenzo,Boron,,,0.2,mg/L,AG,"The site specific objective for Boron for San Lorenzo River is an annual mean of 0.2 mg/L (Table 3-5, Water Quality Control Plan, Central Coastal Basin).",7402,,,365,Mean,F,"smk 8/2026 - this station is above Bear Creek on the San Lorenzo River, so SSOs are appropriate for this station. Pre 2026 comment: Duplicate station-pollutant. SSO only applies to par of this mapped segment.",Y
3,CAR3041202219980827084709,San Lorenzo River,San Lorenzo River (above Bear Creek),304RRSLZ9,Spring Creek Rd at San Lorenzo,Chloride,,,60,mg/L,CO,"The site specific objective for Chloride for San Lorenzo River is an annual mean of 60 mg/L (Table 3-5, Water Quality Control Plan, Central Coastal Basin).",7402,,,365,Mean,F,"smk 8/2026 - this station is above Bear Creek on the San Lorenzo River, so SSOs are appropriate for this station. Pre 2026 comment: Duplicate station-pollutant. SSO only applies to par of this mapped segment.",Y
3,CAR3041202219980827084709,San Lorenzo River,San Lorenzo River (above Bear Creek),304RRSLZ9,Spring Creek Rd at San Lorenzo,Sodium,,,50,mg/L,CO,"The site specific objective for Sodium for San Lorenzo River is an annual mean of 50 mg/L (Table 3-5, Water Quality Control Plan, Central Coastal Basin).",7402,,,365,Mean,F,"smk 8/2026 - this station is above Bear Creek on the San Lorenzo River, so SSOs are appropriate for this station. Pre 2026 comment: Duplicate station-pollutant. SSO only applies to par of this mapped segment.",Y
3,CAR3041202219980827084709,San Lorenzo River,San Lorenzo River (above Bear Creek),304RRSLZ9,Spring Creek Rd at San Lorenzo,Sulfate,,,80,mg/L,CO,"The site specific objective for Sulfate for San Lorenzo River is an annual mean of 80 mg/L (Table 3-5, Water Quality Control Plan, Central Coastal Basin).",7402,,,365,Mean,F,"smk 8/2026 - this station is above Bear Creek on the San Lorenzo River, so SSOs are appropriate for this station. Pre 2026 comment: Duplicate station-pollutant. SSO only applies to par of this mapped segment.",Y
3,CAR3041202219980827084709,San Lorenzo River,San Lorenzo River (above Bear Creek),304RRSLZ9,Spring Creek Rd at San Lorenzo,Total Dissolved Solids,,,400,mg/L,CO,"The site specific objective for Total Dissolved Solids for San Lorenzo River is an annual mean of 400 mg/L (Table 3-5, Water Quality Control Plan, Central Coastal Basin).",7402,,,365,Mean,F,"smk 8/2026 - this station is above Bear Creek on the San Lorenzo River, so SSOs are appropriate for this station. Pre 2026 comment: Duplicate station-pollutant. SSO only applies to par of this mapped segment.",Y
3,CAR3041202219980827084709,San Lorenzo River,San Lorenzo River (above Bear Creek),304SED072,Upper San Lorenzo River - Upper Cap Camp 72,Boron,,,0.2,mg/L,AG,"The site specific objective for Boron for San Lorenzo River is an annual mean of 0.2 mg/L (Table 3-5, Water Quality Control Plan, Central Coastal Basin).",7402,,,365,Mean,F,"smk 8/2026 - this station is above Bear Creek on the San Lorenzo River, so SSOs are appropriate for this station. Pre 2026 comment: Duplicate station-pollutant. SSO only applies to par of this mapped segment.",Y
3,CAR3041202219980827084709,San Lorenzo River,San Lorenzo River (above Bear Creek),304SED072,Upper San Lorenzo River - Upper Cap Camp 72,Chloride,,,60,mg/L,CO,"The site specific objective for Chloride for San Lorenzo River is an annual mean of 60 mg/L (Table 3-5, Water Quality Control Plan, Central Coastal Basin).",7402,,,365,Mean,F,"smk 8/2026 - this station is above Bear Creek on the San Lorenzo River, so SSOs are appropriate for this station. Pre 2026 comment: Duplicate station-pollutant. SSO only applies to par of this mapped segment.",Y
3,CAR3041202219980827084709,San Lorenzo River,San Lorenzo River (above Bear Creek),304SED072,Upper San Lorenzo River - Upper Cap Camp 72,Sodium,,,50,mg/L,CO,"The site specific objective for Sodium for San Lorenzo River is an annual mean of 50 mg/L (Table 3-5, Water Quality Control Plan, Central Coastal Basin).",7402,,,365,Mean,F,"smk 8/2026 - this station is above Bear Creek on the San Lorenzo River, so SSOs are appropriate for this station. Pre 2026 comment: Duplicate station-pollutant. SSO only applies to par of this mapped segment.",Y
3,CAR3041202219980827084709,San Lorenzo River,San Lorenzo River (above Bear Creek),304SED072,Upper San Lorenzo River - Upper Cap Camp 72,Sulfate,,,80,mg/L,CO,"The site specific objective for Sulfate for San Lorenzo River is an annual mean of 80 mg/L (Table 3-5, Water Quality Control Plan, Central Coastal Basin).",7402,,,365,Mean,F,"smk 8/2026 - this station is above Bear Creek on the San Lorenzo River, so SSOs are appropriate for this station. Pre 2026 comment: Duplicate station-pollutant. SSO only applies to par of this mapped segment.",Y
3,CAR3041202219980827084709,San Lorenzo River,San Lorenzo River (above Bear Creek),304SED072,Upper San Lorenzo River - Upper Cap Camp 72,Total Dissolved Solids,,,400,mg/L,CO,"The site specific objective for Total Dissolved Solids for San Lorenzo River is an annual mean of 400 mg/L (Table 3-5, Water Quality Control Plan, Central Coastal Basin).",7402,,,365,Mean,F,"smk 8/2026 - this station is above Bear Creek on the San Lorenzo River, so SSOs are appropriate for this station. Pre 2026 comment: Duplicate station-pollutant. SSO only applies to par of this mapped segment.",Y
3,CAR3041202219980827084709,San Lorenzo River,San Lorenzo River (above Bear Creek),304SLE,San Lorenzo Upstream Bear Creek,Boron,,,0.2,mg/L,AG,"The site specific objective for Boron for San Lorenzo River is an annual mean of 0.2 mg/L (Table 3-5, Water Quality Control Plan, Central Coastal Basin).",7402,,,365,Mean,F,"smk 8/2026 - confirmed with Mary Hamilton, this station is above Bear Creek on the San Lorenzo River, so SSOs are appropriate for this station. Pre 2026 comment: Duplicate station-pollutant. SSO only applies to par of this mapped segment.",Y
3,CAR3041202219980827084709,San Lorenzo River,San Lorenzo River (above Bear Creek),304SLE,San Lorenzo Upstream Bear Creek,Chloride,,,60,mg/L,CO,"The site specific objective for Chloride for San Lorenzo River is an annual mean of 60 mg/L (Table 3-5, Water Quality Control Plan, Central Coastal Basin).",7402,,,365,Mean,F,"smk 8/2026 - confirmed with Mary Hamilton, this station is above Bear Creek on the San Lorenzo River, so SSOs are appropriate for this station. Pre 2026 comment: Duplicate station-pollutant. SSO only applies to par of this mapped segment.",Y
3,CAR3041202219980827084709,San Lorenzo River,San Lorenzo River (above Bear Creek),304SLE,San Lorenzo Upstream Bear Creek,Sodium,,,50,mg/L,CO,"The site specific objective for Sodium for San Lorenzo River is an annual mean of 50 mg/L (Table 3-5, Water Quality Control Plan, Central Coastal Basin).",7402,,,365,Mean,F,"smk 8/2026 - confirmed with Mary Hamilton, this station is above Bear Creek on the San Lorenzo River, so SSOs are appropriate for this station. Pre 2026 comment: Duplicate station-pollutant. SSO only applies to par of this mapped segment.",Y
3,CAR3041202219980827084709,San Lorenzo River,San Lorenzo River (above Bear Creek),304SLE,San Lorenzo Upstream Bear Creek,Sulfate,,,80,mg/L,CO,"The site specific objective for Sulfate for San Lorenzo River is an annual mean of 80 mg/L (Table 3-5, Water Quality Control Plan, Central Coastal Basin).",7402,,,365,Mean,F,"smk 8/2026 - confirmed with Mary Hamilton, this station is above Bear Creek on the San Lorenzo River, so SSOs are appropriate for this station. Pre 2026 comment: Duplicate station-pollutant. SSO only applies to par of this mapped segment.",Y
3,CAR3041202219980827084709,San Lorenzo River,San Lorenzo River (above Bear Creek),304SLE,San Lorenzo Upstream Bear Creek,Total Dissolved Solids,,,400,mg/L,CO,"The site specific objective for Total Dissolved Solids for San Lorenzo River is an annual mean of 400 mg/L (Table 3-5, Water Quality Control Plan, Central Coastal Basin).",7402,,,365,Mean,F,"smk 8/2026 - confirmed with Mary Hamilton, this station is above Bear Creek on the San Lorenzo River, so SSOs are appropriate for this station. Pre 2026 comment: Duplicate station-pollutant. SSO only applies to par of this mapped segment.",Y
3,CAR3041202219980827084709,San Lorenzo River,San Lorenzo River (above Bear Creek),304SLRBMB,San Lorenzo River above brimblecom,Boron,,,0.2,mg/L,AG,"The site specific objective for Boron for San Lorenzo River is an annual mean of 0.2 mg/L (Table 3-5, Water Quality Control Plan, Central Coastal Basin).",7402,,,365,Mean,F,"smk 8/2026 - this station is above Bear Creek on the San Lorenzo River, so SSOs are appropriate for this station. Pre 2026 comment: Duplicate station-pollutant. SSO only applies to par of this mapped segment.",Y
3,CAR3041202219980827084709,San Lorenzo River,San Lorenzo River (above Bear Creek),304SLRBMB,San Lorenzo River above brimblecom,Chloride,,,60,mg/L,CO,"The site specific objective for Chloride for San Lorenzo River is an annual mean of 60 mg/L (Table 3-5, Water Quality Control Plan, Central Coastal Basin).",7402,,,365,Mean,F,"smk 8/2026 - this station is above Bear Creek on the San Lorenzo River, so SSOs are appropriate for this station. Pre 2026 comment: Duplicate station-pollutant. SSO only applies to par of this mapped segment.",Y
3,CAR3041202219980827084709,San Lorenzo River,San Lorenzo River (above Bear Creek),304SLRBMB,San Lorenzo River above brimblecom,Sodium,,,50,mg/L,CO,"The site specific objective for Sodium for San Lorenzo River is an annual mean of 50 mg/L (Table 3-5, Water Quality Control Plan, Central Coastal Basin).",7402,,,365,Mean,F,"smk 8/2026 - this station is above Bear Creek on the San Lorenzo River, so SSOs are appropriate for this station. Pre 2026 comment: Duplicate station-pollutant. SSO only applies to par of this mapped segment.",Y
3,CAR3041202219980827084709,San Lorenzo River,San Lorenzo River (above Bear Creek),304SLRBMB,San Lorenzo River above brimblecom,Sulfate,,,80,mg/L,CO,"The site specific objective for Sulfate for San Lorenzo River is an annual mean of 80 mg/L (Table 3-5, Water Quality Control Plan, Central Coastal Basin).",7402,,,365,Mean,F,"smk 8/2026 - this station is above Bear Creek on the San Lorenzo River, so SSOs are appropriate for this station. Pre 2026 comment: Duplicate station-pollutant. SSO only applies to par of this mapped segment.",Y
3,CAR3041202219980827084709,San Lorenzo River,San Lorenzo River (above Bear Creek),304SLRBMB,San Lorenzo River above brimblecom,Total Dissolved Solids,,,400,mg/L,CO,"The site specific objective for Total Dissolved Solids for San Lorenzo River is an annual mean of 400 mg/L (Table 3-5, Water Quality Control Plan, Central Coastal Basin).",7402,,,365,Mean,F,"smk 8/2026 - this station is above Bear Creek on the San Lorenzo River, so SSOs are appropriate for this station. Pre 2026 comment: Duplicate station-pollutant. SSO only applies to par of this mapped segment.",Y
3,CAR3041202219980827084709,San Lorenzo River,San Lorenzo River (above Bear Creek),304SLRRCK,San lorenzo River lower Castle Rock SP,Boron,,,0.2,mg/L,AG,"The site specific objective for Boron for San Lorenzo River is an annual mean of 0.2 mg/L (Table 3-5, Water Quality Control Plan, Central Coastal Basin).",7402,,,365,Mean,F,"smk 8/2026 - this station is above Bear Creek on the San Lorenzo River, so SSOs are appropriate for this station. Pre 2026 comment: Duplicate station-pollutant. SSO only applies to par of this mapped segment.",Y
3,CAR3041202219980827084709,San Lorenzo River,San Lorenzo River (above Bear Creek),304SLRRCK,San lorenzo River lower Castle Rock SP,Chloride,,,60,mg/L,CO,"The site specific objective for Chloride for San Lorenzo River is an annual mean of 60 mg/L (Table 3-5, Water Quality Control Plan, Central Coastal Basin).",7402,,,365,Mean,F,"smk 8/2026 - this station is above Bear Creek on the San Lorenzo River, so SSOs are appropriate for this station. Pre 2026 comment: Duplicate station-pollutant. SSO only applies to par of this mapped segment.",Y
3,CAR3041202219980827084709,San Lorenzo River,San Lorenzo River (above Bear Creek),304SLRRCK,San lorenzo River lower Castle Rock SP,Sodium,,,50,mg/L,CO,"The site specific objective for Sodium for San Lorenzo River is an annual mean of 50 mg/L (Table 3-5, Water Quality Control Plan, Central Coastal Basin).",7402,,,365,Mean,F,"smk 8/2026 - this station is above Bear Creek on the San Lorenzo River, so SSOs are appropriate for this station. Pre 2026 comment: Duplicate station-pollutant. SSO only applies to par of this mapped segment.",Y
3,CAR3041202219980827084709,San Lorenzo River,San Lorenzo River (above Bear Creek),304SLRRCK,San lorenzo River lower Castle Rock SP,Sulfate,,,80,mg/L,CO,"The site specific objective for Sulfate for San Lorenzo River is an annual mean of 80 mg/L (Table 3-5, Water Quality Control Plan, Central Coastal Basin).",7402,,,365,Mean,F,"smk 8/2026 - this station is above Bear Creek on the San Lorenzo River, so SSOs are appropriate for this station. Pre 2026 comment: Duplicate station-pollutant. SSO only applies to par of this mapped segment.",Y
3,CAR3041202219980827084709,San Lorenzo River,San Lorenzo River (above Bear Creek),304SLRRCK,San lorenzo River lower Castle Rock SP,Total Dissolved Solids,,,400,mg/L,CO,"The site specific objective for Total Dissolved Solids for San Lorenzo River is an annual mean of 400 mg/L (Table 3-5, Water Quality Control Plan, Central Coastal Basin).",7402,,,365,Mean,F,"smk 8/2026 - this station is above Bear Creek on the San Lorenzo River, so SSOs are appropriate for this station. Pre 2026 comment: Duplicate station-pollutant. SSO only applies to par of this mapped segment.",Y
3,CAR3041202219980827084709,San Lorenzo River,San Lorenzo River (at Tait Street Check Dam),SLR#1,San Lorenzo River at the Tait Street Intake,Boron,,,0.2,mg/L,AG,"The site specific objective for Boron for San Lorenzo River is an annual mean of 0.2 mg/L (Table 3-5, Water Quality Control Plan, Central Coastal Basin).",7402,,,365,Mean,F,"smk 8/2026 - This station is at the Tait Street Check Dam, so SSO applies. Pre 2026 comment - Duplicate station-pollutant. SSO only applies to par of this mapped segment.",Y
3,CAR3041202219980827084709,San Lorenzo River,San Lorenzo River (at Tait Street Check Dam),SLR#1,San Lorenzo River at the Tait Street Intake,Chloride,,,30,mg/L,CO,"The site specific objective for Chloride for San Lorenzo River is an annual mean of 30 mg/L (Table 3-5, Water Quality Control Plan, Central Coastal Basin).",7402,,,365,Mean,F,"smk 8/2026 - This station is at the Tait Street Check Dam, so SSO applies. Pre 2026 comment - Duplicate station-pollutant. SSO only applies to par of this mapped segment.",Y
3,CAR3041202219980827084709,San Lorenzo River,San Lorenzo River (at Tait Street Check Dam),SLR#1,San Lorenzo River at the Tait Street Intake,Sodium,,,25,mg/L,CO,"The site specific objective for Sodium for San Lorenzo River is an annual mean of 25 mg/L (Table 3-5, Water Quality Control Plan, Central Coastal Basin).",7402,,,365,Mean,F,"smk 8/2026 - This station is at the Tait Street Check Dam, so SSO applies. Pre 2026 comment - Duplicate station-pollutant. SSO only applies to par of this mapped segment.",Y
3,CAR3041202219980827084709,San Lorenzo River,San Lorenzo River (at Tait Street Check Dam),SLR#1,San Lorenzo River at the Tait Street Intake,Sulfate,,,60,mg/L,CO,"The site specific objective for Sulfate for San Lorenzo River is an annual mean of 60 mg/L (Table 3-5, Water Quality Control Plan, Central Coastal Basin).",7402,,,365,Mean,F,"smk 8/2026 - This station is at the Tait Street Check Dam, so SSO applies. Pre 2026 comment - Duplicate station-pollutant. SSO only applies to par of this mapped segment.",Y
3,CAR3041202219980827084709,San Lorenzo River,San Lorenzo River (at Tait Street Check Dam),SLR#1,San Lorenzo River at the Tait Street Intake,Total Dissolved Solids,,,250,mg/L,CO,"The site specific objective for Total Dissolved Solids for San Lorenzo River is an annual mean of 250 mg/L (Table 3-5, Water Quality Control Plan, Central Coastal Basin).",7402,,,365,Mean,F,"smk 8/2026 - This station is at the Tait Street Check Dam, so SSO applies. Pre 2026 comment - Duplicate station-pollutant. SSO only applies to par of this mapped segment.",Y
3,CAR3041202219980827084709,San Lorenzo River,San Lorenzo River (at Tait Street Check Dam),SLorRiv2,San Lorenzo River POP,Boron,,,0.2,mg/L,AG,"The site specific objective for Boron for San Lorenzo River is an annual mean of 0.2 mg/L (Table 3-5, Water Quality Control Plan, Central Coastal Basin).",7402,,,365,Mean,F,"smk 8/2026 - This station is at the Tait Street Check Dam, so SSO applies. Pre 2026 comment - Duplicate station-pollutant. SSO only applies to par of this mapped segment.",Y
3,CAR3041202219980827084709,San Lorenzo River,San Lorenzo River (at Tait Street Check Dam),SLorRiv2,San Lorenzo River POP,Chloride,,,30,mg/L,CO,"The site specific objective for Chloride for San Lorenzo River is an annual mean of 30 mg/L (Table 3-5, Water Quality Control Plan, Central Coastal Basin).",7402,,,365,Mean,F,"smk 8/2026 - This station is at the Tait Street Check Dam, so SSO applies. Pre 2026 comment - Duplicate station-pollutant. SSO only applies to par of this mapped segment.",Y
3,CAR3041202219980827084709,San Lorenzo River,San Lorenzo River (at Tait Street Check Dam),SLorRiv2,San Lorenzo River POP,Sodium,,,25,mg/L,CO,"The site specific objective for Sodium for San Lorenzo River is an annual mean of 25 mg/L (Table 3-5, Water Quality Control Plan, Central Coastal Basin).",7402,,,365,Mean,F,"smk 8/2026 - This station is at the Tait Street Check Dam, so SSO applies. Pre 2026 comment - Duplicate station-pollutant. SSO only applies to par of this mapped segment.",Y
3,CAR3041202219980827084709,San Lorenzo River,San Lorenzo River (at Tait Street Check Dam),SLorRiv2,San Lorenzo River POP,Sulfate,,,60,mg/L,CO,"The site specific objective for Sulfate for San Lorenzo River is an annual mean of 60 mg/L (Table 3-5, Water Quality Control Plan, Central Coastal Basin).",7402,,,365,Mean,F,"smk 8/2026 - This station is at the Tait Street Check Dam, so SSO applies. Pre 2026 comment - Duplicate station-pollutant. SSO only applies to par of this mapped segment.",Y
3,CAR3041202219980827084709,San Lorenzo River,San Lorenzo River (at Tait Street Check Dam),SLorRiv2,San Lorenzo River POP,Total Dissolved Solids,,,250,mg/L,CO,"The site specific objective for Total Dissolved Solids for San Lorenzo River is an annual mean of 250 mg/L (Table 3-5, Water Quality Control Plan, Central Coastal Basin).",7402,,,365,Mean,F,"smk 8/2026 - This station is at the Tait Street Check Dam, so SSO applies. Pre 2026 comment - Duplicate station-pollutant. SSO only applies to par of this mapped segment.",Y
3,CAR3041202220020124155410,Zayante Creek,Zayante Creek,304-ZAYAN-21,Zayante Creek at confluence w/ Bean Creek,Boron,,,0.2,mg/L,AG,"The site specific objective for Boron for Zayante Creek is an annual mean of 0.2 mg/L (Table 3-5, Water Quality Control Plan, Central Coastal Basin).",7402,,,365,Mean,F,,Y
3,CAR3041202220020124155410,Zayante Creek,Zayante Creek,304-ZAYAN-21,Zayante Creek at confluence w/ Bean Creek,Chloride,,,50,mg/L,CO,"The site specific objective for Chloride for Zayante Creek is an annual mean of 50 mg/L (Table 3-5, Water Quality Control Plan, Central Coastal Basin).",7402,,,365,Mean,F,,Y
3,CAR3041202220020124155410,Zayante Creek,Zayante Creek,304-ZAYAN-21,Zayante Creek at confluence w/ Bean Creek,Sodium,,,40,mg/L,CO,"The site specific objective for Sodium for Zayante Creek is an annual mean of 40 mg/L (Table 3-5, Water Quality Control Plan, Central Coastal Basin).",7402,,,365,Mean,F,,Y
3,CAR3041202220020124155410,Zayante Creek,Zayante Creek,304-ZAYAN-21,Zayante Creek at confluence w/ Bean Creek,Sulfate,,,100,mg/L,CO,"The site specific objective for Sulfate for Zayante Creek is an annual mean of 100 mg/L (Table 3-5, Water Quality Control Plan, Central Coastal Basin).",7402,,,365,Mean,F,,Y
3,CAR3041202220020124155410,Zayante Creek,Zayante Creek,304-ZAYAN-21,Zayante Creek at confluence w/ Bean Creek,Total Dissolved Solids,,,500,mg/L,CO,"The site specific objective for Total Dissolved Solids for Zayante Creek is an annual mean of 500 mg/L (Table 3-5, Water Quality Control Plan, Central Coastal Basin).",7402,,,365,Mean,F,,Y
3,CAR3041202220020124155410,Zayante Creek,Zayante Creek,304-ZAYAN-22,Zayante Creek at Quail Hollow Road bridge,Boron,,,0.2,mg/L,AG,"The site specific objective for Boron for Zayante Creek is an annual mean of 0.2 mg/L (Table 3-5, Water Quality Control Plan, Central Coastal Basin).",7402,,,365,Mean,F,,Y
3,CAR3041202220020124155410,Zayante Creek,Zayante Creek,304-ZAYAN-22,Zayante Creek at Quail Hollow Road bridge,Chloride,,,50,mg/L,CO,"The site specific objective for Chloride for Zayante Creek is an annual mean of 50 mg/L (Table 3-5, Water Quality Control Plan, Central Coastal Basin).",7402,,,365,Mean,F,,Y
3,CAR3041202220020124155410,Zayante Creek,Zayante Creek,304-ZAYAN-22,Zayante Creek at Quail Hollow Road bridge,Sodium,,,40,mg/L,CO,"The site specific objective for Sodium for Zayante Creek is an annual mean of 40 mg/L (Table 3-5, Water Quality Control Plan, Central Coastal Basin).",7402,,,365,Mean,F,,Y
3,CAR3041202220020124155410,Zayante Creek,Zayante Creek,304-ZAYAN-22,Zayante Creek at Quail Hollow Road bridge,Sulfate,,,100,mg/L,CO,"The site specific objective for Sulfate for Zayante Creek is an annual mean of 100 mg/L (Table 3-5, Water Quality Control Plan, Central Coastal Basin).",7402,,,365,Mean,F,,Y
3,CAR3041202220020124155410,Zayante Creek,Zayante Creek,304-ZAYAN-22,Zayante Creek at Quail Hollow Road bridge,Total Dissolved Solids,,,500,mg/L,CO,"The site specific objective for Total Dissolved Solids for Zayante Creek is an annual mean of 500 mg/L (Table 3-5, Water Quality Control Plan, Central Coastal Basin).",7402,,,365,Mean,F,,Y
3,CAR3041202220020124155410,Zayante Creek,Zayante Creek,304PS0274,Zayante Creek above Grahm Hill Rd,Boron,,,0.2,mg/L,AG,"The site specific objective for Boron for Zayante Creek is an annual mean of 0.2 mg/L (Table 3-5, Water Quality Control Plan, Central Coastal Basin).",7402,,,365,Mean,F,,Y
3,CAR3041202220020124155410,Zayante Creek,Zayante Creek,304PS0274,Zayante Creek above Grahm Hill Rd,Chloride,,,50,mg/L,CO,"The site specific objective for Chloride for Zayante Creek is an annual mean of 50 mg/L (Table 3-5, Water Quality Control Plan, Central Coastal Basin).",7402,,,365,Mean,F,,Y
3,CAR3041202220020124155410,Zayante Creek,Zayante Creek,304PS0274,Zayante Creek above Grahm Hill Rd,Sodium,,,40,mg/L,CO,"The site specific objective for Sodium for Zayante Creek is an annual mean of 40 mg/L (Table 3-5, Water Quality Control Plan, Central Coastal Basin).",7402,,,365,Mean,F,,Y
3,CAR3041202220020124155410,Zayante Creek,Zayante Creek,304PS0274,Zayante Creek above Grahm Hill Rd,Sulfate,,,100,mg/L,CO,"The site specific objective for Sulfate for Zayante Creek is an annual mean of 100 mg/L (Table 3-5, Water Quality Control Plan, Central Coastal Basin).",7402,,,365,Mean,F,,Y
3,CAR3041202220020124155410,Zayante Creek,Zayante Creek,304PS0274,Zayante Creek above Grahm Hill Rd,Total Dissolved Solids,,,500,mg/L,CO,"The site specific objective for Total Dissolved Solids for Zayante Creek is an annual mean of 500 mg/L (Table 3-5, Water Quality Control Plan, Central Coastal Basin).",7402,,,365,Mean,F,,Y
3,CAR3041202220020124155410,Zayante Creek,Zayante Creek,304RRZAY12,Zayante Creek at East Zayante Rd South of Upper Hutchinson Rd,Boron,,,0.2,mg/L,AG,"The site specific objective for Boron for Zayante Creek is an annual mean of 0.2 mg/L (Table 3-5, Water Quality Control Plan, Central Coastal Basin).",7402,,,365,Mean,F,,Y
3,CAR3041202220020124155410,Zayante Creek,Zayante Creek,304RRZAY12,Zayante Creek at East Zayante Rd South of Upper Hutchinson Rd,Chloride,,,50,mg/L,CO,"The site specific objective for Chloride for Zayante Creek is an annual mean of 50 mg/L (Table 3-5, Water Quality Control Plan, Central Coastal Basin).",7402,,,365,Mean,F,,Y
3,CAR3041202220020124155410,Zayante Creek,Zayante Creek,304RRZAY12,Zayante Creek at East Zayante Rd South of Upper Hutchinson Rd,Sodium,,,40,mg/L,CO,"The site specific objective for Sodium for Zayante Creek is an annual mean of 40 mg/L (Table 3-5, Water Quality Control Plan, Central Coastal Basin).",7402,,,365,Mean,F,,Y
3,CAR3041202220020124155410,Zayante Creek,Zayante Creek,304RRZAY12,Zayante Creek at East Zayante Rd South of Upper Hutchinson Rd,Sulfate,,,100,mg/L,CO,"The site specific objective for Sulfate for Zayante Creek is an annual mean of 100 mg/L (Table 3-5, Water Quality Control Plan, Central Coastal Basin).",7402,,,365,Mean,F,,Y
3,CAR3041202220020124155410,Zayante Creek,Zayante Creek,304RRZAY12,Zayante Creek at East Zayante Rd South of Upper Hutchinson Rd,Total Dissolved Solids,,,500,mg/L,CO,"The site specific objective for Total Dissolved Solids for Zayante Creek is an annual mean of 500 mg/L (Table 3-5, Water Quality Control Plan, Central Coastal Basin).",7402,,,365,Mean,F,,Y
3,CAR3041202220020124155410,Zayante Creek,Zayante Creek,304RRZAY13,Zayante Creek at Fern Ridge Rd,Boron,,,0.2,mg/L,AG,"The site specific objective for Boron for Zayante Creek is an annual mean of 0.2 mg/L (Table 3-5, Water Quality Control Plan, Central Coastal Basin).",7402,,,365,Mean,F,,Y
3,CAR3041202220020124155410,Zayante Creek,Zayante Creek,304RRZAY13,Zayante Creek at Fern Ridge Rd,Chloride,,,50,mg/L,CO,"The site specific objective for Chloride for Zayante Creek is an annual mean of 50 mg/L (Table 3-5, Water Quality Control Plan, Central Coastal Basin).",7402,,,365,Mean,F,,Y
3,CAR3041202220020124155410,Zayante Creek,Zayante Creek,304RRZAY13,Zayante Creek at Fern Ridge Rd,Sodium,,,40,mg/L,CO,"The site specific objective for Sodium for Zayante Creek is an annual mean of 40 mg/L (Table 3-5, Water Quality Control Plan, Central Coastal Basin).",7402,,,365,Mean,F,,Y
3,CAR3041202220020124155410,Zayante Creek,Zayante Creek,304RRZAY13,Zayante Creek at Fern Ridge Rd,Sulfate,,,100,mg/L,CO,"The site specific objective for Sulfate for Zayante Creek is an annual mean of 100 mg/L (Table 3-5, Water Quality Control Plan, Central Coastal Basin).",7402,,,365,Mean,F,,Y
3,CAR3041202220020124155410,Zayante Creek,Zayante Creek,304RRZAY13,Zayante Creek at Fern Ridge Rd,Total Dissolved Solids,,,500,mg/L,CO,"The site specific objective for Total Dissolved Solids for Zayante Creek is an annual mean of 500 mg/L (Table 3-5, Water Quality Control Plan, Central Coastal Basin).",7402,,,365,Mean,F,,Y
3,CAR3041202220020124155410,Zayante Creek,Zayante Creek,304RRZAY14,Zayante Creek at East Zayante Rd North East of East Creek Rd,Boron,,,0.2,mg/L,AG,"The site specific objective for Boron for Zayante Creek is an annual mean of 0.2 mg/L (Table 3-5, Water Quality Control Plan, Central Coastal Basin).",7402,,,365,Mean,F,,Y
3,CAR3041202220020124155410,Zayante Creek,Zayante Creek,304RRZAY14,Zayante Creek at East Zayante Rd North East of East Creek Rd,Chloride,,,50,mg/L,CO,"The site specific objective for Chloride for Zayante Creek is an annual mean of 50 mg/L (Table 3-5, Water Quality Control Plan, Central Coastal Basin).",7402,,,365,Mean,F,,Y
3,CAR3041202220020124155410,Zayante Creek,Zayante Creek,304RRZAY14,Zayante Creek at East Zayante Rd North East of East Creek Rd,Sodium,,,40,mg/L,CO,"The site specific objective for Sodium for Zayante Creek is an annual mean of 40 mg/L (Table 3-5, Water Quality Control Plan, Central Coastal Basin).",7402,,,365,Mean,F,,Y
3,CAR3041202220020124155410,Zayante Creek,Zayante Creek,304RRZAY14,Zayante Creek at East Zayante Rd North East of East Creek Rd,Sulfate,,,100,mg/L,CO,"The site specific objective for Sulfate for Zayante Creek is an annual mean of 100 mg/L (Table 3-5, Water Quality Control Plan, Central Coastal Basin).",7402,,,365,Mean,F,,Y
3,CAR3041202220020124155410,Zayante Creek,Zayante Creek,304RRZAY14,Zayante Creek at East Zayante Rd North East of East Creek Rd,Total Dissolved Solids,,,500,mg/L,CO,"The site specific objective for Total Dissolved Solids for Zayante Creek is an annual mean of 500 mg/L (Table 3-5, Water Quality Control Plan, Central Coastal Basin).",7402,,,365,Mean,F,,Y
3,CAR3041202220020124155410,Zayante Creek,Zayante Creek,304RRZAY16,Zayante Creek at East Zayante Rd North of Sylvan Way,Boron,,,0.2,mg/L,AG,"The site specific objective for Boron for Zayante Creek is an annual mean of 0.2 mg/L (Table 3-5, Water Quality Control Plan, Central Coastal Basin).",7402,,,365,Mean,F,,Y
3,CAR3041202220020124155410,Zayante Creek,Zayante Creek,304RRZAY16,Zayante Creek at East Zayante Rd North of Sylvan Way,Chloride,,,50,mg/L,CO,"The site specific objective for Chloride for Zayante Creek is an annual mean of 50 mg/L (Table 3-5, Water Quality Control Plan, Central Coastal Basin).",7402,,,365,Mean,F,,Y
3,CAR3041202220020124155410,Zayante Creek,Zayante Creek,304RRZAY16,Zayante Creek at East Zayante Rd North of Sylvan Way,Sodium,,,40,mg/L,CO,"The site specific objective for Sodium for Zayante Creek is an annual mean of 40 mg/L (Table 3-5, Water Quality Control Plan, Central Coastal Basin).",7402,,,365,Mean,F,,Y
3,CAR3041202220020124155410,Zayante Creek,Zayante Creek,304RRZAY16,Zayante Creek at East Zayante Rd North of Sylvan Way,Sulfate,,,100,mg/L,CO,"The site specific objective for Sulfate for Zayante Creek is an annual mean of 100 mg/L (Table 3-5, Water Quality Control Plan, Central Coastal Basin).",7402,,,365,Mean,F,,Y
3,CAR3041202220020124155410,Zayante Creek,Zayante Creek,304RRZAY16,Zayante Creek at East Zayante Rd North of Sylvan Way,Total Dissolved Solids,,,500,mg/L,CO,"The site specific objective for Total Dissolved Solids for Zayante Creek is an annual mean of 500 mg/L (Table 3-5, Water Quality Control Plan, Central Coastal Basin).",7402,,,365,Mean,F,,Y
3,CAR3041202220020124155410,Zayante Creek,Zayante Creek,304RRZAY17,Zayante Creek at Quail Hollow Rd,Boron,,,0.2,mg/L,AG,"The site specific objective for Boron for Zayante Creek is an annual mean of 0.2 mg/L (Table 3-5, Water Quality Control Plan, Central Coastal Basin).",7402,,,365,Mean,F,,Y
3,CAR3041202220020124155410,Zayante Creek,Zayante Creek,304RRZAY17,Zayante Creek at Quail Hollow Rd,Chloride,,,50,mg/L,CO,"The site specific objective for Chloride for Zayante Creek is an annual mean of 50 mg/L (Table 3-5, Water Quality Control Plan, Central Coastal Basin).",7402,,,365,Mean,F,,Y
3,CAR3041202220020124155410,Zayante Creek,Zayante Creek,304RRZAY17,Zayante Creek at Quail Hollow Rd,Sodium,,,40,mg/L,CO,"The site specific objective for Sodium for Zayante Creek is an annual mean of 40 mg/L (Table 3-5, Water Quality Control Plan, Central Coastal Basin).",7402,,,365,Mean,F,,Y
3,CAR3041202220020124155410,Zayante Creek,Zayante Creek,304RRZAY17,Zayante Creek at Quail Hollow Rd,Sulfate,,,100,mg/L,CO,"The site specific objective for Sulfate for Zayante Creek is an annual mean of 100 mg/L (Table 3-5, Water Quality Control Plan, Central Coastal Basin).",7402,,,365,Mean,F,,Y
3,CAR3041202220020124155410,Zayante Creek,Zayante Creek,304RRZAY17,Zayante Creek at Quail Hollow Rd,Total Dissolved Solids,,,500,mg/L,CO,"The site specific objective for Total Dissolved Solids for Zayante Creek is an annual mean of 500 mg/L (Table 3-5, Water Quality Control Plan, Central Coastal Basin).",7402,,,365,Mean,F,,Y
3,CAR3041202220020124155410,Zayante Creek,Zayante Creek,304RRZAY18,Zayante Creek at East Zayante Rd North East of West Zayante Rd,Boron,,,0.2,mg/L,AG,"The site specific objective for Boron for Zayante Creek is an annual mean of 0.2 mg/L (Table 3-5, Water Quality Control Plan, Central Coastal Basin).",7402,,,365,Mean,F,,Y
3,CAR3041202220020124155410,Zayante Creek,Zayante Creek,304RRZAY18,Zayante Creek at East Zayante Rd North East of West Zayante Rd,Chloride,,,50,mg/L,CO,"The site specific objective for Chloride for Zayante Creek is an annual mean of 50 mg/L (Table 3-5, Water Quality Control Plan, Central Coastal Basin).",7402,,,365,Mean,F,,Y
3,CAR3041202220020124155410,Zayante Creek,Zayante Creek,304RRZAY18,Zayante Creek at East Zayante Rd North East of West Zayante Rd,Sodium,,,40,mg/L,CO,"The site specific objective for Sodium for Zayante Creek is an annual mean of 40 mg/L (Table 3-5, Water Quality Control Plan, Central Coastal Basin).",7402,,,365,Mean,F,,Y
3,CAR3041202220020124155410,Zayante Creek,Zayante Creek,304RRZAY18,Zayante Creek at East Zayante Rd North East of West Zayante Rd,Sulfate,,,100,mg/L,CO,"The site specific objective for Sulfate for Zayante Creek is an annual mean of 100 mg/L (Table 3-5, Water Quality Control Plan, Central Coastal Basin).",7402,,,365,Mean,F,,Y
3,CAR3041202220020124155410,Zayante Creek,Zayante Creek,304RRZAY18,Zayante Creek at East Zayante Rd North East of West Zayante Rd,Total Dissolved Solids,,,500,mg/L,CO,"The site specific objective for Total Dissolved Solids for Zayante Creek is an annual mean of 500 mg/L (Table 3-5, Water Quality Control Plan, Central Coastal Basin).",7402,,,365,Mean,F,,Y
3,CAR3041202220020124155410,Zayante Creek,Zayante Creek,304RRZAY21,Zayante Creek at Western States Rd,Boron,,,0.2,mg/L,AG,"The site specific objective for Boron for Zayante Creek is an annual mean of 0.2 mg/L (Table 3-5, Water Quality Control Plan, Central Coastal Basin).",7402,,,365,Mean,F,,Y
3,CAR3041202220020124155410,Zayante Creek,Zayante Creek,304RRZAY21,Zayante Creek at Western States Rd,Chloride,,,50,mg/L,CO,"The site specific objective for Chloride for Zayante Creek is an annual mean of 50 mg/L (Table 3-5, Water Quality Control Plan, Central Coastal Basin).",7402,,,365,Mean,F,,Y
3,CAR3041202220020124155410,Zayante Creek,Zayante Creek,304RRZAY21,Zayante Creek at Western States Rd,Sodium,,,40,mg/L,CO,"The site specific objective for Sodium for Zayante Creek is an annual mean of 40 mg/L (Table 3-5, Water Quality Control Plan, Central Coastal Basin).",7402,,,365,Mean,F,,Y
3,CAR3041202220020124155410,Zayante Creek,Zayante Creek,304RRZAY21,Zayante Creek at Western States Rd,Sulfate,,,100,mg/L,CO,"The site specific objective for Sulfate for Zayante Creek is an annual mean of 100 mg/L (Table 3-5, Water Quality Control Plan, Central Coastal Basin).",7402,,,365,Mean,F,,Y
3,CAR3041202220020124155410,Zayante Creek,Zayante Creek,304RRZAY21,Zayante Creek at Western States Rd,Total Dissolved Solids,,,500,mg/L,CO,"The site specific objective for Total Dissolved Solids for Zayante Creek is an annual mean of 500 mg/L (Table 3-5, Water Quality Control Plan, Central Coastal Basin).",7402,,,365,Mean,F,,Y
3,CAR3041202220020124155410,Zayante Creek,Zayante Creek,304RRZAY22,Zayante Creek at E Creek Rd,Boron,,,0.2,mg/L,AG,"The site specific objective for Boron for Zayante Creek is an annual mean of 0.2 mg/L (Table 3-5, Water Quality Control Plan, Central Coastal Basin).",7402,,,365,Mean,F,,Y
3,CAR3041202220020124155410,Zayante Creek,Zayante Creek,304RRZAY22,Zayante Creek at E Creek Rd,Chloride,,,50,mg/L,CO,"The site specific objective for Chloride for Zayante Creek is an annual mean of 50 mg/L (Table 3-5, Water Quality Control Plan, Central Coastal Basin).",7402,,,365,Mean,F,,Y
3,CAR3041202220020124155410,Zayante Creek,Zayante Creek,304RRZAY22,Zayante Creek at E Creek Rd,Sodium,,,40,mg/L,CO,"The site specific objective for Sodium for Zayante Creek is an annual mean of 40 mg/L (Table 3-5, Water Quality Control Plan, Central Coastal Basin).",7402,,,365,Mean,F,,Y
3,CAR3041202220020124155410,Zayante Creek,Zayante Creek,304RRZAY22,Zayante Creek at E Creek Rd,Sulfate,,,100,mg/L,CO,"The site specific objective for Sulfate for Zayante Creek is an annual mean of 100 mg/L (Table 3-5, Water Quality Control Plan, Central Coastal Basin).",7402,,,365,Mean,F,,Y
3,CAR3041202220020124155410,Zayante Creek,Zayante Creek,304RRZAY22,Zayante Creek at E Creek Rd,Total Dissolved Solids,,,500,mg/L,CO,"The site specific objective for Total Dissolved Solids for Zayante Creek is an annual mean of 500 mg/L (Table 3-5, Water Quality Control Plan, Central Coastal Basin).",7402,,,365,Mean,F,,Y
3,CAR3041202220020124155410,Zayante Creek,Zayante Creek,304RRZAY7,Bean Creek atGraham Hill,Boron,,,0.2,mg/L,AG,"The site specific objective for Boron for Zayante Creek is an annual mean of 0.2 mg/L (Table 3-5, Water Quality Control Plan, Central Coastal Basin).",7402,,,365,Mean,F,,Y
3,CAR3041202220020124155410,Zayante Creek,Zayante Creek,304RRZAY7,Bean Creek atGraham Hill,Chloride,,,50,mg/L,CO,"The site specific objective for Chloride for Zayante Creek is an annual mean of 50 mg/L (Table 3-5, Water Quality Control Plan, Central Coastal Basin).",7402,,,365,Mean,F,,Y
3,CAR3041202220020124155410,Zayante Creek,Zayante Creek,304RRZAY7,Bean Creek atGraham Hill,Sodium,,,40,mg/L,CO,"The site specific objective for Sodium for Zayante Creek is an annual mean of 40 mg/L (Table 3-5, Water Quality Control Plan, Central Coastal Basin).",7402,,,365,Mean,F,,Y
3,CAR3041202220020124155410,Zayante Creek,Zayante Creek,304RRZAY7,Bean Creek atGraham Hill,Sulfate,,,100,mg/L,CO,"The site specific objective for Sulfate for Zayante Creek is an annual mean of 100 mg/L (Table 3-5, Water Quality Control Plan, Central Coastal Basin).",7402,,,365,Mean,F,,Y
3,CAR3041202220020124155410,Zayante Creek,Zayante Creek,304RRZAY7,Bean Creek atGraham Hill,Total Dissolved Solids,,,500,mg/L,CO,"The site specific objective for Total Dissolved Solids for Zayante Creek is an annual mean of 500 mg/L (Table 3-5, Water Quality Control Plan, Central Coastal Basin).",7402,,,365,Mean,F,,Y
3,CAR3041202220020124155410,Zayante Creek,Zayante Creek,304SED074,Zayante Creek - Above Grahm Hill bridge 74,Boron,,,0.2,mg/L,AG,"The site specific objective for Boron for Zayante Creek is an annual mean of 0.2 mg/L (Table 3-5, Water Quality Control Plan, Central Coastal Basin).",7402,,,365,Mean,F,,Y
3,CAR3041202220020124155410,Zayante Creek,Zayante Creek,304SED074,Zayante Creek - Above Grahm Hill bridge 74,Chloride,,,50,mg/L,CO,"The site specific objective for Chloride for Zayante Creek is an annual mean of 50 mg/L (Table 3-5, Water Quality Control Plan, Central Coastal Basin).",7402,,,365,Mean,F,,Y
3,CAR3041202220020124155410,Zayante Creek,Zayante Creek,304SED074,Zayante Creek - Above Grahm Hill bridge 74,Sodium,,,40,mg/L,CO,"The site specific objective for Sodium for Zayante Creek is an annual mean of 40 mg/L (Table 3-5, Water Quality Control Plan, Central Coastal Basin).",7402,,,365,Mean,F,,Y
3,CAR3041202220020124155410,Zayante Creek,Zayante Creek,304SED074,Zayante Creek - Above Grahm Hill bridge 74,Sulfate,,,100,mg/L,CO,"The site specific objective for Sulfate for Zayante Creek is an annual mean of 100 mg/L (Table 3-5, Water Quality Control Plan, Central Coastal Basin).",7402,,,365,Mean,F,,Y
3,CAR3041202220020124155410,Zayante Creek,Zayante Creek,304SED074,Zayante Creek - Above Grahm Hill bridge 74,Total Dissolved Solids,,,500,mg/L,CO,"The site specific objective for Total Dissolved Solids for Zayante Creek is an annual mean of 500 mg/L (Table 3-5, Water Quality Control Plan, Central Coastal Basin).",7402,,,365,Mean,F,,Y
3,CAR3041202220020124155410,Zayante Creek,Zayante Creek,304ST1533,San Lorenzo River/Zayante Creek-304ST1533,Boron,,,0.2,mg/L,AG,"The site specific objective for Boron for Zayante Creek is an annual mean of 0.2 mg/L (Table 3-5, Water Quality Control Plan, Central Coastal Basin).",7402,,,365,Mean,F,,Y
3,CAR3041202220020124155410,Zayante Creek,Zayante Creek,304ST1533,San Lorenzo River/Zayante Creek-304ST1533,Chloride,,,50,mg/L,CO,"The site specific objective for Chloride for Zayante Creek is an annual mean of 50 mg/L (Table 3-5, Water Quality Control Plan, Central Coastal Basin).",7402,,,365,Mean,F,,Y
3,CAR3041202220020124155410,Zayante Creek,Zayante Creek,304ST1533,San Lorenzo River/Zayante Creek-304ST1533,Sodium,,,40,mg/L,CO,"The site specific objective for Sodium for Zayante Creek is an annual mean of 40 mg/L (Table 3-5, Water Quality Control Plan, Central Coastal Basin).",7402,,,365,Mean,F,,Y
3,CAR3041202220020124155410,Zayante Creek,Zayante Creek,304ST1533,San Lorenzo River/Zayante Creek-304ST1533,Sulfate,,,100,mg/L,CO,"The site specific objective for Sulfate for Zayante Creek is an annual mean of 100 mg/L (Table 3-5, Water Quality Control Plan, Central Coastal Basin).",7402,,,365,Mean,F,,Y
3,CAR3041202220020124155410,Zayante Creek,Zayante Creek,304ST1533,San Lorenzo River/Zayante Creek-304ST1533,Total Dissolved Solids,,,500,mg/L,CO,"The site specific objective for Total Dissolved Solids for Zayante Creek is an annual mean of 500 mg/L (Table 3-5, Water Quality Control Plan, Central Coastal Basin).",7402,,,365,Mean,F,,Y
3,CAR3041202220020124155410,Zayante Creek,Zayante Creek,304ZAY,Zayante Creek at Graham Hill Road,Boron,,,0.2,mg/L,AG,"The site specific objective for Boron for Zayante Creek is an annual mean of 0.2 mg/L (Table 3-5, Water Quality Control Plan, Central Coastal Basin).",7402,,,365,Mean,F,,Y
3,CAR3041202220020124155410,Zayante Creek,Zayante Creek,304ZAY,Zayante Creek at Graham Hill Road,Chloride,,,50,mg/L,CO,"The site specific objective for Chloride for Zayante Creek is an annual mean of 50 mg/L (Table 3-5, Water Quality Control Plan, Central Coastal Basin).",7402,,,365,Mean,F,,Y
3,CAR3041202220020124155410,Zayante Creek,Zayante Creek,304ZAY,Zayante Creek at Graham Hill Road,Sodium,,,40,mg/L,CO,"The site specific objective for Sodium for Zayante Creek is an annual mean of 40 mg/L (Table 3-5, Water Quality Control Plan, Central Coastal Basin).",7402,,,365,Mean,F,,Y
3,CAR3041202220020124155410,Zayante Creek,Zayante Creek,304ZAY,Zayante Creek at Graham Hill Road,Sulfate,,,100,mg/L,CO,"The site specific objective for Sulfate for Zayante Creek is an annual mean of 100 mg/L (Table 3-5, Water Quality Control Plan, Central Coastal Basin).",7402,,,365,Mean,F,,Y
3,CAR3041202220020124155410,Zayante Creek,Zayante Creek,304ZAY,Zayante Creek at Graham Hill Road,Total Dissolved Solids,,,500,mg/L,CO,"The site specific objective for Total Dissolved Solids for Zayante Creek is an annual mean of 500 mg/L (Table 3-5, Water Quality Control Plan, Central Coastal Basin).",7402,,,365,Mean,F,,Y
3,CAR3041202220020124155410,Zayante Creek,Zayante Creek,304ZAYRRB,Zayante Creek above RR bridge,Boron,,,0.2,mg/L,AG,"The site specific objective for Boron for Zayante Creek is an annual mean of 0.2 mg/L (Table 3-5, Water Quality Control Plan, Central Coastal Basin).",7402,,,365,Mean,F,,Y
3,CAR3041202220020124155410,Zayante Creek,Zayante Creek,304ZAYRRB,Zayante Creek above RR bridge,Chloride,,,50,mg/L,CO,"The site specific objective for Chloride for Zayante Creek is an annual mean of 50 mg/L (Table 3-5, Water Quality Control Plan, Central Coastal Basin).",7402,,,365,Mean,F,,Y
3,CAR3041202220020124155410,Zayante Creek,Zayante Creek,304ZAYRRB,Zayante Creek above RR bridge,Sodium,,,40,mg/L,CO,"The site specific objective for Sodium for Zayante Creek is an annual mean of 40 mg/L (Table 3-5, Water Quality Control Plan, Central Coastal Basin).",7402,,,365,Mean,F,,Y
3,CAR3041202220020124155410,Zayante Creek,Zayante Creek,304ZAYRRB,Zayante Creek above RR bridge,Sulfate,,,100,mg/L,CO,"The site specific objective for Sulfate for Zayante Creek is an annual mean of 100 mg/L (Table 3-5, Water Quality Control Plan, Central Coastal Basin).",7402,,,365,Mean,F,,Y
3,CAR3041202220020124155410,Zayante Creek,Zayante Creek,304ZAYRRB,Zayante Creek above RR bridge,Total Dissolved Solids,,,500,mg/L,CO,"The site specific objective for Total Dissolved Solids for Zayante Creek is an annual mean of 500 mg/L (Table 3-5, Water Quality Control Plan, Central Coastal Basin).",7402,,,365,Mean,F,,Y
3,CAR3041202220020124155410,Zayante Creek,Zayante Creek,304ZYT001,Zayante Creek above Lompico Creek,Boron,,,0.2,mg/L,AG,"The site specific objective for Boron for Zayante Creek is an annual mean of 0.2 mg/L (Table 3-5, Water Quality Control Plan, Central Coastal Basin).",7402,,,365,Mean,F,,Y
3,CAR3041202220020124155410,Zayante Creek,Zayante Creek,304ZYT001,Zayante Creek above Lompico Creek,Chloride,,,50,mg/L,CO,"The site specific objective for Chloride for Zayante Creek is an annual mean of 50 mg/L (Table 3-5, Water Quality Control Plan, Central Coastal Basin).",7402,,,365,Mean,F,,Y
3,CAR3041202220020124155410,Zayante Creek,Zayante Creek,304ZYT001,Zayante Creek above Lompico Creek,Sodium,,,40,mg/L,CO,"The site specific objective for Sodium for Zayante Creek is an annual mean of 40 mg/L (Table 3-5, Water Quality Control Plan, Central Coastal Basin).",7402,,,365,Mean,F,,Y
3,CAR3041202220020124155410,Zayante Creek,Zayante Creek,304ZYT001,Zayante Creek above Lompico Creek,Sulfate,,,100,mg/L,CO,"The site specific objective for Sulfate for Zayante Creek is an annual mean of 100 mg/L (Table 3-5, Water Quality Control Plan, Central Coastal Basin).",7402,,,365,Mean,F,,Y
3,CAR3041202220020124155410,Zayante Creek,Zayante Creek,304ZYT001,Zayante Creek above Lompico Creek,Total Dissolved Solids,,,500,mg/L,CO,"The site specific objective for Total Dissolved Solids for Zayante Creek is an annual mean of 500 mg/L (Table 3-5, Water Quality Control Plan, Central Coastal Basin).",7402,,,365,Mean,F,,Y
3,CAR3041202220020124155410,Zayante Creek,Zayante Creek,304ZYT005,Zayante Creek upstream of Bean Creek,Boron,,,0.2,mg/L,AG,"The site specific objective for Boron for Zayante Creek is an annual mean of 0.2 mg/L (Table 3-5, Water Quality Control Plan, Central Coastal Basin).",7402,,,365,Mean,F,,Y
3,CAR3041202220020124155410,Zayante Creek,Zayante Creek,304ZYT005,Zayante Creek upstream of Bean Creek,Chloride,,,50,mg/L,CO,"The site specific objective for Chloride for Zayante Creek is an annual mean of 50 mg/L (Table 3-5, Water Quality Control Plan, Central Coastal Basin).",7402,,,365,Mean,F,,Y
3,CAR3041202220020124155410,Zayante Creek,Zayante Creek,304ZYT005,Zayante Creek upstream of Bean Creek,Sodium,,,40,mg/L,CO,"The site specific objective for Sodium for Zayante Creek is an annual mean of 40 mg/L (Table 3-5, Water Quality Control Plan, Central Coastal Basin).",7402,,,365,Mean,F,,Y
3,CAR3041202220020124155410,Zayante Creek,Zayante Creek,304ZYT005,Zayante Creek upstream of Bean Creek,Sulfate,,,100,mg/L,CO,"The site specific objective for Sulfate for Zayante Creek is an annual mean of 100 mg/L (Table 3-5, Water Quality Control Plan, Central Coastal Basin).",7402,,,365,Mean,F,,Y
3,CAR3041202220020124155410,Zayante Creek,Zayante Creek,304ZYT005,Zayante Creek upstream of Bean Creek,Total Dissolved Solids,,,500,mg/L,CO,"The site specific objective for Total Dissolved Solids for Zayante Creek is an annual mean of 500 mg/L (Table 3-5, Water Quality Control Plan, Central Coastal Basin).",7402,,,365,Mean,F,,Y
3,CAR3051003019980826115152,Pajaro River,Pajaro River at Chittenden,305CHI,Pajaro River at Chittenden Gap,Boron,,,1,mg/L,AG,"The site specific objective for Boron for Pajaro River is an annual mean of 1 mg/L (Table 3-5, Water Quality Control Plan, Central Coastal Basin).",7402,,,365,Mean,F,"smk 8/2026 - this site is at Chittenden, so SSO should apply. Pre 2026 comment: SSO applies to only those sites on the mapped segment above chittenden. How do we break up the assessment in the LOEs - by hand? Applies to stations305CHI, 305PAJ, and 305FRA",Y
3,CAR3051003019980826115152,Pajaro River,Pajaro River at Chittenden,305CHI,Pajaro River at Chittenden Gap,Chloride,,,250,mg/L,WA,"The site specific objective for Chloride for Pajaro River is an annual mean of 250 mg/L (Table 3-5, Water Quality Control Plan, Central Coastal Basin).",7402,,,365,Mean,F,"smk 8/2026 - this site is at Chittenden, so SSO should apply. Pre 2026 comment: SSO applies to only those sites on the mapped segment above chittenden. How do we break up the assessment in the LOEs - by hand? Applies to stations305CHI, 305PAJ, and 305FRA",Y
3,CAR3051003019980826115152,Pajaro River,Pajaro River at Chittenden,305CHI,Pajaro River at Chittenden Gap,Sodium,,,200,mg/L,WA,"The site specific objective for Sodium for Pajaro River is an annual mean of 200 mg/L (Table 3-5, Water Quality Control Plan, Central Coastal Basin).",7402,,,365,Mean,F,"smk 8/2026 - this site is at Chittenden, so SSO should apply. Pre 2026 comment: SSO applies to only those sites on the mapped segment above chittenden. How do we break up the assessment in the LOEs - by hand? Applies to stations305CHI, 305PAJ, and 305FRA",Y
3,CAR3051003019980826115152,Pajaro River,Pajaro River at Chittenden,305CHI,Pajaro River at Chittenden Gap,Sulfate,,,250,mg/L,WA,"The site specific objective for Sulfate for Pajaro River is an annual mean of 250 mg/L (Table 3-5, Water Quality Control Plan, Central Coastal Basin).",7402,,,365,Mean,F,"smk 8/2026 - this site is at Chittenden, so SSO should apply. Pre 2026 comment: SSO applies to only those sites on the mapped segment above chittenden. How do we break up the assessment in the LOEs - by hand? Applies to stations305CHI, 305PAJ, and 305FRA",Y
3,CAR3051003019980826115152,Pajaro River,Pajaro River at Chittenden,305CHI,Pajaro River at Chittenden Gap,Total Dissolved Solids,,,1000,mg/L,WA,"The site specific objective for Total Dissolved Solids for Pajaro River is an annual mean of 1000 mg/L (Table 3-5, Water Quality Control Plan, Central Coastal Basin).",7402,,,365,Mean,F,"smk 8/2026 - this site is at Chittenden, so SSO should apply. Pre 2026 comment: SSO applies to only those sites on the mapped segment above chittenden. How do we break up the assessment in the LOEs - by hand? Applies to stations305CHI, 305PAJ, and 305FRA",Y
3,CAR3051003019980826115152,Pajaro River,Pajaro River at Chittenden,USGS-11159000,PAJARO R A CHITTENDEN CA,Boron,,,1,mg/L,AG,"The site specific objective for Boron for Pajaro River is an annual mean of 1 mg/L (Table 3-5, Water Quality Control Plan, Central Coastal Basin).",7402,,,365,Mean,F,"smk 8/2026 - this site is at Chittenden, so SSO should apply. Pre 2026 comment: SSO applies to only those sites on the mapped segment above chittenden. How do we break up the assessment in the LOEs - by hand? Applies to stations305CHI, 305PAJ, and 305FRA",Y
3,CAR3051003019980826115152,Pajaro River,Pajaro River at Chittenden,USGS-11159000,PAJARO R A CHITTENDEN CA,Chloride,,,250,mg/L,WA,"The site specific objective for Chloride for Pajaro River is an annual mean of 250 mg/L (Table 3-5, Water Quality Control Plan, Central Coastal Basin).",7402,,,365,Mean,F,"smk 8/2026 - this site is at Chittenden, so SSO should apply. Pre 2026 comment: SSO applies to only those sites on the mapped segment above chittenden. How do we break up the assessment in the LOEs - by hand? Applies to stations305CHI, 305PAJ, and 305FRA",Y
3,CAR3051003019980826115152,Pajaro River,Pajaro River at Chittenden,USGS-11159000,PAJARO R A CHITTENDEN CA,Sodium,,,200,mg/L,WA,"The site specific objective for Sodium for Pajaro River is an annual mean of 200 mg/L (Table 3-5, Water Quality Control Plan, Central Coastal Basin).",7402,,,365,Mean,F,"smk 8/2026 - this site is at Chittenden, so SSO should apply. Pre 2026 comment: SSO applies to only those sites on the mapped segment above chittenden. How do we break up the assessment in the LOEs - by hand? Applies to stations305CHI, 305PAJ, and 305FRA",Y
3,CAR3051003019980826115152,Pajaro River,Pajaro River at Chittenden,USGS-11159000,PAJARO R A CHITTENDEN CA,Sulfate,,,250,mg/L,WA,"The site specific objective for Sulfate for Pajaro River is an annual mean of 250 mg/L (Table 3-5, Water Quality Control Plan, Central Coastal Basin).",7402,,,365,Mean,F,"smk 8/2026 - this site is at Chittenden, so SSO should apply. Pre 2026 comment: SSO applies to only those sites on the mapped segment above chittenden. How do we break up the assessment in the LOEs - by hand? Applies to stations305CHI, 305PAJ, and 305FRA",Y
3,CAR3051003019980826115152,Pajaro River,Pajaro River at Chittenden,USGS-11159000,PAJARO R A CHITTENDEN CA,Total Dissolved Solids,,,1000,mg/L,WA,"The site specific objective for Total Dissolved Solids for Pajaro River is an annual mean of 1000 mg/L (Table 3-5, Water Quality Control Plan, Central Coastal Basin).",7402,,,365,Mean,F,"smk 8/2026 - this site is at Chittenden, so SSO should apply. Pre 2026 comment: SSO applies to only those sites on the mapped segment above chittenden. How do we break up the assessment in the LOEs - by hand? Applies to stations305CHI, 305PAJ, and 305FRA",Y
3,CAR3051003019980826115152,Pajaro River,Pajaro River at Chittenden,USGS-11159500,PAJARO R A WATSONVILLE CA,Boron,,,1,mg/L,AG,"The site specific objective for Boron for Pajaro River is an annual mean of 1 mg/L (Table 3-5, Water Quality Control Plan, Central Coastal Basin).",7402,,,365,Mean,F,"smk 8/2026 - this site is at Chittenden, so SSO should apply. Pre 2026 comment: SSO applies to only those sites on the mapped segment above chittenden. How do we break up the assessment in the LOEs - by hand? Applies to stations305CHI, 305PAJ, and 305FRA",Y
3,CAR3051003019980826115152,Pajaro River,Pajaro River at Chittenden,USGS-11159500,PAJARO R A WATSONVILLE CA,Chloride,,,250,mg/L,WA,"The site specific objective for Chloride for Pajaro River is an annual mean of 250 mg/L (Table 3-5, Water Quality Control Plan, Central Coastal Basin).",7402,,,365,Mean,F,"smk 8/2026 - this site is at Chittenden, so SSO should apply. Pre 2026 comment: SSO applies to only those sites on the mapped segment above chittenden. How do we break up the assessment in the LOEs - by hand? Applies to stations305CHI, 305PAJ, and 305FRA",Y
3,CAR3051003019980826115152,Pajaro River,Pajaro River at Chittenden,USGS-11159500,PAJARO R A WATSONVILLE CA,Sodium,,,200,mg/L,WA,"The site specific objective for Sodium for Pajaro River is an annual mean of 200 mg/L (Table 3-5, Water Quality Control Plan, Central Coastal Basin).",7402,,,365,Mean,F,"smk 8/2026 - this site is at Chittenden, so SSO should apply. Pre 2026 comment: SSO applies to only those sites on the mapped segment above chittenden. How do we break up the assessment in the LOEs - by hand? Applies to stations305CHI, 305PAJ, and 305FRA",Y
3,CAR3051003019980826115152,Pajaro River,Pajaro River at Chittenden,USGS-11159500,PAJARO R A WATSONVILLE CA,Sulfate,,,250,mg/L,WA,"The site specific objective for Sulfate for Pajaro River is an annual mean of 250 mg/L (Table 3-5, Water Quality Control Plan, Central Coastal Basin).",7402,,,365,Mean,F,"smk 8/2026 - this site is at Chittenden, so SSO should apply. Pre 2026 comment: SSO applies to only those sites on the mapped segment above chittenden. How do we break up the assessment in the LOEs - by hand? Applies to stations305CHI, 305PAJ, and 305FRA",Y
3,CAR3051003019980826115152,Pajaro River,Pajaro River at Chittenden,USGS-11159500,PAJARO R A WATSONVILLE CA,Total Dissolved Solids,,,1000,mg/L,WA,"The site specific objective for Total Dissolved Solids for Pajaro River is an annual mean of 1000 mg/L (Table 3-5, Water Quality Control Plan, Central Coastal Basin).",7402,,,365,Mean,F,"smk 8/2026 - this site is at Chittenden, so SSO should apply. Pre 2026 comment: SSO applies to only those sites on the mapped segment above chittenden. How do we break up the assessment in the LOEs - by hand? Applies to stations305CHI, 305PAJ, and 305FRA",Y
3,CAR3052001419980826100148,Llagas Creek (above Chesbro Reservoir),Llagas Creek,305CHE,Llagas Creek @ Chesbro Reservoir,Boron,,,0.2,mg/L,AG,"The site specific objective for Boron for Llagas Creek (above Chesbro Reservoir) is an annual mean of 0.2 mg/L (Table 3-5, Water Quality Control Plan, Central Coastal Basin).",7402,,,365,Mean,F,,Y
3,CAR3052001419980826100148,Llagas Creek (above Chesbro Reservoir),Llagas Creek,305CHE,Llagas Creek @ Chesbro Reservoir,Chloride,,,10,mg/L,WA,"The site specific objective for Chloride for Llagas Creek (above Chesbro Reservoir) is an annual mean of 10 mg/L (Table 3-5, Water Quality Control Plan, Central Coastal Basin).",7402,,,365,Mean,F,,Y
3,CAR3052001419980826100148,Llagas Creek (above Chesbro Reservoir),Llagas Creek,305CHE,Llagas Creek @ Chesbro Reservoir,Sodium,,,20,mg/L,WA,"The site specific objective for Sodium for Llagas Creek (above Chesbro Reservoir) is an annual mean of 20 mg/L (Table 3-5, Water Quality Control Plan, Central Coastal Basin).",7402,,,365,Mean,F,,Y
3,CAR3052001419980826100148,Llagas Creek (above Chesbro Reservoir),Llagas Creek,305CHE,Llagas Creek @ Chesbro Reservoir,Sulfate,,,20,mg/L,WA,"The site specific objective for Sulfate for Llagas Creek (above Chesbro Reservoir) is an annual mean of 20 mg/L (Table 3-5, Water Quality Control Plan, Central Coastal Basin).",7402,,,365,Mean,F,,Y
3,CAR3052001419980826100148,Llagas Creek (above Chesbro Reservoir),Llagas Creek,305CHE,Llagas Creek @ Chesbro Reservoir,Total Dissolved Solids,,,200,mg/L,WA,"The site specific objective for Total Dissolved Solids for Llagas Creek (above Chesbro Reservoir) is an annual mean of 200 mg/L (Table 3-5, Water Quality Control Plan, Central Coastal Basin).",7402,,,365,Mean,F,,Y
3,CAR3052001419980826100148,Llagas Creek (above Chesbro Reservoir),Llagas Creek,305LGCBRC,Llagas Creek above Baldy Ryan Cyn. Cr.,Boron,,,0.2,mg/L,AG,"The site specific objective for Boron for Llagas Creek (above Chesbro Reservoir) is an annual mean of 0.2 mg/L (Table 3-5, Water Quality Control Plan, Central Coastal Basin).",7402,,,365,Mean,F,,Y
3,CAR3052001419980826100148,Llagas Creek (above Chesbro Reservoir),Llagas Creek,305LGCBRC,Llagas Creek above Baldy Ryan Cyn. Cr.,Chloride,,,10,mg/L,WA,"The site specific objective for Chloride for Llagas Creek (above Chesbro Reservoir) is an annual mean of 10 mg/L (Table 3-5, Water Quality Control Plan, Central Coastal Basin).",7402,,,365,Mean,F,,Y
3,CAR3052001419980826100148,Llagas Creek (above Chesbro Reservoir),Llagas Creek,305LGCBRC,Llagas Creek above Baldy Ryan Cyn. Cr.,Sodium,,,20,mg/L,WA,"The site specific objective for Sodium for Llagas Creek (above Chesbro Reservoir) is an annual mean of 20 mg/L (Table 3-5, Water Quality Control Plan, Central Coastal Basin).",7402,,,365,Mean,F,,Y
3,CAR3052001419980826100148,Llagas Creek (above Chesbro Reservoir),Llagas Creek,305LGCBRC,Llagas Creek above Baldy Ryan Cyn. Cr.,Sulfate,,,20,mg/L,WA,"The site specific objective for Sulfate for Llagas Creek (above Chesbro Reservoir) is an annual mean of 20 mg/L (Table 3-5, Water Quality Control Plan, Central Coastal Basin).",7402,,,365,Mean,F,,Y
3,CAR3052001419980826100148,Llagas Creek (above Chesbro Reservoir),Llagas Creek,305LGCBRC,Llagas Creek above Baldy Ryan Cyn. Cr.,Total Dissolved Solids,,,200,mg/L,WA,"The site specific objective for Total Dissolved Solids for Llagas Creek (above Chesbro Reservoir) is an annual mean of 200 mg/L (Table 3-5, Water Quality Control Plan, Central Coastal Basin).",7402,,,365,Mean,F,,Y
3,CAR3052001419980826100148,Llagas Creek (above Chesbro Reservoir),Llagas Creek,305LLAOAK,"Llagas Creek, below Oak Glen",Boron,,,0.2,mg/L,AG,"The site specific objective for Boron for Llagas Creek (above Chesbro Reservoir) is an annual mean of 0.2 mg/L (Table 3-5, Water Quality Control Plan, Central Coastal Basin).",7402,,,365,Mean,F,,Y
3,CAR3052001419980826100148,Llagas Creek (above Chesbro Reservoir),Llagas Creek,305LLAOAK,"Llagas Creek, below Oak Glen",Chloride,,,10,mg/L,WA,"The site specific objective for Chloride for Llagas Creek (above Chesbro Reservoir) is an annual mean of 10 mg/L (Table 3-5, Water Quality Control Plan, Central Coastal Basin).",7402,,,365,Mean,F,,Y
3,CAR3052001419980826100148,Llagas Creek (above Chesbro Reservoir),Llagas Creek,305LLAOAK,"Llagas Creek, below Oak Glen",Sodium,,,20,mg/L,WA,"The site specific objective for Sodium for Llagas Creek (above Chesbro Reservoir) is an annual mean of 20 mg/L (Table 3-5, Water Quality Control Plan, Central Coastal Basin).",7402,,,365,Mean,F,,Y
3,CAR3052001419980826100148,Llagas Creek (above Chesbro Reservoir),Llagas Creek,305LLAOAK,"Llagas Creek, below Oak Glen",Sulfate,,,20,mg/L,WA,"The site specific objective for Sulfate for Llagas Creek (above Chesbro Reservoir) is an annual mean of 20 mg/L (Table 3-5, Water Quality Control Plan, Central Coastal Basin).",7402,,,365,Mean,F,,Y
3,CAR3052001419980826100148,Llagas Creek (above Chesbro Reservoir),Llagas Creek,305LLAOAK,"Llagas Creek, below Oak Glen",Total Dissolved Solids,,,200,mg/L,WA,"The site specific objective for Total Dissolved Solids for Llagas Creek (above Chesbro Reservoir) is an annual mean of 200 mg/L (Table 3-5, Water Quality Control Plan, Central Coastal Basin).",7402,,,365,Mean,F,,Y
3,CAR3052001419980826100148,Llagas Creek (above Chesbro Reservoir),Llagas Creek,305LLAORO,"Llagas Creek, Rancho Canada de Oro Park",Boron,,,0.2,mg/L,AG,"The site specific objective for Boron for Llagas Creek (above Chesbro Reservoir) is an annual mean of 0.2 mg/L (Table 3-5, Water Quality Control Plan, Central Coastal Basin).",7402,,,365,Mean,F,,Y
3,CAR3052001419980826100148,Llagas Creek (above Chesbro Reservoir),Llagas Creek,305LLAORO,"Llagas Creek, Rancho Canada de Oro Park",Chloride,,,10,mg/L,WA,"The site specific objective for Chloride for Llagas Creek (above Chesbro Reservoir) is an annual mean of 10 mg/L (Table 3-5, Water Quality Control Plan, Central Coastal Basin).",7402,,,365,Mean,F,,Y
3,CAR3052001419980826100148,Llagas Creek (above Chesbro Reservoir),Llagas Creek,305LLAORO,"Llagas Creek, Rancho Canada de Oro Park",Sodium,,,20,mg/L,WA,"The site specific objective for Sodium for Llagas Creek (above Chesbro Reservoir) is an annual mean of 20 mg/L (Table 3-5, Water Quality Control Plan, Central Coastal Basin).",7402,,,365,Mean,F,,Y
3,CAR3052001419980826100148,Llagas Creek (above Chesbro Reservoir),Llagas Creek,305LLAORO,"Llagas Creek, Rancho Canada de Oro Park",Sulfate,,,20,mg/L,WA,"The site specific objective for Sulfate for Llagas Creek (above Chesbro Reservoir) is an annual mean of 20 mg/L (Table 3-5, Water Quality Control Plan, Central Coastal Basin).",7402,,,365,Mean,F,,Y
3,CAR3052001419980826100148,Llagas Creek (above Chesbro Reservoir),Llagas Creek,305LLAORO,"Llagas Creek, Rancho Canada de Oro Park",Total Dissolved Solids,,,200,mg/L,WA,"The site specific objective for Total Dissolved Solids for Llagas Creek (above Chesbro Reservoir) is an annual mean of 200 mg/L (Table 3-5, Water Quality Control Plan, Central Coastal Basin).",7402,,,365,Mean,F,,Y
3,CAR3052001419980826100148,Llagas Creek (above Chesbro Reservoir),Llagas Creek,USGS-11153470,LLAGAS C AB CHESBRO RES NR MORGAN HILL CA,Boron,,,0.2,mg/L,AG,"The site specific objective for Boron for Llagas Creek (above Chesbro Reservoir) is an annual mean of 0.2 mg/L (Table 3-5, Water Quality Control Plan, Central Coastal Basin).",7402,,,365,Mean,F,,Y
3,CAR3052001419980826100148,Llagas Creek (above Chesbro Reservoir),Llagas Creek,USGS-11153470,LLAGAS C AB CHESBRO RES NR MORGAN HILL CA,Chloride,,,10,mg/L,WA,"The site specific objective for Chloride for Llagas Creek (above Chesbro Reservoir) is an annual mean of 10 mg/L (Table 3-5, Water Quality Control Plan, Central Coastal Basin).",7402,,,365,Mean,F,,Y
3,CAR3052001419980826100148,Llagas Creek (above Chesbro Reservoir),Llagas Creek,USGS-11153470,LLAGAS C AB CHESBRO RES NR MORGAN HILL CA,Sodium,,,20,mg/L,WA,"The site specific objective for Sodium for Llagas Creek (above Chesbro Reservoir) is an annual mean of 20 mg/L (Table 3-5, Water Quality Control Plan, Central Coastal Basin).",7402,,,365,Mean,F,,Y
3,CAR3052001419980826100148,Llagas Creek (above Chesbro Reservoir),Llagas Creek,USGS-11153470,LLAGAS C AB CHESBRO RES NR MORGAN HILL CA,Sulfate,,,20,mg/L,WA,"The site specific objective for Sulfate for Llagas Creek (above Chesbro Reservoir) is an annual mean of 20 mg/L (Table 3-5, Water Quality Control Plan, Central Coastal Basin).",7402,,,365,Mean,F,,Y
3,CAR3052001419980826100148,Llagas Creek (above Chesbro Reservoir),Llagas Creek,USGS-11153470,LLAGAS C AB CHESBRO RES NR MORGAN HILL CA,Total Dissolved Solids,,,200,mg/L,WA,"The site specific objective for Total Dissolved Solids for Llagas Creek (above Chesbro Reservoir) is an annual mean of 200 mg/L (Table 3-5, Water Quality Control Plan, Central Coastal Basin).",7402,,,365,Mean,F,,Y
3,CAR3053002019981207091641,San Benito River,San Benito River,305BRI,"San Benito River, Bridge downstream Willow Creek",Boron,,,1,mg/L,AG,"The site specific objective for Boron for San Benito River is an annual mean of 1 mg/L (Table 3-5, Water Quality Control Plan, Central Coastal Basin).",7402,,,365,Mean,F,,Y
3,CAR3053002019981207091641,San Benito River,San Benito River,305BRI,"San Benito River, Bridge downstream Willow Creek",Chloride,,,200,mg/L,WA,"The site specific objective for Chloride for San Benito River is an annual mean of 200 mg/L (Table 3-5, Water Quality Control Plan, Central Coastal Basin).",7402,,,365,Mean,F,,Y
3,CAR3053002019981207091641,San Benito River,San Benito River,305BRI,"San Benito River, Bridge downstream Willow Creek",Sodium,,,250,mg/L,WA,"The site specific objective for Sodium for San Benito River is an annual mean of 250 mg/L (Table 3-5, Water Quality Control Plan, Central Coastal Basin).",7402,,,365,Mean,F,,Y
3,CAR3053002019981207091641,San Benito River,San Benito River,305BRI,"San Benito River, Bridge downstream Willow Creek",Sulfate,,,350,mg/L,WA,"The site specific objective for Sulfate for San Benito River is an annual mean of 350 mg/L (Table 3-5, Water Quality Control Plan, Central Coastal Basin).",7402,,,365,Mean,F,,Y
3,CAR3053002019981207091641,San Benito River,San Benito River,305BRI,"San Benito River, Bridge downstream Willow Creek",Total Dissolved Solids,,,1400,mg/L,WA,"The site specific objective for Total Dissolved Solids for San Benito River is an annual mean of 1400 mg/L (Table 3-5, Water Quality Control Plan, Central Coastal Basin).",7402,,,365,Mean,F,,Y
3,CAR3053002019981207091641,San Benito River,San Benito River,305HRL,San Benito River below Hernandez Reservoir,Boron,,,1,mg/L,AG,"The site specific objective for Boron for San Benito River is an annual mean of 1 mg/L (Table 3-5, Water Quality Control Plan, Central Coastal Basin).",7402,,,365,Mean,F,,Y
3,CAR3053002019981207091641,San Benito River,San Benito River,305HRL,San Benito River below Hernandez Reservoir,Chloride,,,200,mg/L,WA,"The site specific objective for Chloride for San Benito River is an annual mean of 200 mg/L (Table 3-5, Water Quality Control Plan, Central Coastal Basin).",7402,,,365,Mean,F,,Y
3,CAR3053002019981207091641,San Benito River,San Benito River,305HRL,San Benito River below Hernandez Reservoir,Sodium,,,250,mg/L,WA,"The site specific objective for Sodium for San Benito River is an annual mean of 250 mg/L (Table 3-5, Water Quality Control Plan, Central Coastal Basin).",7402,,,365,Mean,F,,Y
3,CAR3053002019981207091641,San Benito River,San Benito River,305HRL,San Benito River below Hernandez Reservoir,Sulfate,,,350,mg/L,WA,"The site specific objective for Sulfate for San Benito River is an annual mean of 350 mg/L (Table 3-5, Water Quality Control Plan, Central Coastal Basin).",7402,,,365,Mean,F,,Y
3,CAR3053002019981207091641,San Benito River,San Benito River,305HRL,San Benito River below Hernandez Reservoir,Total Dissolved Solids,,,1400,mg/L,WA,"The site specific objective for Total Dissolved Solids for San Benito River is an annual mean of 1400 mg/L (Table 3-5, Water Quality Control Plan, Central Coastal Basin).",7402,,,365,Mean,F,,Y
3,CAR3053002019981207091641,San Benito River,San Benito River,305SAN,San Benito at Y Road,Boron,,,1,mg/L,AG,"The site specific objective for Boron for San Benito River is an annual mean of 1 mg/L (Table 3-5, Water Quality Control Plan, Central Coastal Basin).",7402,,,365,Mean,F,,Y
3,CAR3053002019981207091641,San Benito River,San Benito River,305SAN,San Benito at Y Road,Chloride,,,200,mg/L,WA,"The site specific objective for Chloride for San Benito River is an annual mean of 200 mg/L (Table 3-5, Water Quality Control Plan, Central Coastal Basin).",7402,,,365,Mean,F,,Y
3,CAR3053002019981207091641,San Benito River,San Benito River,305SAN,San Benito at Y Road,Sodium,,,250,mg/L,WA,"The site specific objective for Sodium for San Benito River is an annual mean of 250 mg/L (Table 3-5, Water Quality Control Plan, Central Coastal Basin).",7402,,,365,Mean,F,,Y
3,CAR3053002019981207091641,San Benito River,San Benito River,305SAN,San Benito at Y Road,Sulfate,,,350,mg/L,WA,"The site specific objective for Sulfate for San Benito River is an annual mean of 350 mg/L (Table 3-5, Water Quality Control Plan, Central Coastal Basin).",7402,,,365,Mean,F,,Y
3,CAR3053002019981207091641,San Benito River,San Benito River,305SAN,San Benito at Y Road,Total Dissolved Solids,,,1400,mg/L,WA,"The site specific objective for Total Dissolved Solids for San Benito River is an annual mean of 1400 mg/L (Table 3-5, Water Quality Control Plan, Central Coastal Basin).",7402,,,365,Mean,F,,Y
3,CAR3053002019981207091641,San Benito River,San Benito River,305SBA,San Benito River above unknown tributary,Boron,,,1,mg/L,AG,"The site specific objective for Boron for San Benito River is an annual mean of 1 mg/L (Table 3-5, Water Quality Control Plan, Central Coastal Basin).",7402,,,365,Mean,F,,Y
3,CAR3053002019981207091641,San Benito River,San Benito River,305SBA,San Benito River above unknown tributary,Chloride,,,200,mg/L,WA,"The site specific objective for Chloride for San Benito River is an annual mean of 200 mg/L (Table 3-5, Water Quality Control Plan, Central Coastal Basin).",7402,,,365,Mean,F,,Y
3,CAR3053002019981207091641,San Benito River,San Benito River,305SBA,San Benito River above unknown tributary,Sodium,,,250,mg/L,WA,"The site specific objective for Sodium for San Benito River is an annual mean of 250 mg/L (Table 3-5, Water Quality Control Plan, Central Coastal Basin).",7402,,,365,Mean,F,,Y
3,CAR3053002019981207091641,San Benito River,San Benito River,305SBA,San Benito River above unknown tributary,Sulfate,,,350,mg/L,WA,"The site specific objective for Sulfate for San Benito River is an annual mean of 350 mg/L (Table 3-5, Water Quality Control Plan, Central Coastal Basin).",7402,,,365,Mean,F,,Y
3,CAR3053002019981207091641,San Benito River,San Benito River,305SBA,San Benito River above unknown tributary,Total Dissolved Solids,,,1400,mg/L,WA,"The site specific objective for Total Dissolved Solids for San Benito River is an annual mean of 1400 mg/L (Table 3-5, Water Quality Control Plan, Central Coastal Basin).",7402,,,365,Mean,F,,Y
3,CAR3053002019981207091641,San Benito River,San Benito River,305SBACIE,"San Benito River, below Cienaga",Boron,,,1,mg/L,AG,"The site specific objective for Boron for San Benito River is an annual mean of 1 mg/L (Table 3-5, Water Quality Control Plan, Central Coastal Basin).",7402,,,365,Mean,F,,Y
3,CAR3053002019981207091641,San Benito River,San Benito River,305SBACIE,"San Benito River, below Cienaga",Chloride,,,200,mg/L,WA,"The site specific objective for Chloride for San Benito River is an annual mean of 200 mg/L (Table 3-5, Water Quality Control Plan, Central Coastal Basin).",7402,,,365,Mean,F,,Y
3,CAR3053002019981207091641,San Benito River,San Benito River,305SBACIE,"San Benito River, below Cienaga",Sodium,,,250,mg/L,WA,"The site specific objective for Sodium for San Benito River is an annual mean of 250 mg/L (Table 3-5, Water Quality Control Plan, Central Coastal Basin).",7402,,,365,Mean,F,,Y
3,CAR3053002019981207091641,San Benito River,San Benito River,305SBACIE,"San Benito River, below Cienaga",Sulfate,,,350,mg/L,WA,"The site specific objective for Sulfate for San Benito River is an annual mean of 350 mg/L (Table 3-5, Water Quality Control Plan, Central Coastal Basin).",7402,,,365,Mean,F,,Y
3,CAR3053002019981207091641,San Benito River,San Benito River,305SBACIE,"San Benito River, below Cienaga",Total Dissolved Solids,,,1400,mg/L,WA,"The site specific objective for Total Dissolved Solids for San Benito River is an annual mean of 1400 mg/L (Table 3-5, Water Quality Control Plan, Central Coastal Basin).",7402,,,365,Mean,F,,Y
3,CAR3053002019981207091641,San Benito River,San Benito River,305SBAHER,"San Benito River, below reservoir",Boron,,,1,mg/L,AG,"The site specific objective for Boron for San Benito River is an annual mean of 1 mg/L (Table 3-5, Water Quality Control Plan, Central Coastal Basin).",7402,,,365,Mean,F,,Y
3,CAR3053002019981207091641,San Benito River,San Benito River,305SBAHER,"San Benito River, below reservoir",Chloride,,,200,mg/L,WA,"The site specific objective for Chloride for San Benito River is an annual mean of 200 mg/L (Table 3-5, Water Quality Control Plan, Central Coastal Basin).",7402,,,365,Mean,F,,Y
3,CAR3053002019981207091641,San Benito River,San Benito River,305SBAHER,"San Benito River, below reservoir",Sodium,,,250,mg/L,WA,"The site specific objective for Sodium for San Benito River is an annual mean of 250 mg/L (Table 3-5, Water Quality Control Plan, Central Coastal Basin).",7402,,,365,Mean,F,,Y
3,CAR3053002019981207091641,San Benito River,San Benito River,305SBAHER,"San Benito River, below reservoir",Sulfate,,,350,mg/L,WA,"The site specific objective for Sulfate for San Benito River is an annual mean of 350 mg/L (Table 3-5, Water Quality Control Plan, Central Coastal Basin).",7402,,,365,Mean,F,,Y
3,CAR3053002019981207091641,San Benito River,San Benito River,305SBAHER,"San Benito River, below reservoir",Total Dissolved Solids,,,1400,mg/L,WA,"The site specific objective for Total Dissolved Solids for San Benito River is an annual mean of 1400 mg/L (Table 3-5, Water Quality Control Plan, Central Coastal Basin).",7402,,,365,Mean,F,,Y
3,CAR3053002019981207091641,San Benito River,San Benito River,305SBH,San Benito River at Hollister near 156,Boron,,,1,mg/L,AG,"The site specific objective for Boron for San Benito River is an annual mean of 1 mg/L (Table 3-5, Water Quality Control Plan, Central Coastal Basin).",7402,,,365,Mean,F,,Y
3,CAR3053002019981207091641,San Benito River,San Benito River,305SBH,San Benito River at Hollister near 156,Chloride,,,200,mg/L,WA,"The site specific objective for Chloride for San Benito River is an annual mean of 200 mg/L (Table 3-5, Water Quality Control Plan, Central Coastal Basin).",7402,,,365,Mean,F,,Y
3,CAR3053002019981207091641,San Benito River,San Benito River,305SBH,San Benito River at Hollister near 156,Sodium,,,250,mg/L,WA,"The site specific objective for Sodium for San Benito River is an annual mean of 250 mg/L (Table 3-5, Water Quality Control Plan, Central Coastal Basin).",7402,,,365,Mean,F,,Y
3,CAR3053002019981207091641,San Benito River,San Benito River,305SBH,San Benito River at Hollister near 156,Sulfate,,,350,mg/L,WA,"The site specific objective for Sulfate for San Benito River is an annual mean of 350 mg/L (Table 3-5, Water Quality Control Plan, Central Coastal Basin).",7402,,,365,Mean,F,,Y
3,CAR3053002019981207091641,San Benito River,San Benito River,305SBH,San Benito River at Hollister near 156,Total Dissolved Solids,,,1400,mg/L,WA,"The site specific objective for Total Dissolved Solids for San Benito River is an annual mean of 1400 mg/L (Table 3-5, Water Quality Control Plan, Central Coastal Basin).",7402,,,365,Mean,F,,Y
3,CAR3053002019981207091641,San Benito River,San Benito River,305ST0715,Lake Hernandez/d/s Dam-305ST0715,Boron,,,1,mg/L,AG,"The site specific objective for Boron for San Benito River is an annual mean of 1 mg/L (Table 3-5, Water Quality Control Plan, Central Coastal Basin).",7402,,,365,Mean,F,,Y
3,CAR3053002019981207091641,San Benito River,San Benito River,305ST0715,Lake Hernandez/d/s Dam-305ST0715,Chloride,,,200,mg/L,WA,"The site specific objective for Chloride for San Benito River is an annual mean of 200 mg/L (Table 3-5, Water Quality Control Plan, Central Coastal Basin).",7402,,,365,Mean,F,,Y
3,CAR3053002019981207091641,San Benito River,San Benito River,305ST0715,Lake Hernandez/d/s Dam-305ST0715,Sodium,,,250,mg/L,WA,"The site specific objective for Sodium for San Benito River is an annual mean of 250 mg/L (Table 3-5, Water Quality Control Plan, Central Coastal Basin).",7402,,,365,Mean,F,,Y
3,CAR3053002019981207091641,San Benito River,San Benito River,305ST0715,Lake Hernandez/d/s Dam-305ST0715,Sulfate,,,350,mg/L,WA,"The site specific objective for Sulfate for San Benito River is an annual mean of 350 mg/L (Table 3-5, Water Quality Control Plan, Central Coastal Basin).",7402,,,365,Mean,F,,Y
3,CAR3053002019981207091641,San Benito River,San Benito River,305ST0715,Lake Hernandez/d/s Dam-305ST0715,Total Dissolved Solids,,,1400,mg/L,WA,"The site specific objective for Total Dissolved Solids for San Benito River is an annual mean of 1400 mg/L (Table 3-5, Water Quality Control Plan, Central Coastal Basin).",7402,,,365,Mean,F,,Y
3,CAR3053002020020319075726,Llagas Creek (below Chesbro Reservoir),Llagas Creek,305HOL,Llagas Creek at Holsclaw Road (downstream of Leavesley Road),Boron,,,0.2,mg/L,AG,"The site specific objective for Boron for Llagas Creek (below Chesbro Reservoir) is an annual mean of 0.2 mg/L (Table 3-5, Water Quality Control Plan, Central Coastal Basin).",7402,,,365,Mean,F,,Y
3,CAR3053002020020319075726,Llagas Creek (below Chesbro Reservoir),Llagas Creek,305HOL,Llagas Creek at Holsclaw Road (downstream of Leavesley Road),Chloride,,,10,mg/L,WA,"The site specific objective for Chloride for Llagas Creek (below Chesbro Reservoir) is an annual mean of 10 mg/L (Table 3-5, Water Quality Control Plan, Central Coastal Basin).",7402,,,365,Mean,F,,Y
3,CAR3053002020020319075726,Llagas Creek (below Chesbro Reservoir),Llagas Creek,305HOL,Llagas Creek at Holsclaw Road (downstream of Leavesley Road),Sodium,,,20,mg/L,WA,"The site specific objective for Sodium for Llagas Creek (below Chesbro Reservoir) is an annual mean of 20 mg/L (Table 3-5, Water Quality Control Plan, Central Coastal Basin).",7402,,,365,Mean,F,,Y
3,CAR3053002020020319075726,Llagas Creek (below Chesbro Reservoir),Llagas Creek,305HOL,Llagas Creek at Holsclaw Road (downstream of Leavesley Road),Sulfate,,,20,mg/L,WA,"The site specific objective for Sulfate for Llagas Creek (below Chesbro Reservoir) is an annual mean of 20 mg/L (Table 3-5, Water Quality Control Plan, Central Coastal Basin).",7402,,,365,Mean,F,,Y
3,CAR3053002020020319075726,Llagas Creek (below Chesbro Reservoir),Llagas Creek,305HOL,Llagas Creek at Holsclaw Road (downstream of Leavesley Road),Total Dissolved Solids,,,200,mg/L,WA,"The site specific objective for Total Dissolved Solids for Llagas Creek (below Chesbro Reservoir) is an annual mean of 200 mg/L (Table 3-5, Water Quality Control Plan, Central Coastal Basin).",7402,,,365,Mean,F,,Y
3,CAR3053002020020319075726,Llagas Creek (below Chesbro Reservoir),Llagas Creek,305LCS,Llagas Creek @ Southside,Boron,,,0.2,mg/L,AG,"The site specific objective for Boron for Llagas Creek (below Chesbro Reservoir) is an annual mean of 0.2 mg/L (Table 3-5, Water Quality Control Plan, Central Coastal Basin).",7402,,,365,Mean,F,,Y
3,CAR3053002020020319075726,Llagas Creek (below Chesbro Reservoir),Llagas Creek,305LCS,Llagas Creek @ Southside,Chloride,,,10,mg/L,WA,"The site specific objective for Chloride for Llagas Creek (below Chesbro Reservoir) is an annual mean of 10 mg/L (Table 3-5, Water Quality Control Plan, Central Coastal Basin).",7402,,,365,Mean,F,,Y
3,CAR3053002020020319075726,Llagas Creek (below Chesbro Reservoir),Llagas Creek,305LCS,Llagas Creek @ Southside,Sodium,,,20,mg/L,WA,"The site specific objective for Sodium for Llagas Creek (below Chesbro Reservoir) is an annual mean of 20 mg/L (Table 3-5, Water Quality Control Plan, Central Coastal Basin).",7402,,,365,Mean,F,,Y
3,CAR3053002020020319075726,Llagas Creek (below Chesbro Reservoir),Llagas Creek,305LCS,Llagas Creek @ Southside,Sulfate,,,20,mg/L,WA,"The site specific objective for Sulfate for Llagas Creek (below Chesbro Reservoir) is an annual mean of 20 mg/L (Table 3-5, Water Quality Control Plan, Central Coastal Basin).",7402,,,365,Mean,F,,Y
3,CAR3053002020020319075726,Llagas Creek (below Chesbro Reservoir),Llagas Creek,305LCS,Llagas Creek @ Southside,Total Dissolved Solids,,,200,mg/L,WA,"The site specific objective for Total Dissolved Solids for Llagas Creek (below Chesbro Reservoir) is an annual mean of 200 mg/L (Table 3-5, Water Quality Control Plan, Central Coastal Basin).",7402,,,365,Mean,F,,Y
3,CAR3053002020020319075726,Llagas Creek (below Chesbro Reservoir),Llagas Creek,305LEA,Llagas Creek at Leavesley Road,Boron,,,0.2,mg/L,AG,"The site specific objective for Boron for Llagas Creek (below Chesbro Reservoir) is an annual mean of 0.2 mg/L (Table 3-5, Water Quality Control Plan, Central Coastal Basin).",7402,,,365,Mean,F,,Y
3,CAR3053002020020319075726,Llagas Creek (below Chesbro Reservoir),Llagas Creek,305LEA,Llagas Creek at Leavesley Road,Chloride,,,10,mg/L,WA,"The site specific objective for Chloride for Llagas Creek (below Chesbro Reservoir) is an annual mean of 10 mg/L (Table 3-5, Water Quality Control Plan, Central Coastal Basin).",7402,,,365,Mean,F,,Y
3,CAR3053002020020319075726,Llagas Creek (below Chesbro Reservoir),Llagas Creek,305LEA,Llagas Creek at Leavesley Road,Sodium,,,20,mg/L,WA,"The site specific objective for Sodium for Llagas Creek (below Chesbro Reservoir) is an annual mean of 20 mg/L (Table 3-5, Water Quality Control Plan, Central Coastal Basin).",7402,,,365,Mean,F,,Y
3,CAR3053002020020319075726,Llagas Creek (below Chesbro Reservoir),Llagas Creek,305LEA,Llagas Creek at Leavesley Road,Sulfate,,,20,mg/L,WA,"The site specific objective for Sulfate for Llagas Creek (below Chesbro Reservoir) is an annual mean of 20 mg/L (Table 3-5, Water Quality Control Plan, Central Coastal Basin).",7402,,,365,Mean,F,,Y
3,CAR3053002020020319075726,Llagas Creek (below Chesbro Reservoir),Llagas Creek,305LEA,Llagas Creek at Leavesley Road,Total Dissolved Solids,,,200,mg/L,WA,"The site specific objective for Total Dissolved Solids for Llagas Creek (below Chesbro Reservoir) is an annual mean of 200 mg/L (Table 3-5, Water Quality Control Plan, Central Coastal Basin).",7402,,,365,Mean,F,,Y
3,CAR3053002020020319075726,Llagas Creek (below Chesbro Reservoir),Llagas Creek,305LHB,Llagas Creek at Highway 152,Boron,,,0.2,mg/L,AG,"The site specific objective for Boron for Llagas Creek (below Chesbro Reservoir) is an annual mean of 0.2 mg/L (Table 3-5, Water Quality Control Plan, Central Coastal Basin).",7402,,,365,Mean,F,,Y
3,CAR3053002020020319075726,Llagas Creek (below Chesbro Reservoir),Llagas Creek,305LHB,Llagas Creek at Highway 152,Chloride,,,10,mg/L,WA,"The site specific objective for Chloride for Llagas Creek (below Chesbro Reservoir) is an annual mean of 10 mg/L (Table 3-5, Water Quality Control Plan, Central Coastal Basin).",7402,,,365,Mean,F,,Y
3,CAR3053002020020319075726,Llagas Creek (below Chesbro Reservoir),Llagas Creek,305LHB,Llagas Creek at Highway 152,Sodium,,,20,mg/L,WA,"The site specific objective for Sodium for Llagas Creek (below Chesbro Reservoir) is an annual mean of 20 mg/L (Table 3-5, Water Quality Control Plan, Central Coastal Basin).",7402,,,365,Mean,F,,Y
3,CAR3053002020020319075726,Llagas Creek (below Chesbro Reservoir),Llagas Creek,305LHB,Llagas Creek at Highway 152,Sulfate,,,20,mg/L,WA,"The site specific objective for Sulfate for Llagas Creek (below Chesbro Reservoir) is an annual mean of 20 mg/L (Table 3-5, Water Quality Control Plan, Central Coastal Basin).",7402,,,365,Mean,F,,Y
3,CAR3053002020020319075726,Llagas Creek (below Chesbro Reservoir),Llagas Creek,305LHB,Llagas Creek at Highway 152,Total Dissolved Solids,,,200,mg/L,WA,"The site specific objective for Total Dissolved Solids for Llagas Creek (below Chesbro Reservoir) is an annual mean of 200 mg/L (Table 3-5, Water Quality Control Plan, Central Coastal Basin).",7402,,,365,Mean,F,,Y
3,CAR3053002020020319075726,Llagas Creek (below Chesbro Reservoir),Llagas Creek,305LLA,Llagas Creek at Bloomfield Avenue,Boron,,,0.2,mg/L,AG,"The site specific objective for Boron for Llagas Creek (below Chesbro Reservoir) is an annual mean of 0.2 mg/L (Table 3-5, Water Quality Control Plan, Central Coastal Basin).",7402,,,365,Mean,F,,Y
3,CAR3053002020020319075726,Llagas Creek (below Chesbro Reservoir),Llagas Creek,305LLA,Llagas Creek at Bloomfield Avenue,Chloride,,,10,mg/L,WA,"The site specific objective for Chloride for Llagas Creek (below Chesbro Reservoir) is an annual mean of 10 mg/L (Table 3-5, Water Quality Control Plan, Central Coastal Basin).",7402,,,365,Mean,F,,Y
3,CAR3053002020020319075726,Llagas Creek (below Chesbro Reservoir),Llagas Creek,305LLA,Llagas Creek at Bloomfield Avenue,Sodium,,,20,mg/L,WA,"The site specific objective for Sodium for Llagas Creek (below Chesbro Reservoir) is an annual mean of 20 mg/L (Table 3-5, Water Quality Control Plan, Central Coastal Basin).",7402,,,365,Mean,F,,Y
3,CAR3053002020020319075726,Llagas Creek (below Chesbro Reservoir),Llagas Creek,305LLA,Llagas Creek at Bloomfield Avenue,Sulfate,,,20,mg/L,WA,"The site specific objective for Sulfate for Llagas Creek (below Chesbro Reservoir) is an annual mean of 20 mg/L (Table 3-5, Water Quality Control Plan, Central Coastal Basin).",7402,,,365,Mean,F,,Y
3,CAR3053002020020319075726,Llagas Creek (below Chesbro Reservoir),Llagas Creek,305LLA,Llagas Creek at Bloomfield Avenue,Total Dissolved Solids,,,200,mg/L,WA,"The site specific objective for Total Dissolved Solids for Llagas Creek (below Chesbro Reservoir) is an annual mean of 200 mg/L (Table 3-5, Water Quality Control Plan, Central Coastal Basin).",7402,,,365,Mean,F,,Y
3,CAR3053002020020319075726,Llagas Creek (below Chesbro Reservoir),Llagas Creek,305LLADSB,"Llagas Creek, below Bloomfield",Boron,,,0.2,mg/L,AG,"The site specific objective for Boron for Llagas Creek (below Chesbro Reservoir) is an annual mean of 0.2 mg/L (Table 3-5, Water Quality Control Plan, Central Coastal Basin).",7402,,,365,Mean,F,,Y
3,CAR3053002020020319075726,Llagas Creek (below Chesbro Reservoir),Llagas Creek,305LLADSB,"Llagas Creek, below Bloomfield",Chloride,,,10,mg/L,WA,"The site specific objective for Chloride for Llagas Creek (below Chesbro Reservoir) is an annual mean of 10 mg/L (Table 3-5, Water Quality Control Plan, Central Coastal Basin).",7402,,,365,Mean,F,,Y
3,CAR3053002020020319075726,Llagas Creek (below Chesbro Reservoir),Llagas Creek,305LLADSB,"Llagas Creek, below Bloomfield",Sodium,,,20,mg/L,WA,"The site specific objective for Sodium for Llagas Creek (below Chesbro Reservoir) is an annual mean of 20 mg/L (Table 3-5, Water Quality Control Plan, Central Coastal Basin).",7402,,,365,Mean,F,,Y
3,CAR3053002020020319075726,Llagas Creek (below Chesbro Reservoir),Llagas Creek,305LLADSB,"Llagas Creek, below Bloomfield",Sulfate,,,20,mg/L,WA,"The site specific objective for Sulfate for Llagas Creek (below Chesbro Reservoir) is an annual mean of 20 mg/L (Table 3-5, Water Quality Control Plan, Central Coastal Basin).",7402,,,365,Mean,F,,Y
3,CAR3053002020020319075726,Llagas Creek (below Chesbro Reservoir),Llagas Creek,305LLADSB,"Llagas Creek, below Bloomfield",Total Dissolved Solids,,,200,mg/L,WA,"The site specific objective for Total Dissolved Solids for Llagas Creek (below Chesbro Reservoir) is an annual mean of 200 mg/L (Table 3-5, Water Quality Control Plan, Central Coastal Basin).",7402,,,365,Mean,F,,Y
3,CAR3053002020020319075726,Llagas Creek (below Chesbro Reservoir),Llagas Creek,305LLAEDM,"Llagas Creek, below Edmundson",Boron,,,0.2,mg/L,AG,"The site specific objective for Boron for Llagas Creek (below Chesbro Reservoir) is an annual mean of 0.2 mg/L (Table 3-5, Water Quality Control Plan, Central Coastal Basin).",7402,,,365,Mean,F,,Y
3,CAR3053002020020319075726,Llagas Creek (below Chesbro Reservoir),Llagas Creek,305LLAEDM,"Llagas Creek, below Edmundson",Chloride,,,10,mg/L,WA,"The site specific objective for Chloride for Llagas Creek (below Chesbro Reservoir) is an annual mean of 10 mg/L (Table 3-5, Water Quality Control Plan, Central Coastal Basin).",7402,,,365,Mean,F,,Y
3,CAR3053002020020319075726,Llagas Creek (below Chesbro Reservoir),Llagas Creek,305LLAEDM,"Llagas Creek, below Edmundson",Sodium,,,20,mg/L,WA,"The site specific objective for Sodium for Llagas Creek (below Chesbro Reservoir) is an annual mean of 20 mg/L (Table 3-5, Water Quality Control Plan, Central Coastal Basin).",7402,,,365,Mean,F,,Y
3,CAR3053002020020319075726,Llagas Creek (below Chesbro Reservoir),Llagas Creek,305LLAEDM,"Llagas Creek, below Edmundson",Sulfate,,,20,mg/L,WA,"The site specific objective for Sulfate for Llagas Creek (below Chesbro Reservoir) is an annual mean of 20 mg/L (Table 3-5, Water Quality Control Plan, Central Coastal Basin).",7402,,,365,Mean,F,,Y
3,CAR3053002020020319075726,Llagas Creek (below Chesbro Reservoir),Llagas Creek,305LLAEDM,"Llagas Creek, below Edmundson",Total Dissolved Solids,,,200,mg/L,WA,"The site specific objective for Total Dissolved Solids for Llagas Creek (below Chesbro Reservoir) is an annual mean of 200 mg/L (Table 3-5, Water Quality Control Plan, Central Coastal Basin).",7402,,,365,Mean,F,,Y
3,CAR3053002020020319075726,Llagas Creek (below Chesbro Reservoir),Llagas Creek,305LUC,Llagas Creek @ Luchessa Avenue/Southside Drive,Boron,,,0.2,mg/L,AG,"The site specific objective for Boron for Llagas Creek (below Chesbro Reservoir) is an annual mean of 0.2 mg/L (Table 3-5, Water Quality Control Plan, Central Coastal Basin).",7402,,,365,Mean,F,,Y
3,CAR3053002020020319075726,Llagas Creek (below Chesbro Reservoir),Llagas Creek,305LUC,Llagas Creek @ Luchessa Avenue/Southside Drive,Chloride,,,10,mg/L,WA,"The site specific objective for Chloride for Llagas Creek (below Chesbro Reservoir) is an annual mean of 10 mg/L (Table 3-5, Water Quality Control Plan, Central Coastal Basin).",7402,,,365,Mean,F,,Y
3,CAR3053002020020319075726,Llagas Creek (below Chesbro Reservoir),Llagas Creek,305LUC,Llagas Creek @ Luchessa Avenue/Southside Drive,Sodium,,,20,mg/L,WA,"The site specific objective for Sodium for Llagas Creek (below Chesbro Reservoir) is an annual mean of 20 mg/L (Table 3-5, Water Quality Control Plan, Central Coastal Basin).",7402,,,365,Mean,F,,Y
3,CAR3053002020020319075726,Llagas Creek (below Chesbro Reservoir),Llagas Creek,305LUC,Llagas Creek @ Luchessa Avenue/Southside Drive,Sulfate,,,20,mg/L,WA,"The site specific objective for Sulfate for Llagas Creek (below Chesbro Reservoir) is an annual mean of 20 mg/L (Table 3-5, Water Quality Control Plan, Central Coastal Basin).",7402,,,365,Mean,F,,Y
3,CAR3053002020020319075726,Llagas Creek (below Chesbro Reservoir),Llagas Creek,305LUC,Llagas Creek @ Luchessa Avenue/Southside Drive,Total Dissolved Solids,,,200,mg/L,WA,"The site specific objective for Total Dissolved Solids for Llagas Creek (below Chesbro Reservoir) is an annual mean of 200 mg/L (Table 3-5, Water Quality Control Plan, Central Coastal Basin).",7402,,,365,Mean,F,,Y
3,CAR3053002020020319075726,Llagas Creek (below Chesbro Reservoir),Llagas Creek,305MAS,Llagas Creek @ Masten Avenue,Boron,,,0.2,mg/L,AG,"The site specific objective for Boron for Llagas Creek (below Chesbro Reservoir) is an annual mean of 0.2 mg/L (Table 3-5, Water Quality Control Plan, Central Coastal Basin).",7402,,,365,Mean,F,,Y
3,CAR3053002020020319075726,Llagas Creek (below Chesbro Reservoir),Llagas Creek,305MAS,Llagas Creek @ Masten Avenue,Chloride,,,10,mg/L,WA,"The site specific objective for Chloride for Llagas Creek (below Chesbro Reservoir) is an annual mean of 10 mg/L (Table 3-5, Water Quality Control Plan, Central Coastal Basin).",7402,,,365,Mean,F,,Y
3,CAR3053002020020319075726,Llagas Creek (below Chesbro Reservoir),Llagas Creek,305MAS,Llagas Creek @ Masten Avenue,Sodium,,,20,mg/L,WA,"The site specific objective for Sodium for Llagas Creek (below Chesbro Reservoir) is an annual mean of 20 mg/L (Table 3-5, Water Quality Control Plan, Central Coastal Basin).",7402,,,365,Mean,F,,Y
3,CAR3053002020020319075726,Llagas Creek (below Chesbro Reservoir),Llagas Creek,305MAS,Llagas Creek @ Masten Avenue,Sulfate,,,20,mg/L,WA,"The site specific objective for Sulfate for Llagas Creek (below Chesbro Reservoir) is an annual mean of 20 mg/L (Table 3-5, Water Quality Control Plan, Central Coastal Basin).",7402,,,365,Mean,F,,Y
3,CAR3053002020020319075726,Llagas Creek (below Chesbro Reservoir),Llagas Creek,305MAS,Llagas Creek @ Masten Avenue,Total Dissolved Solids,,,200,mg/L,WA,"The site specific objective for Total Dissolved Solids for Llagas Creek (below Chesbro Reservoir) is an annual mean of 200 mg/L (Table 3-5, Water Quality Control Plan, Central Coastal Basin).",7402,,,365,Mean,F,,Y
3,CAR3053002020020319075726,Llagas Creek (below Chesbro Reservoir),Llagas Creek,305MON,Llagas Creek @ Monterey Rd,Boron,,,0.2,mg/L,AG,"The site specific objective for Boron for Llagas Creek (below Chesbro Reservoir) is an annual mean of 0.2 mg/L (Table 3-5, Water Quality Control Plan, Central Coastal Basin).",7402,,,365,Mean,F,,Y
3,CAR3053002020020319075726,Llagas Creek (below Chesbro Reservoir),Llagas Creek,305MON,Llagas Creek @ Monterey Rd,Chloride,,,10,mg/L,WA,"The site specific objective for Chloride for Llagas Creek (below Chesbro Reservoir) is an annual mean of 10 mg/L (Table 3-5, Water Quality Control Plan, Central Coastal Basin).",7402,,,365,Mean,F,,Y
3,CAR3053002020020319075726,Llagas Creek (below Chesbro Reservoir),Llagas Creek,305MON,Llagas Creek @ Monterey Rd,Sodium,,,20,mg/L,WA,"The site specific objective for Sodium for Llagas Creek (below Chesbro Reservoir) is an annual mean of 20 mg/L (Table 3-5, Water Quality Control Plan, Central Coastal Basin).",7402,,,365,Mean,F,,Y
3,CAR3053002020020319075726,Llagas Creek (below Chesbro Reservoir),Llagas Creek,305MON,Llagas Creek @ Monterey Rd,Sulfate,,,20,mg/L,WA,"The site specific objective for Sulfate for Llagas Creek (below Chesbro Reservoir) is an annual mean of 20 mg/L (Table 3-5, Water Quality Control Plan, Central Coastal Basin).",7402,,,365,Mean,F,,Y
3,CAR3053002020020319075726,Llagas Creek (below Chesbro Reservoir),Llagas Creek,305MON,Llagas Creek @ Monterey Rd,Total Dissolved Solids,,,200,mg/L,WA,"The site specific objective for Total Dissolved Solids for Llagas Creek (below Chesbro Reservoir) is an annual mean of 200 mg/L (Table 3-5, Water Quality Control Plan, Central Coastal Basin).",7402,,,365,Mean,F,,Y
3,CAR3053002020020319075726,Llagas Creek (below Chesbro Reservoir),Llagas Creek,305OAK,Llagas Creek @ Oak Glen Avenue,Boron,,,0.2,mg/L,AG,"The site specific objective for Boron for Llagas Creek (below Chesbro Reservoir) is an annual mean of 0.2 mg/L (Table 3-5, Water Quality Control Plan, Central Coastal Basin).",7402,,,365,Mean,F,,Y
3,CAR3053002020020319075726,Llagas Creek (below Chesbro Reservoir),Llagas Creek,305OAK,Llagas Creek @ Oak Glen Avenue,Chloride,,,10,mg/L,WA,"The site specific objective for Chloride for Llagas Creek (below Chesbro Reservoir) is an annual mean of 10 mg/L (Table 3-5, Water Quality Control Plan, Central Coastal Basin).",7402,,,365,Mean,F,,Y
3,CAR3053002020020319075726,Llagas Creek (below Chesbro Reservoir),Llagas Creek,305OAK,Llagas Creek @ Oak Glen Avenue,Sodium,,,20,mg/L,WA,"The site specific objective for Sodium for Llagas Creek (below Chesbro Reservoir) is an annual mean of 20 mg/L (Table 3-5, Water Quality Control Plan, Central Coastal Basin).",7402,,,365,Mean,F,,Y
3,CAR3053002020020319075726,Llagas Creek (below Chesbro Reservoir),Llagas Creek,305OAK,Llagas Creek @ Oak Glen Avenue,Sulfate,,,20,mg/L,WA,"The site specific objective for Sulfate for Llagas Creek (below Chesbro Reservoir) is an annual mean of 20 mg/L (Table 3-5, Water Quality Control Plan, Central Coastal Basin).",7402,,,365,Mean,F,,Y
3,CAR3053002020020319075726,Llagas Creek (below Chesbro Reservoir),Llagas Creek,305OAK,Llagas Creek @ Oak Glen Avenue,Total Dissolved Solids,,,200,mg/L,WA,"The site specific objective for Total Dissolved Solids for Llagas Creek (below Chesbro Reservoir) is an annual mean of 200 mg/L (Table 3-5, Water Quality Control Plan, Central Coastal Basin).",7402,,,365,Mean,F,,Y
3,CAR3053002020020319075726,Llagas Creek (below Chesbro Reservoir),Llagas Creek,305PS0061,Llagas Creek below E San Martin Ave.,Boron,,,0.2,mg/L,AG,"The site specific objective for Boron for Llagas Creek (below Chesbro Reservoir) is an annual mean of 0.2 mg/L (Table 3-5, Water Quality Control Plan, Central Coastal Basin).",7402,,,365,Mean,F,,Y
3,CAR3053002020020319075726,Llagas Creek (below Chesbro Reservoir),Llagas Creek,305PS0061,Llagas Creek below E San Martin Ave.,Chloride,,,10,mg/L,WA,"The site specific objective for Chloride for Llagas Creek (below Chesbro Reservoir) is an annual mean of 10 mg/L (Table 3-5, Water Quality Control Plan, Central Coastal Basin).",7402,,,365,Mean,F,,Y
3,CAR3053002020020319075726,Llagas Creek (below Chesbro Reservoir),Llagas Creek,305PS0061,Llagas Creek below E San Martin Ave.,Sodium,,,20,mg/L,WA,"The site specific objective for Sodium for Llagas Creek (below Chesbro Reservoir) is an annual mean of 20 mg/L (Table 3-5, Water Quality Control Plan, Central Coastal Basin).",7402,,,365,Mean,F,,Y
3,CAR3053002020020319075726,Llagas Creek (below Chesbro Reservoir),Llagas Creek,305PS0061,Llagas Creek below E San Martin Ave.,Sulfate,,,20,mg/L,WA,"The site specific objective for Sulfate for Llagas Creek (below Chesbro Reservoir) is an annual mean of 20 mg/L (Table 3-5, Water Quality Control Plan, Central Coastal Basin).",7402,,,365,Mean,F,,Y
3,CAR3053002020020319075726,Llagas Creek (below Chesbro Reservoir),Llagas Creek,305PS0061,Llagas Creek below E San Martin Ave.,Total Dissolved Solids,,,200,mg/L,WA,"The site specific objective for Total Dissolved Solids for Llagas Creek (below Chesbro Reservoir) is an annual mean of 200 mg/L (Table 3-5, Water Quality Control Plan, Central Coastal Basin).",7402,,,365,Mean,F,,Y
3,CAR3053002020020319075726,Llagas Creek (below Chesbro Reservoir),Llagas Creek,305VIS,Llagas Creek @ Buena Vista Avenue,Boron,,,0.2,mg/L,AG,"The site specific objective for Boron for Llagas Creek (below Chesbro Reservoir) is an annual mean of 0.2 mg/L (Table 3-5, Water Quality Control Plan, Central Coastal Basin).",7402,,,365,Mean,F,,Y
3,CAR3053002020020319075726,Llagas Creek (below Chesbro Reservoir),Llagas Creek,305VIS,Llagas Creek @ Buena Vista Avenue,Chloride,,,10,mg/L,WA,"The site specific objective for Chloride for Llagas Creek (below Chesbro Reservoir) is an annual mean of 10 mg/L (Table 3-5, Water Quality Control Plan, Central Coastal Basin).",7402,,,365,Mean,F,,Y
3,CAR3053002020020319075726,Llagas Creek (below Chesbro Reservoir),Llagas Creek,305VIS,Llagas Creek @ Buena Vista Avenue,Sodium,,,20,mg/L,WA,"The site specific objective for Sodium for Llagas Creek (below Chesbro Reservoir) is an annual mean of 20 mg/L (Table 3-5, Water Quality Control Plan, Central Coastal Basin).",7402,,,365,Mean,F,,Y
3,CAR3053002020020319075726,Llagas Creek (below Chesbro Reservoir),Llagas Creek,305VIS,Llagas Creek @ Buena Vista Avenue,Sulfate,,,20,mg/L,WA,"The site specific objective for Sulfate for Llagas Creek (below Chesbro Reservoir) is an annual mean of 20 mg/L (Table 3-5, Water Quality Control Plan, Central Coastal Basin).",7402,,,365,Mean,F,,Y
3,CAR3053002020020319075726,Llagas Creek (below Chesbro Reservoir),Llagas Creek,305VIS,Llagas Creek @ Buena Vista Avenue,Total Dissolved Solids,,,200,mg/L,WA,"The site specific objective for Total Dissolved Solids for Llagas Creek (below Chesbro Reservoir) is an annual mean of 200 mg/L (Table 3-5, Water Quality Control Plan, Central Coastal Basin).",7402,,,365,Mean,F,,Y
3,CAR3053002020020319075726,Llagas Creek (below Chesbro Reservoir),Llagas Creek,SoSCCo-LCD,Llagas Creek at Southside Drive,Boron,,,0.2,mg/L,AG,"The site specific objective for Boron for Llagas Creek (below Chesbro Reservoir) is an annual mean of 0.2 mg/L (Table 3-5, Water Quality Control Plan, Central Coastal Basin).",7402,,,365,Mean,F,,Y
3,CAR3053002020020319075726,Llagas Creek (below Chesbro Reservoir),Llagas Creek,SoSCCo-LCD,Llagas Creek at Southside Drive,Chloride,,,10,mg/L,WA,"The site specific objective for Chloride for Llagas Creek (below Chesbro Reservoir) is an annual mean of 10 mg/L (Table 3-5, Water Quality Control Plan, Central Coastal Basin).",7402,,,365,Mean,F,,Y
3,CAR3053002020020319075726,Llagas Creek (below Chesbro Reservoir),Llagas Creek,SoSCCo-LCD,Llagas Creek at Southside Drive,Sodium,,,20,mg/L,WA,"The site specific objective for Sodium for Llagas Creek (below Chesbro Reservoir) is an annual mean of 20 mg/L (Table 3-5, Water Quality Control Plan, Central Coastal Basin).",7402,,,365,Mean,F,,Y
3,CAR3053002020020319075726,Llagas Creek (below Chesbro Reservoir),Llagas Creek,SoSCCo-LCD,Llagas Creek at Southside Drive,Sulfate,,,20,mg/L,WA,"The site specific objective for Sulfate for Llagas Creek (below Chesbro Reservoir) is an annual mean of 20 mg/L (Table 3-5, Water Quality Control Plan, Central Coastal Basin).",7402,,,365,Mean,F,,Y
3,CAR3053002020020319075726,Llagas Creek (below Chesbro Reservoir),Llagas Creek,SoSCCo-LCD,Llagas Creek at Southside Drive,Total Dissolved Solids,,,200,mg/L,WA,"The site specific objective for Total Dissolved Solids for Llagas Creek (below Chesbro Reservoir) is an annual mean of 200 mg/L (Table 3-5, Water Quality Control Plan, Central Coastal Basin).",7402,,,365,Mean,F,,Y
3,CAR3053002020020319075726,Llagas Creek (below Chesbro Reservoir),Llagas Creek,SoSCCo-MON,Llagas Creek at Monterey Rd,Boron,,,0.2,mg/L,AG,"The site specific objective for Boron for Llagas Creek (below Chesbro Reservoir) is an annual mean of 0.2 mg/L (Table 3-5, Water Quality Control Plan, Central Coastal Basin).",7402,,,365,Mean,F,,Y
3,CAR3053002020020319075726,Llagas Creek (below Chesbro Reservoir),Llagas Creek,SoSCCo-MON,Llagas Creek at Monterey Rd,Chloride,,,10,mg/L,WA,"The site specific objective for Chloride for Llagas Creek (below Chesbro Reservoir) is an annual mean of 10 mg/L (Table 3-5, Water Quality Control Plan, Central Coastal Basin).",7402,,,365,Mean,F,,Y
3,CAR3053002020020319075726,Llagas Creek (below Chesbro Reservoir),Llagas Creek,SoSCCo-MON,Llagas Creek at Monterey Rd,Sodium,,,20,mg/L,WA,"The site specific objective for Sodium for Llagas Creek (below Chesbro Reservoir) is an annual mean of 20 mg/L (Table 3-5, Water Quality Control Plan, Central Coastal Basin).",7402,,,365,Mean,F,,Y
3,CAR3053002020020319075726,Llagas Creek (below Chesbro Reservoir),Llagas Creek,SoSCCo-MON,Llagas Creek at Monterey Rd,Sulfate,,,20,mg/L,WA,"The site specific objective for Sulfate for Llagas Creek (below Chesbro Reservoir) is an annual mean of 20 mg/L (Table 3-5, Water Quality Control Plan, Central Coastal Basin).",7402,,,365,Mean,F,,Y
3,CAR3053002020020319075726,Llagas Creek (below Chesbro Reservoir),Llagas Creek,SoSCCo-MON,Llagas Creek at Monterey Rd,Total Dissolved Solids,,,200,mg/L,WA,"The site specific objective for Total Dissolved Solids for Llagas Creek (below Chesbro Reservoir) is an annual mean of 200 mg/L (Table 3-5, Water Quality Control Plan, Central Coastal Basin).",7402,,,365,Mean,F,,Y
3,CAR3053002020020319075726,Llagas Creek (below Chesbro Reservoir),Llagas Creek,SoSCCo-OAK,Llagas Creek at Oak Glen Ave,Boron,,,0.2,mg/L,AG,"The site specific objective for Boron for Llagas Creek (below Chesbro Reservoir) is an annual mean of 0.2 mg/L (Table 3-5, Water Quality Control Plan, Central Coastal Basin).",7402,,,365,Mean,F,,Y
3,CAR3053002020020319075726,Llagas Creek (below Chesbro Reservoir),Llagas Creek,SoSCCo-OAK,Llagas Creek at Oak Glen Ave,Chloride,,,10,mg/L,WA,"The site specific objective for Chloride for Llagas Creek (below Chesbro Reservoir) is an annual mean of 10 mg/L (Table 3-5, Water Quality Control Plan, Central Coastal Basin).",7402,,,365,Mean,F,,Y
3,CAR3053002020020319075726,Llagas Creek (below Chesbro Reservoir),Llagas Creek,SoSCCo-OAK,Llagas Creek at Oak Glen Ave,Sodium,,,20,mg/L,WA,"The site specific objective for Sodium for Llagas Creek (below Chesbro Reservoir) is an annual mean of 20 mg/L (Table 3-5, Water Quality Control Plan, Central Coastal Basin).",7402,,,365,Mean,F,,Y
3,CAR3053002020020319075726,Llagas Creek (below Chesbro Reservoir),Llagas Creek,SoSCCo-OAK,Llagas Creek at Oak Glen Ave,Sulfate,,,20,mg/L,WA,"The site specific objective for Sulfate for Llagas Creek (below Chesbro Reservoir) is an annual mean of 20 mg/L (Table 3-5, Water Quality Control Plan, Central Coastal Basin).",7402,,,365,Mean,F,,Y
3,CAR3053002020020319075726,Llagas Creek (below Chesbro Reservoir),Llagas Creek,SoSCCo-OAK,Llagas Creek at Oak Glen Ave,Total Dissolved Solids,,,200,mg/L,WA,"The site specific objective for Total Dissolved Solids for Llagas Creek (below Chesbro Reservoir) is an annual mean of 200 mg/L (Table 3-5, Water Quality Control Plan, Central Coastal Basin).",7402,,,365,Mean,F,,Y
3,CAR3053002020020319075726,Llagas Creek (below Chesbro Reservoir),Llagas Creek,SoSCCo-SCC-REC,Llagas Creek at Yvonne Drive,Boron,,,0.2,mg/L,AG,"The site specific objective for Boron for Llagas Creek (below Chesbro Reservoir) is an annual mean of 0.2 mg/L (Table 3-5, Water Quality Control Plan, Central Coastal Basin).",7402,,,365,Mean,F,,Y
3,CAR3053002020020319075726,Llagas Creek (below Chesbro Reservoir),Llagas Creek,SoSCCo-SCC-REC,Llagas Creek at Yvonne Drive,Chloride,,,10,mg/L,WA,"The site specific objective for Chloride for Llagas Creek (below Chesbro Reservoir) is an annual mean of 10 mg/L (Table 3-5, Water Quality Control Plan, Central Coastal Basin).",7402,,,365,Mean,F,,Y
3,CAR3053002020020319075726,Llagas Creek (below Chesbro Reservoir),Llagas Creek,SoSCCo-SCC-REC,Llagas Creek at Yvonne Drive,Sodium,,,20,mg/L,WA,"The site specific objective for Sodium for Llagas Creek (below Chesbro Reservoir) is an annual mean of 20 mg/L (Table 3-5, Water Quality Control Plan, Central Coastal Basin).",7402,,,365,Mean,F,,Y
3,CAR3053002020020319075726,Llagas Creek (below Chesbro Reservoir),Llagas Creek,SoSCCo-SCC-REC,Llagas Creek at Yvonne Drive,Sulfate,,,20,mg/L,WA,"The site specific objective for Sulfate for Llagas Creek (below Chesbro Reservoir) is an annual mean of 20 mg/L (Table 3-5, Water Quality Control Plan, Central Coastal Basin).",7402,,,365,Mean,F,,Y
3,CAR3053002020020319075726,Llagas Creek (below Chesbro Reservoir),Llagas Creek,SoSCCo-SCC-REC,Llagas Creek at Yvonne Drive,Total Dissolved Solids,,,200,mg/L,WA,"The site specific objective for Total Dissolved Solids for Llagas Creek (below Chesbro Reservoir) is an annual mean of 200 mg/L (Table 3-5, Water Quality Control Plan, Central Coastal Basin).",7402,,,365,Mean,F,,Y
3,CAR3053002020020319075726,Llagas Creek (below Chesbro Reservoir),Llagas Creek,SoSCCo-VIS,Llagas Creek at Buena Vista Ave,Boron,,,0.2,mg/L,AG,"The site specific objective for Boron for Llagas Creek (below Chesbro Reservoir) is an annual mean of 0.2 mg/L (Table 3-5, Water Quality Control Plan, Central Coastal Basin).",7402,,,365,Mean,F,,Y
3,CAR3053002020020319075726,Llagas Creek (below Chesbro Reservoir),Llagas Creek,SoSCCo-VIS,Llagas Creek at Buena Vista Ave,Chloride,,,10,mg/L,WA,"The site specific objective for Chloride for Llagas Creek (below Chesbro Reservoir) is an annual mean of 10 mg/L (Table 3-5, Water Quality Control Plan, Central Coastal Basin).",7402,,,365,Mean,F,,Y
3,CAR3053002020020319075726,Llagas Creek (below Chesbro Reservoir),Llagas Creek,SoSCCo-VIS,Llagas Creek at Buena Vista Ave,Sodium,,,20,mg/L,WA,"The site specific objective for Sodium for Llagas Creek (below Chesbro Reservoir) is an annual mean of 20 mg/L (Table 3-5, Water Quality Control Plan, Central Coastal Basin).",7402,,,365,Mean,F,,Y
3,CAR3053002020020319075726,Llagas Creek (below Chesbro Reservoir),Llagas Creek,SoSCCo-VIS,Llagas Creek at Buena Vista Ave,Sulfate,,,20,mg/L,WA,"The site specific objective for Sulfate for Llagas Creek (below Chesbro Reservoir) is an annual mean of 20 mg/L (Table 3-5, Water Quality Control Plan, Central Coastal Basin).",7402,,,365,Mean,F,,Y
3,CAR3053002020020319075726,Llagas Creek (below Chesbro Reservoir),Llagas Creek,SoSCCo-VIS,Llagas Creek at Buena Vista Ave,Total Dissolved Solids,,,200,mg/L,WA,"The site specific objective for Total Dissolved Solids for Llagas Creek (below Chesbro Reservoir) is an annual mean of 200 mg/L (Table 3-5, Water Quality Control Plan, Central Coastal Basin).",7402,,,365,Mean,F,,Y
3,CAR3053002020020319075726,Llagas Creek (below Chesbro Reservoir),Llagas Creek,SoSCCo-WAT,Llagas Creek at Watsonville Rd,Boron,,,0.2,mg/L,AG,"The site specific objective for Boron for Llagas Creek (below Chesbro Reservoir) is an annual mean of 0.2 mg/L (Table 3-5, Water Quality Control Plan, Central Coastal Basin).",7402,,,365,Mean,F,,Y
3,CAR3053002020020319075726,Llagas Creek (below Chesbro Reservoir),Llagas Creek,SoSCCo-WAT,Llagas Creek at Watsonville Rd,Chloride,,,10,mg/L,WA,"The site specific objective for Chloride for Llagas Creek (below Chesbro Reservoir) is an annual mean of 10 mg/L (Table 3-5, Water Quality Control Plan, Central Coastal Basin).",7402,,,365,Mean,F,,Y
3,CAR3053002020020319075726,Llagas Creek (below Chesbro Reservoir),Llagas Creek,SoSCCo-WAT,Llagas Creek at Watsonville Rd,Sodium,,,20,mg/L,WA,"The site specific objective for Sodium for Llagas Creek (below Chesbro Reservoir) is an annual mean of 20 mg/L (Table 3-5, Water Quality Control Plan, Central Coastal Basin).",7402,,,365,Mean,F,,Y
3,CAR3053002020020319075726,Llagas Creek (below Chesbro Reservoir),Llagas Creek,SoSCCo-WAT,Llagas Creek at Watsonville Rd,Sulfate,,,20,mg/L,WA,"The site specific objective for Sulfate for Llagas Creek (below Chesbro Reservoir) is an annual mean of 20 mg/L (Table 3-5, Water Quality Control Plan, Central Coastal Basin).",7402,,,365,Mean,F,,Y
3,CAR3053002020020319075726,Llagas Creek (below Chesbro Reservoir),Llagas Creek,SoSCCo-WAT,Llagas Creek at Watsonville Rd,Total Dissolved Solids,,,200,mg/L,WA,"The site specific objective for Total Dissolved Solids for Llagas Creek (below Chesbro Reservoir) is an annual mean of 200 mg/L (Table 3-5, Water Quality Control Plan, Central Coastal Basin).",7402,,,365,Mean,F,,Y
3,CAR3053002020020319075726,Llagas Creek (below Chesbro Reservoir),Llagas Creek,USGS-11153650,LLAGAS C NR GILROY,Boron,,,0.2,mg/L,AG,"The site specific objective for Boron for Llagas Creek (below Chesbro Reservoir) is an annual mean of 0.2 mg/L (Table 3-5, Water Quality Control Plan, Central Coastal Basin).",7402,,,365,Mean,F,,Y
3,CAR3053002020020319075726,Llagas Creek (below Chesbro Reservoir),Llagas Creek,USGS-11153650,LLAGAS C NR GILROY,Chloride,,,10,mg/L,WA,"The site specific objective for Chloride for Llagas Creek (below Chesbro Reservoir) is an annual mean of 10 mg/L (Table 3-5, Water Quality Control Plan, Central Coastal Basin).",7402,,,365,Mean,F,,Y
3,CAR3053002020020319075726,Llagas Creek (below Chesbro Reservoir),Llagas Creek,USGS-11153650,LLAGAS C NR GILROY,Sodium,,,20,mg/L,WA,"The site specific objective for Sodium for Llagas Creek (below Chesbro Reservoir) is an annual mean of 20 mg/L (Table 3-5, Water Quality Control Plan, Central Coastal Basin).",7402,,,365,Mean,F,,Y
3,CAR3053002020020319075726,Llagas Creek (below Chesbro Reservoir),Llagas Creek,USGS-11153650,LLAGAS C NR GILROY,Sulfate,,,20,mg/L,WA,"The site specific objective for Sulfate for Llagas Creek (below Chesbro Reservoir) is an annual mean of 20 mg/L (Table 3-5, Water Quality Control Plan, Central Coastal Basin).",7402,,,365,Mean,F,,Y
3,CAR3053002020020319075726,Llagas Creek (below Chesbro Reservoir),Llagas Creek,USGS-11153650,LLAGAS C NR GILROY,Total Dissolved Solids,,,200,mg/L,WA,"The site specific objective for Total Dissolved Solids for Llagas Creek (below Chesbro Reservoir) is an annual mean of 200 mg/L (Table 3-5, Water Quality Control Plan, Central Coastal Basin).",7402,,,365,Mean,F,,Y
3,CAR3053002020020319075726,Llagas Creek (below Chesbro Reservoir),Llagas Creek,USGS-370512121361901,LLAGAS C A SAN MARTIN AVE A SAN MARTIN CA,Boron,,,0.2,mg/L,AG,"The site specific objective for Boron for Llagas Creek (below Chesbro Reservoir) is an annual mean of 0.2 mg/L (Table 3-5, Water Quality Control Plan, Central Coastal Basin).",7402,,,365,Mean,F,,Y
3,CAR3053002020020319075726,Llagas Creek (below Chesbro Reservoir),Llagas Creek,USGS-370512121361901,LLAGAS C A SAN MARTIN AVE A SAN MARTIN CA,Chloride,,,10,mg/L,WA,"The site specific objective for Chloride for Llagas Creek (below Chesbro Reservoir) is an annual mean of 10 mg/L (Table 3-5, Water Quality Control Plan, Central Coastal Basin).",7402,,,365,Mean,F,,Y
3,CAR3053002020020319075726,Llagas Creek (below Chesbro Reservoir),Llagas Creek,USGS-370512121361901,LLAGAS C A SAN MARTIN AVE A SAN MARTIN CA,Sodium,,,20,mg/L,WA,"The site specific objective for Sodium for Llagas Creek (below Chesbro Reservoir) is an annual mean of 20 mg/L (Table 3-5, Water Quality Control Plan, Central Coastal Basin).",7402,,,365,Mean,F,,Y
3,CAR3053002020020319075726,Llagas Creek (below Chesbro Reservoir),Llagas Creek,USGS-370512121361901,LLAGAS C A SAN MARTIN AVE A SAN MARTIN CA,Sulfate,,,20,mg/L,WA,"The site specific objective for Sulfate for Llagas Creek (below Chesbro Reservoir) is an annual mean of 20 mg/L (Table 3-5, Water Quality Control Plan, Central Coastal Basin).",7402,,,365,Mean,F,,Y
3,CAR3053002020020319075726,Llagas Creek (below Chesbro Reservoir),Llagas Creek,USGS-370512121361901,LLAGAS C A SAN MARTIN AVE A SAN MARTIN CA,Total Dissolved Solids,,,200,mg/L,WA,"The site specific objective for Total Dissolved Solids for Llagas Creek (below Chesbro Reservoir) is an annual mean of 200 mg/L (Table 3-5, Water Quality Control Plan, Central Coastal Basin).",7402,,,365,Mean,F,,Y
3,CAR3070005019990223142907,Carmel River,Carmel River,180CAR045,Carmel River De Dampierre,Boron,,,0.2,mg/L,AG,"The site specific objective for Boron for Carmel River is an annual mean of 0.2 mg/L (Table 3-5, Water Quality Control Plan, Central Coastal Basin).",7402,,,365,Mean,F,,Y
3,CAR3070005019990223142907,Carmel River,Carmel River,180CAR045,Carmel River De Dampierre,Chloride,,,20,mg/L,WA,"The site specific objective for Chloride for Carmel River is an annual mean of 20 mg/L (Table 3-5, Water Quality Control Plan, Central Coastal Basin).",7402,,,365,Mean,F,,Y
3,CAR3070005019990223142907,Carmel River,Carmel River,180CAR045,Carmel River De Dampierre,Sodium,,,20,mg/L,WA,"The site specific objective for Sodium for Carmel River is an annual mean of 20 mg/L (Table 3-5, Water Quality Control Plan, Central Coastal Basin).",7402,,,365,Mean,F,,Y
3,CAR3070005019990223142907,Carmel River,Carmel River,180CAR045,Carmel River De Dampierre,Sulfate,,,50,mg/L,WA,"The site specific objective for Sulfate for Carmel River is an annual mean of 50 mg/L (Table 3-5, Water Quality Control Plan, Central Coastal Basin).",7402,,,365,Mean,F,,Y
3,CAR3070005019990223142907,Carmel River,Carmel River,180CAR045,Carmel River De Dampierre,Total Dissolved Solids,,,200,mg/L,WA,"The site specific objective for Total Dissolved Solids for Carmel River is an annual mean of 200 mg/L (Table 3-5, Water Quality Control Plan, Central Coastal Basin).",7402,,,365,Mean,F,,Y
3,CAR3070005019990223142907,Carmel River,Carmel River,307-CARME-31,Carmel River at Cachuaga Community Center,Boron,,,0.2,mg/L,AG,"The site specific objective for Boron for Carmel River is an annual mean of 0.2 mg/L (Table 3-5, Water Quality Control Plan, Central Coastal Basin).",7402,,,365,Mean,F,,Y
3,CAR3070005019990223142907,Carmel River,Carmel River,307-CARME-31,Carmel River at Cachuaga Community Center,Chloride,,,20,mg/L,WA,"The site specific objective for Chloride for Carmel River is an annual mean of 20 mg/L (Table 3-5, Water Quality Control Plan, Central Coastal Basin).",7402,,,365,Mean,F,,Y
3,CAR3070005019990223142907,Carmel River,Carmel River,307-CARME-31,Carmel River at Cachuaga Community Center,Sodium,,,20,mg/L,WA,"The site specific objective for Sodium for Carmel River is an annual mean of 20 mg/L (Table 3-5, Water Quality Control Plan, Central Coastal Basin).",7402,,,365,Mean,F,,Y
3,CAR3070005019990223142907,Carmel River,Carmel River,307-CARME-31,Carmel River at Cachuaga Community Center,Sulfate,,,50,mg/L,WA,"The site specific objective for Sulfate for Carmel River is an annual mean of 50 mg/L (Table 3-5, Water Quality Control Plan, Central Coastal Basin).",7402,,,365,Mean,F,,Y
3,CAR3070005019990223142907,Carmel River,Carmel River,307-CARME-31,Carmel River at Cachuaga Community Center,Total Dissolved Solids,,,200,mg/L,WA,"The site specific objective for Total Dissolved Solids for Carmel River is an annual mean of 200 mg/L (Table 3-5, Water Quality Control Plan, Central Coastal Basin).",7402,,,365,Mean,F,,Y
3,CAR3070005019990223142907,Carmel River,Carmel River,307-CARME-33,Carmel River at Rosie's Bridge,Boron,,,0.2,mg/L,AG,"The site specific objective for Boron for Carmel River is an annual mean of 0.2 mg/L (Table 3-5, Water Quality Control Plan, Central Coastal Basin).",7402,,,365,Mean,F,,Y
3,CAR3070005019990223142907,Carmel River,Carmel River,307-CARME-33,Carmel River at Rosie's Bridge,Chloride,,,20,mg/L,WA,"The site specific objective for Chloride for Carmel River is an annual mean of 20 mg/L (Table 3-5, Water Quality Control Plan, Central Coastal Basin).",7402,,,365,Mean,F,,Y
3,CAR3070005019990223142907,Carmel River,Carmel River,307-CARME-33,Carmel River at Rosie's Bridge,Sodium,,,20,mg/L,WA,"The site specific objective for Sodium for Carmel River is an annual mean of 20 mg/L (Table 3-5, Water Quality Control Plan, Central Coastal Basin).",7402,,,365,Mean,F,,Y
3,CAR3070005019990223142907,Carmel River,Carmel River,307-CARME-33,Carmel River at Rosie's Bridge,Sulfate,,,50,mg/L,WA,"The site specific objective for Sulfate for Carmel River is an annual mean of 50 mg/L (Table 3-5, Water Quality Control Plan, Central Coastal Basin).",7402,,,365,Mean,F,,Y
3,CAR3070005019990223142907,Carmel River,Carmel River,307-CARME-33,Carmel River at Rosie's Bridge,Total Dissolved Solids,,,200,mg/L,WA,"The site specific objective for Total Dissolved Solids for Carmel River is an annual mean of 200 mg/L (Table 3-5, Water Quality Control Plan, Central Coastal Basin).",7402,,,365,Mean,F,,Y
3,CAR3070005019990223142907,Carmel River,Carmel River,307-CARME-35,Carmel River at Garland Park,Boron,,,0.2,mg/L,AG,"The site specific objective for Boron for Carmel River is an annual mean of 0.2 mg/L (Table 3-5, Water Quality Control Plan, Central Coastal Basin).",7402,,,365,Mean,F,,Y
3,CAR3070005019990223142907,Carmel River,Carmel River,307-CARME-35,Carmel River at Garland Park,Chloride,,,20,mg/L,WA,"The site specific objective for Chloride for Carmel River is an annual mean of 20 mg/L (Table 3-5, Water Quality Control Plan, Central Coastal Basin).",7402,,,365,Mean,F,,Y
3,CAR3070005019990223142907,Carmel River,Carmel River,307-CARME-35,Carmel River at Garland Park,Sodium,,,20,mg/L,WA,"The site specific objective for Sodium for Carmel River is an annual mean of 20 mg/L (Table 3-5, Water Quality Control Plan, Central Coastal Basin).",7402,,,365,Mean,F,,Y
3,CAR3070005019990223142907,Carmel River,Carmel River,307-CARME-35,Carmel River at Garland Park,Sulfate,,,50,mg/L,WA,"The site specific objective for Sulfate for Carmel River is an annual mean of 50 mg/L (Table 3-5, Water Quality Control Plan, Central Coastal Basin).",7402,,,365,Mean,F,,Y
3,CAR3070005019990223142907,Carmel River,Carmel River,307-CARME-35,Carmel River at Garland Park,Total Dissolved Solids,,,200,mg/L,WA,"The site specific objective for Total Dissolved Solids for Carmel River is an annual mean of 200 mg/L (Table 3-5, Water Quality Control Plan, Central Coastal Basin).",7402,,,365,Mean,F,,Y
3,CAR3070005019990223142907,Carmel River,Carmel River,307-CARME-36,Carmel River at Schulte Road MBNMS,Boron,,,0.2,mg/L,AG,"The site specific objective for Boron for Carmel River is an annual mean of 0.2 mg/L (Table 3-5, Water Quality Control Plan, Central Coastal Basin).",7402,,,365,Mean,F,,Y
3,CAR3070005019990223142907,Carmel River,Carmel River,307-CARME-36,Carmel River at Schulte Road MBNMS,Chloride,,,20,mg/L,WA,"The site specific objective for Chloride for Carmel River is an annual mean of 20 mg/L (Table 3-5, Water Quality Control Plan, Central Coastal Basin).",7402,,,365,Mean,F,,Y
3,CAR3070005019990223142907,Carmel River,Carmel River,307-CARME-36,Carmel River at Schulte Road MBNMS,Sodium,,,20,mg/L,WA,"The site specific objective for Sodium for Carmel River is an annual mean of 20 mg/L (Table 3-5, Water Quality Control Plan, Central Coastal Basin).",7402,,,365,Mean,F,,Y
3,CAR3070005019990223142907,Carmel River,Carmel River,307-CARME-36,Carmel River at Schulte Road MBNMS,Sulfate,,,50,mg/L,WA,"The site specific objective for Sulfate for Carmel River is an annual mean of 50 mg/L (Table 3-5, Water Quality Control Plan, Central Coastal Basin).",7402,,,365,Mean,F,,Y
3,CAR3070005019990223142907,Carmel River,Carmel River,307-CARME-36,Carmel River at Schulte Road MBNMS,Total Dissolved Solids,,,200,mg/L,WA,"The site specific objective for Total Dissolved Solids for Carmel River is an annual mean of 200 mg/L (Table 3-5, Water Quality Control Plan, Central Coastal Basin).",7402,,,365,Mean,F,,Y
3,CAR3070005019990223142907,Carmel River,Carmel River,307-CARME-366,Carmel River @ Schulte Road - upstream,Boron,,,0.2,mg/L,AG,"The site specific objective for Boron for Carmel River is an annual mean of 0.2 mg/L (Table 3-5, Water Quality Control Plan, Central Coastal Basin).",7402,,,365,Mean,F,,Y
3,CAR3070005019990223142907,Carmel River,Carmel River,307-CARME-366,Carmel River @ Schulte Road - upstream,Chloride,,,20,mg/L,WA,"The site specific objective for Chloride for Carmel River is an annual mean of 20 mg/L (Table 3-5, Water Quality Control Plan, Central Coastal Basin).",7402,,,365,Mean,F,,Y
3,CAR3070005019990223142907,Carmel River,Carmel River,307-CARME-366,Carmel River @ Schulte Road - upstream,Sodium,,,20,mg/L,WA,"The site specific objective for Sodium for Carmel River is an annual mean of 20 mg/L (Table 3-5, Water Quality Control Plan, Central Coastal Basin).",7402,,,365,Mean,F,,Y
3,CAR3070005019990223142907,Carmel River,Carmel River,307-CARME-366,Carmel River @ Schulte Road - upstream,Sulfate,,,50,mg/L,WA,"The site specific objective for Sulfate for Carmel River is an annual mean of 50 mg/L (Table 3-5, Water Quality Control Plan, Central Coastal Basin).",7402,,,365,Mean,F,,Y
3,CAR3070005019990223142907,Carmel River,Carmel River,307-CARME-366,Carmel River @ Schulte Road - upstream,Total Dissolved Solids,,,200,mg/L,WA,"The site specific objective for Total Dissolved Solids for Carmel River is an annual mean of 200 mg/L (Table 3-5, Water Quality Control Plan, Central Coastal Basin).",7402,,,365,Mean,F,,Y
3,CAR3070005019990223142907,Carmel River,Carmel River,307-CARME-37,Carmel River at Hacienda Carmel,Boron,,,0.2,mg/L,AG,"The site specific objective for Boron for Carmel River is an annual mean of 0.2 mg/L (Table 3-5, Water Quality Control Plan, Central Coastal Basin).",7402,,,365,Mean,F,,Y
3,CAR3070005019990223142907,Carmel River,Carmel River,307-CARME-37,Carmel River at Hacienda Carmel,Chloride,,,20,mg/L,WA,"The site specific objective for Chloride for Carmel River is an annual mean of 20 mg/L (Table 3-5, Water Quality Control Plan, Central Coastal Basin).",7402,,,365,Mean,F,,Y
3,CAR3070005019990223142907,Carmel River,Carmel River,307-CARME-37,Carmel River at Hacienda Carmel,Sodium,,,20,mg/L,WA,"The site specific objective for Sodium for Carmel River is an annual mean of 20 mg/L (Table 3-5, Water Quality Control Plan, Central Coastal Basin).",7402,,,365,Mean,F,,Y
3,CAR3070005019990223142907,Carmel River,Carmel River,307-CARME-37,Carmel River at Hacienda Carmel,Sulfate,,,50,mg/L,WA,"The site specific objective for Sulfate for Carmel River is an annual mean of 50 mg/L (Table 3-5, Water Quality Control Plan, Central Coastal Basin).",7402,,,365,Mean,F,,Y
3,CAR3070005019990223142907,Carmel River,Carmel River,307-CARME-37,Carmel River at Hacienda Carmel,Total Dissolved Solids,,,200,mg/L,WA,"The site specific objective for Total Dissolved Solids for Carmel River is an annual mean of 200 mg/L (Table 3-5, Water Quality Control Plan, Central Coastal Basin).",7402,,,365,Mean,F,,Y
3,CAR3070005019990223142907,Carmel River,Carmel River,307-CARME-38,Carmel River at Hwy 1 MBNMS,Boron,,,0.2,mg/L,AG,"The site specific objective for Boron for Carmel River is an annual mean of 0.2 mg/L (Table 3-5, Water Quality Control Plan, Central Coastal Basin).",7402,,,365,Mean,F,,Y
3,CAR3070005019990223142907,Carmel River,Carmel River,307-CARME-38,Carmel River at Hwy 1 MBNMS,Chloride,,,20,mg/L,WA,"The site specific objective for Chloride for Carmel River is an annual mean of 20 mg/L (Table 3-5, Water Quality Control Plan, Central Coastal Basin).",7402,,,365,Mean,F,,Y
3,CAR3070005019990223142907,Carmel River,Carmel River,307-CARME-38,Carmel River at Hwy 1 MBNMS,Sodium,,,20,mg/L,WA,"The site specific objective for Sodium for Carmel River is an annual mean of 20 mg/L (Table 3-5, Water Quality Control Plan, Central Coastal Basin).",7402,,,365,Mean,F,,Y
3,CAR3070005019990223142907,Carmel River,Carmel River,307-CARME-38,Carmel River at Hwy 1 MBNMS,Sulfate,,,50,mg/L,WA,"The site specific objective for Sulfate for Carmel River is an annual mean of 50 mg/L (Table 3-5, Water Quality Control Plan, Central Coastal Basin).",7402,,,365,Mean,F,,Y
3,CAR3070005019990223142907,Carmel River,Carmel River,307-CARME-38,Carmel River at Hwy 1 MBNMS,Total Dissolved Solids,,,200,mg/L,WA,"The site specific objective for Total Dissolved Solids for Carmel River is an annual mean of 200 mg/L (Table 3-5, Water Quality Control Plan, Central Coastal Basin).",7402,,,365,Mean,F,,Y
3,CAR3070005019990223142907,Carmel River,Carmel River,307-CARME-39,Carmel River Mouth,Boron,,,0.2,mg/L,AG,"The site specific objective for Boron for Carmel River is an annual mean of 0.2 mg/L (Table 3-5, Water Quality Control Plan, Central Coastal Basin).",7402,,,365,Mean,F,,Y
3,CAR3070005019990223142907,Carmel River,Carmel River,307-CARME-39,Carmel River Mouth,Chloride,,,20,mg/L,WA,"The site specific objective for Chloride for Carmel River is an annual mean of 20 mg/L (Table 3-5, Water Quality Control Plan, Central Coastal Basin).",7402,,,365,Mean,F,,Y
3,CAR3070005019990223142907,Carmel River,Carmel River,307-CARME-39,Carmel River Mouth,Sodium,,,20,mg/L,WA,"The site specific objective for Sodium for Carmel River is an annual mean of 20 mg/L (Table 3-5, Water Quality Control Plan, Central Coastal Basin).",7402,,,365,Mean,F,,Y
3,CAR3070005019990223142907,Carmel River,Carmel River,307-CARME-39,Carmel River Mouth,Sulfate,,,50,mg/L,WA,"The site specific objective for Sulfate for Carmel River is an annual mean of 50 mg/L (Table 3-5, Water Quality Control Plan, Central Coastal Basin).",7402,,,365,Mean,F,,Y
3,CAR3070005019990223142907,Carmel River,Carmel River,307-CARME-39,Carmel River Mouth,Total Dissolved Solids,,,200,mg/L,WA,"The site specific objective for Total Dissolved Solids for Carmel River is an annual mean of 200 mg/L (Table 3-5, Water Quality Control Plan, Central Coastal Basin).",7402,,,365,Mean,F,,Y
3,CAR3070005019990223142907,Carmel River,Carmel River,307CMD,Carmel River @ Schulte Rd,Boron,,,0.2,mg/L,AG,"The site specific objective for Boron for Carmel River is an annual mean of 0.2 mg/L (Table 3-5, Water Quality Control Plan, Central Coastal Basin).",7402,,,365,Mean,F,,Y
3,CAR3070005019990223142907,Carmel River,Carmel River,307CMD,Carmel River @ Schulte Rd,Chloride,,,20,mg/L,WA,"The site specific objective for Chloride for Carmel River is an annual mean of 20 mg/L (Table 3-5, Water Quality Control Plan, Central Coastal Basin).",7402,,,365,Mean,F,,Y
3,CAR3070005019990223142907,Carmel River,Carmel River,307CMD,Carmel River @ Schulte Rd,Sodium,,,20,mg/L,WA,"The site specific objective for Sodium for Carmel River is an annual mean of 20 mg/L (Table 3-5, Water Quality Control Plan, Central Coastal Basin).",7402,,,365,Mean,F,,Y
3,CAR3070005019990223142907,Carmel River,Carmel River,307CMD,Carmel River @ Schulte Rd,Sulfate,,,50,mg/L,WA,"The site specific objective for Sulfate for Carmel River is an annual mean of 50 mg/L (Table 3-5, Water Quality Control Plan, Central Coastal Basin).",7402,,,365,Mean,F,,Y
3,CAR3070005019990223142907,Carmel River,Carmel River,307CMD,Carmel River @ Schulte Rd,Total Dissolved Solids,,,200,mg/L,WA,"The site specific objective for Total Dissolved Solids for Carmel River is an annual mean of 200 mg/L (Table 3-5, Water Quality Control Plan, Central Coastal Basin).",7402,,,365,Mean,F,,Y
3,CAR3070005019990223142907,Carmel River,Carmel River,307CML,Carmel River at Highway 1,Boron,,,0.2,mg/L,AG,"The site specific objective for Boron for Carmel River is an annual mean of 0.2 mg/L (Table 3-5, Water Quality Control Plan, Central Coastal Basin).",7402,,,365,Mean,F,,Y
3,CAR3070005019990223142907,Carmel River,Carmel River,307CML,Carmel River at Highway 1,Chloride,,,20,mg/L,WA,"The site specific objective for Chloride for Carmel River is an annual mean of 20 mg/L (Table 3-5, Water Quality Control Plan, Central Coastal Basin).",7402,,,365,Mean,F,,Y
3,CAR3070005019990223142907,Carmel River,Carmel River,307CML,Carmel River at Highway 1,Sodium,,,20,mg/L,WA,"The site specific objective for Sodium for Carmel River is an annual mean of 20 mg/L (Table 3-5, Water Quality Control Plan, Central Coastal Basin).",7402,,,365,Mean,F,,Y
3,CAR3070005019990223142907,Carmel River,Carmel River,307CML,Carmel River at Highway 1,Sulfate,,,50,mg/L,WA,"The site specific objective for Sulfate for Carmel River is an annual mean of 50 mg/L (Table 3-5, Water Quality Control Plan, Central Coastal Basin).",7402,,,365,Mean,F,,Y
3,CAR3070005019990223142907,Carmel River,Carmel River,307CML,Carmel River at Highway 1,Total Dissolved Solids,,,200,mg/L,WA,"The site specific objective for Total Dissolved Solids for Carmel River is an annual mean of 200 mg/L (Table 3-5, Water Quality Control Plan, Central Coastal Basin).",7402,,,365,Mean,F,,Y
3,CAR3070005019990223142907,Carmel River,Carmel River,307CMN,Carmel River @ Nason Rd Community Park,Boron,,,0.2,mg/L,AG,"The site specific objective for Boron for Carmel River is an annual mean of 0.2 mg/L (Table 3-5, Water Quality Control Plan, Central Coastal Basin).",7402,,,365,Mean,F,,Y
3,CAR3070005019990223142907,Carmel River,Carmel River,307CMN,Carmel River @ Nason Rd Community Park,Chloride,,,20,mg/L,WA,"The site specific objective for Chloride for Carmel River is an annual mean of 20 mg/L (Table 3-5, Water Quality Control Plan, Central Coastal Basin).",7402,,,365,Mean,F,,Y
3,CAR3070005019990223142907,Carmel River,Carmel River,307CMN,Carmel River @ Nason Rd Community Park,Sodium,,,20,mg/L,WA,"The site specific objective for Sodium for Carmel River is an annual mean of 20 mg/L (Table 3-5, Water Quality Control Plan, Central Coastal Basin).",7402,,,365,Mean,F,,Y
3,CAR3070005019990223142907,Carmel River,Carmel River,307CMN,Carmel River @ Nason Rd Community Park,Sulfate,,,50,mg/L,WA,"The site specific objective for Sulfate for Carmel River is an annual mean of 50 mg/L (Table 3-5, Water Quality Control Plan, Central Coastal Basin).",7402,,,365,Mean,F,,Y
3,CAR3070005019990223142907,Carmel River,Carmel River,307CMN,Carmel River @ Nason Rd Community Park,Total Dissolved Solids,,,200,mg/L,WA,"The site specific objective for Total Dissolved Solids for Carmel River is an annual mean of 200 mg/L (Table 3-5, Water Quality Control Plan, Central Coastal Basin).",7402,,,365,Mean,F,,Y
3,CAR3070005019990223142907,Carmel River,Carmel River,307CMRADC,Carmel River above Danish Cr.,Boron,,,0.2,mg/L,AG,"The site specific objective for Boron for Carmel River is an annual mean of 0.2 mg/L (Table 3-5, Water Quality Control Plan, Central Coastal Basin).",7402,,,365,Mean,F,,Y
3,CAR3070005019990223142907,Carmel River,Carmel River,307CMRADC,Carmel River above Danish Cr.,Chloride,,,20,mg/L,WA,"The site specific objective for Chloride for Carmel River is an annual mean of 20 mg/L (Table 3-5, Water Quality Control Plan, Central Coastal Basin).",7402,,,365,Mean,F,,Y
3,CAR3070005019990223142907,Carmel River,Carmel River,307CMRADC,Carmel River above Danish Cr.,Sodium,,,20,mg/L,WA,"The site specific objective for Sodium for Carmel River is an annual mean of 20 mg/L (Table 3-5, Water Quality Control Plan, Central Coastal Basin).",7402,,,365,Mean,F,,Y
3,CAR3070005019990223142907,Carmel River,Carmel River,307CMRADC,Carmel River above Danish Cr.,Sulfate,,,50,mg/L,WA,"The site specific objective for Sulfate for Carmel River is an annual mean of 50 mg/L (Table 3-5, Water Quality Control Plan, Central Coastal Basin).",7402,,,365,Mean,F,,Y
3,CAR3070005019990223142907,Carmel River,Carmel River,307CMRADC,Carmel River above Danish Cr.,Total Dissolved Solids,,,200,mg/L,WA,"The site specific objective for Total Dissolved Solids for Carmel River is an annual mean of 200 mg/L (Table 3-5, Water Quality Control Plan, Central Coastal Basin).",7402,,,365,Mean,F,,Y
3,CAR3070005019990223142907,Carmel River,Carmel River,307CMU,Carmel River at Esquiline Road,Boron,,,0.2,mg/L,AG,"The site specific objective for Boron for Carmel River is an annual mean of 0.2 mg/L (Table 3-5, Water Quality Control Plan, Central Coastal Basin).",7402,,,365,Mean,F,,Y
3,CAR3070005019990223142907,Carmel River,Carmel River,307CMU,Carmel River at Esquiline Road,Chloride,,,20,mg/L,WA,"The site specific objective for Chloride for Carmel River is an annual mean of 20 mg/L (Table 3-5, Water Quality Control Plan, Central Coastal Basin).",7402,,,365,Mean,F,,Y
3,CAR3070005019990223142907,Carmel River,Carmel River,307CMU,Carmel River at Esquiline Road,Sodium,,,20,mg/L,WA,"The site specific objective for Sodium for Carmel River is an annual mean of 20 mg/L (Table 3-5, Water Quality Control Plan, Central Coastal Basin).",7402,,,365,Mean,F,,Y
3,CAR3070005019990223142907,Carmel River,Carmel River,307CMU,Carmel River at Esquiline Road,Sulfate,,,50,mg/L,WA,"The site specific objective for Sulfate for Carmel River is an annual mean of 50 mg/L (Table 3-5, Water Quality Control Plan, Central Coastal Basin).",7402,,,365,Mean,F,,Y
3,CAR3070005019990223142907,Carmel River,Carmel River,307CMU,Carmel River at Esquiline Road,Total Dissolved Solids,,,200,mg/L,WA,"The site specific objective for Total Dissolved Solids for Carmel River is an annual mean of 200 mg/L (Table 3-5, Water Quality Control Plan, Central Coastal Basin).",7402,,,365,Mean,F,,Y
3,CAR3070005019990223142907,Carmel River,Carmel River,307PS0028,Carmel River,Boron,,,0.2,mg/L,AG,"The site specific objective for Boron for Carmel River is an annual mean of 0.2 mg/L (Table 3-5, Water Quality Control Plan, Central Coastal Basin).",7402,,,365,Mean,F,,Y
3,CAR3070005019990223142907,Carmel River,Carmel River,307PS0028,Carmel River,Chloride,,,20,mg/L,WA,"The site specific objective for Chloride for Carmel River is an annual mean of 20 mg/L (Table 3-5, Water Quality Control Plan, Central Coastal Basin).",7402,,,365,Mean,F,,Y
3,CAR3070005019990223142907,Carmel River,Carmel River,307PS0028,Carmel River,Sodium,,,20,mg/L,WA,"The site specific objective for Sodium for Carmel River is an annual mean of 20 mg/L (Table 3-5, Water Quality Control Plan, Central Coastal Basin).",7402,,,365,Mean,F,,Y
3,CAR3070005019990223142907,Carmel River,Carmel River,307PS0028,Carmel River,Sulfate,,,50,mg/L,WA,"The site specific objective for Sulfate for Carmel River is an annual mean of 50 mg/L (Table 3-5, Water Quality Control Plan, Central Coastal Basin).",7402,,,365,Mean,F,,Y
3,CAR3070005019990223142907,Carmel River,Carmel River,307PS0028,Carmel River,Total Dissolved Solids,,,200,mg/L,WA,"The site specific objective for Total Dissolved Solids for Carmel River is an annual mean of 200 mg/L (Table 3-5, Water Quality Control Plan, Central Coastal Basin).",7402,,,365,Mean,F,,Y
3,CAR3070005019990223142907,Carmel River,Carmel River,307PS0044,Carmel River ~0.5mi below Paso Del Rio Rd.,Boron,,,0.2,mg/L,AG,"The site specific objective for Boron for Carmel River is an annual mean of 0.2 mg/L (Table 3-5, Water Quality Control Plan, Central Coastal Basin).",7402,,,365,Mean,F,,Y
3,CAR3070005019990223142907,Carmel River,Carmel River,307PS0044,Carmel River ~0.5mi below Paso Del Rio Rd.,Chloride,,,20,mg/L,WA,"The site specific objective for Chloride for Carmel River is an annual mean of 20 mg/L (Table 3-5, Water Quality Control Plan, Central Coastal Basin).",7402,,,365,Mean,F,,Y
3,CAR3070005019990223142907,Carmel River,Carmel River,307PS0044,Carmel River ~0.5mi below Paso Del Rio Rd.,Sodium,,,20,mg/L,WA,"The site specific objective for Sodium for Carmel River is an annual mean of 20 mg/L (Table 3-5, Water Quality Control Plan, Central Coastal Basin).",7402,,,365,Mean,F,,Y
3,CAR3070005019990223142907,Carmel River,Carmel River,307PS0044,Carmel River ~0.5mi below Paso Del Rio Rd.,Sulfate,,,50,mg/L,WA,"The site specific objective for Sulfate for Carmel River is an annual mean of 50 mg/L (Table 3-5, Water Quality Control Plan, Central Coastal Basin).",7402,,,365,Mean,F,,Y
3,CAR3070005019990223142907,Carmel River,Carmel River,307PS0044,Carmel River ~0.5mi below Paso Del Rio Rd.,Total Dissolved Solids,,,200,mg/L,WA,"The site specific objective for Total Dissolved Solids for Carmel River is an annual mean of 200 mg/L (Table 3-5, Water Quality Control Plan, Central Coastal Basin).",7402,,,365,Mean,F,,Y
3,CAR3070005019990223142907,Carmel River,Carmel River,307RRCAR1,Carmel River at Schulte Rd,Boron,,,0.2,mg/L,AG,"The site specific objective for Boron for Carmel River is an annual mean of 0.2 mg/L (Table 3-5, Water Quality Control Plan, Central Coastal Basin).",7402,,,365,Mean,F,,Y
3,CAR3070005019990223142907,Carmel River,Carmel River,307RRCAR1,Carmel River at Schulte Rd,Chloride,,,20,mg/L,WA,"The site specific objective for Chloride for Carmel River is an annual mean of 20 mg/L (Table 3-5, Water Quality Control Plan, Central Coastal Basin).",7402,,,365,Mean,F,,Y
3,CAR3070005019990223142907,Carmel River,Carmel River,307RRCAR1,Carmel River at Schulte Rd,Sodium,,,20,mg/L,WA,"The site specific objective for Sodium for Carmel River is an annual mean of 20 mg/L (Table 3-5, Water Quality Control Plan, Central Coastal Basin).",7402,,,365,Mean,F,,Y
3,CAR3070005019990223142907,Carmel River,Carmel River,307RRCAR1,Carmel River at Schulte Rd,Sulfate,,,50,mg/L,WA,"The site specific objective for Sulfate for Carmel River is an annual mean of 50 mg/L (Table 3-5, Water Quality Control Plan, Central Coastal Basin).",7402,,,365,Mean,F,,Y
3,CAR3070005019990223142907,Carmel River,Carmel River,307RRCAR1,Carmel River at Schulte Rd,Total Dissolved Solids,,,200,mg/L,WA,"The site specific objective for Total Dissolved Solids for Carmel River is an annual mean of 200 mg/L (Table 3-5, Water Quality Control Plan, Central Coastal Basin).",7402,,,365,Mean,F,,Y
3,CAR3070005019990223142907,Carmel River,Carmel River,307RRCAR12,Carmel River at Valley Greens Dr,Boron,,,0.2,mg/L,AG,"The site specific objective for Boron for Carmel River is an annual mean of 0.2 mg/L (Table 3-5, Water Quality Control Plan, Central Coastal Basin).",7402,,,365,Mean,F,,Y
3,CAR3070005019990223142907,Carmel River,Carmel River,307RRCAR12,Carmel River at Valley Greens Dr,Chloride,,,20,mg/L,WA,"The site specific objective for Chloride for Carmel River is an annual mean of 20 mg/L (Table 3-5, Water Quality Control Plan, Central Coastal Basin).",7402,,,365,Mean,F,,Y
3,CAR3070005019990223142907,Carmel River,Carmel River,307RRCAR12,Carmel River at Valley Greens Dr,Sodium,,,20,mg/L,WA,"The site specific objective for Sodium for Carmel River is an annual mean of 20 mg/L (Table 3-5, Water Quality Control Plan, Central Coastal Basin).",7402,,,365,Mean,F,,Y
3,CAR3070005019990223142907,Carmel River,Carmel River,307RRCAR12,Carmel River at Valley Greens Dr,Sulfate,,,50,mg/L,WA,"The site specific objective for Sulfate for Carmel River is an annual mean of 50 mg/L (Table 3-5, Water Quality Control Plan, Central Coastal Basin).",7402,,,365,Mean,F,,Y
3,CAR3070005019990223142907,Carmel River,Carmel River,307RRCAR12,Carmel River at Valley Greens Dr,Total Dissolved Solids,,,200,mg/L,WA,"The site specific objective for Total Dissolved Solids for Carmel River is an annual mean of 200 mg/L (Table 3-5, Water Quality Control Plan, Central Coastal Basin).",7402,,,365,Mean,F,,Y
3,CAR3070005019990223142907,Carmel River,Carmel River,307RRCAR15,Carmel River above Los Padres Dam,Boron,,,0.2,mg/L,AG,"The site specific objective for Boron for Carmel River is an annual mean of 0.2 mg/L (Table 3-5, Water Quality Control Plan, Central Coastal Basin).",7402,,,365,Mean,F,,Y
3,CAR3070005019990223142907,Carmel River,Carmel River,307RRCAR15,Carmel River above Los Padres Dam,Chloride,,,20,mg/L,WA,"The site specific objective for Chloride for Carmel River is an annual mean of 20 mg/L (Table 3-5, Water Quality Control Plan, Central Coastal Basin).",7402,,,365,Mean,F,,Y
3,CAR3070005019990223142907,Carmel River,Carmel River,307RRCAR15,Carmel River above Los Padres Dam,Sodium,,,20,mg/L,WA,"The site specific objective for Sodium for Carmel River is an annual mean of 20 mg/L (Table 3-5, Water Quality Control Plan, Central Coastal Basin).",7402,,,365,Mean,F,,Y
3,CAR3070005019990223142907,Carmel River,Carmel River,307RRCAR15,Carmel River above Los Padres Dam,Sulfate,,,50,mg/L,WA,"The site specific objective for Sulfate for Carmel River is an annual mean of 50 mg/L (Table 3-5, Water Quality Control Plan, Central Coastal Basin).",7402,,,365,Mean,F,,Y
3,CAR3070005019990223142907,Carmel River,Carmel River,307RRCAR15,Carmel River above Los Padres Dam,Total Dissolved Solids,,,200,mg/L,WA,"The site specific objective for Total Dissolved Solids for Carmel River is an annual mean of 200 mg/L (Table 3-5, Water Quality Control Plan, Central Coastal Basin).",7402,,,365,Mean,F,,Y
3,CAR3070005019990223142907,Carmel River,Carmel River,307RRCAR20,Carmel River at Hwy 1,Boron,,,0.2,mg/L,AG,"The site specific objective for Boron for Carmel River is an annual mean of 0.2 mg/L (Table 3-5, Water Quality Control Plan, Central Coastal Basin).",7402,,,365,Mean,F,,Y
3,CAR3070005019990223142907,Carmel River,Carmel River,307RRCAR20,Carmel River at Hwy 1,Chloride,,,20,mg/L,WA,"The site specific objective for Chloride for Carmel River is an annual mean of 20 mg/L (Table 3-5, Water Quality Control Plan, Central Coastal Basin).",7402,,,365,Mean,F,,Y
3,CAR3070005019990223142907,Carmel River,Carmel River,307RRCAR20,Carmel River at Hwy 1,Sodium,,,20,mg/L,WA,"The site specific objective for Sodium for Carmel River is an annual mean of 20 mg/L (Table 3-5, Water Quality Control Plan, Central Coastal Basin).",7402,,,365,Mean,F,,Y
3,CAR3070005019990223142907,Carmel River,Carmel River,307RRCAR20,Carmel River at Hwy 1,Sulfate,,,50,mg/L,WA,"The site specific objective for Sulfate for Carmel River is an annual mean of 50 mg/L (Table 3-5, Water Quality Control Plan, Central Coastal Basin).",7402,,,365,Mean,F,,Y
3,CAR3070005019990223142907,Carmel River,Carmel River,307RRCAR20,Carmel River at Hwy 1,Total Dissolved Solids,,,200,mg/L,WA,"The site specific objective for Total Dissolved Solids for Carmel River is an annual mean of 200 mg/L (Table 3-5, Water Quality Control Plan, Central Coastal Basin).",7402,,,365,Mean,F,,Y
3,CAR3070005019990223142907,Carmel River,Carmel River,307RRCAR35,Carmel River at Garland Ranch Regional Park,Boron,,,0.2,mg/L,AG,"The site specific objective for Boron for Carmel River is an annual mean of 0.2 mg/L (Table 3-5, Water Quality Control Plan, Central Coastal Basin).",7402,,,365,Mean,F,,Y
3,CAR3070005019990223142907,Carmel River,Carmel River,307RRCAR35,Carmel River at Garland Ranch Regional Park,Chloride,,,20,mg/L,WA,"The site specific objective for Chloride for Carmel River is an annual mean of 20 mg/L (Table 3-5, Water Quality Control Plan, Central Coastal Basin).",7402,,,365,Mean,F,,Y
3,CAR3070005019990223142907,Carmel River,Carmel River,307RRCAR35,Carmel River at Garland Ranch Regional Park,Sodium,,,20,mg/L,WA,"The site specific objective for Sodium for Carmel River is an annual mean of 20 mg/L (Table 3-5, Water Quality Control Plan, Central Coastal Basin).",7402,,,365,Mean,F,,Y
3,CAR3070005019990223142907,Carmel River,Carmel River,307RRCAR35,Carmel River at Garland Ranch Regional Park,Sulfate,,,50,mg/L,WA,"The site specific objective for Sulfate for Carmel River is an annual mean of 50 mg/L (Table 3-5, Water Quality Control Plan, Central Coastal Basin).",7402,,,365,Mean,F,,Y
3,CAR3070005019990223142907,Carmel River,Carmel River,307RRCAR35,Carmel River at Garland Ranch Regional Park,Total Dissolved Solids,,,200,mg/L,WA,"The site specific objective for Total Dissolved Solids for Carmel River is an annual mean of 200 mg/L (Table 3-5, Water Quality Control Plan, Central Coastal Basin).",7402,,,365,Mean,F,,Y
3,CAR3070005019990223142907,Carmel River,Carmel River,307RRCAR39,Carmel River at Via Mallorca,Boron,,,0.2,mg/L,AG,"The site specific objective for Boron for Carmel River is an annual mean of 0.2 mg/L (Table 3-5, Water Quality Control Plan, Central Coastal Basin).",7402,,,365,Mean,F,,Y
3,CAR3070005019990223142907,Carmel River,Carmel River,307RRCAR39,Carmel River at Via Mallorca,Chloride,,,20,mg/L,WA,"The site specific objective for Chloride for Carmel River is an annual mean of 20 mg/L (Table 3-5, Water Quality Control Plan, Central Coastal Basin).",7402,,,365,Mean,F,,Y
3,CAR3070005019990223142907,Carmel River,Carmel River,307RRCAR39,Carmel River at Via Mallorca,Sodium,,,20,mg/L,WA,"The site specific objective for Sodium for Carmel River is an annual mean of 20 mg/L (Table 3-5, Water Quality Control Plan, Central Coastal Basin).",7402,,,365,Mean,F,,Y
3,CAR3070005019990223142907,Carmel River,Carmel River,307RRCAR39,Carmel River at Via Mallorca,Sulfate,,,50,mg/L,WA,"The site specific objective for Sulfate for Carmel River is an annual mean of 50 mg/L (Table 3-5, Water Quality Control Plan, Central Coastal Basin).",7402,,,365,Mean,F,,Y
3,CAR3070005019990223142907,Carmel River,Carmel River,307RRCAR39,Carmel River at Via Mallorca,Total Dissolved Solids,,,200,mg/L,WA,"The site specific objective for Total Dissolved Solids for Carmel River is an annual mean of 200 mg/L (Table 3-5, Water Quality Control Plan, Central Coastal Basin).",7402,,,365,Mean,F,,Y
3,CAR3070005019990223142907,Carmel River,Carmel River,307RRCAR8,Carmel River at Boronda Rd,Boron,,,0.2,mg/L,AG,"The site specific objective for Boron for Carmel River is an annual mean of 0.2 mg/L (Table 3-5, Water Quality Control Plan, Central Coastal Basin).",7402,,,365,Mean,F,,Y
3,CAR3070005019990223142907,Carmel River,Carmel River,307RRCAR8,Carmel River at Boronda Rd,Chloride,,,20,mg/L,WA,"The site specific objective for Chloride for Carmel River is an annual mean of 20 mg/L (Table 3-5, Water Quality Control Plan, Central Coastal Basin).",7402,,,365,Mean,F,,Y
3,CAR3070005019990223142907,Carmel River,Carmel River,307RRCAR8,Carmel River at Boronda Rd,Sodium,,,20,mg/L,WA,"The site specific objective for Sodium for Carmel River is an annual mean of 20 mg/L (Table 3-5, Water Quality Control Plan, Central Coastal Basin).",7402,,,365,Mean,F,,Y
3,CAR3070005019990223142907,Carmel River,Carmel River,307RRCAR8,Carmel River at Boronda Rd,Sulfate,,,50,mg/L,WA,"The site specific objective for Sulfate for Carmel River is an annual mean of 50 mg/L (Table 3-5, Water Quality Control Plan, Central Coastal Basin).",7402,,,365,Mean,F,,Y
3,CAR3070005019990223142907,Carmel River,Carmel River,307RRCAR8,Carmel River at Boronda Rd,Total Dissolved Solids,,,200,mg/L,WA,"The site specific objective for Total Dissolved Solids for Carmel River is an annual mean of 200 mg/L (Table 3-5, Water Quality Control Plan, Central Coastal Basin).",7402,,,365,Mean,F,,Y
3,CAR3070005019990223142907,Carmel River,Carmel River,307SED060,Carmel River - Bluff Camp 60,Boron,,,0.2,mg/L,AG,"The site specific objective for Boron for Carmel River is an annual mean of 0.2 mg/L (Table 3-5, Water Quality Control Plan, Central Coastal Basin).",7402,,,365,Mean,F,,Y
3,CAR3070005019990223142907,Carmel River,Carmel River,307SED060,Carmel River - Bluff Camp 60,Chloride,,,20,mg/L,WA,"The site specific objective for Chloride for Carmel River is an annual mean of 20 mg/L (Table 3-5, Water Quality Control Plan, Central Coastal Basin).",7402,,,365,Mean,F,,Y
3,CAR3070005019990223142907,Carmel River,Carmel River,307SED060,Carmel River - Bluff Camp 60,Sodium,,,20,mg/L,WA,"The site specific objective for Sodium for Carmel River is an annual mean of 20 mg/L (Table 3-5, Water Quality Control Plan, Central Coastal Basin).",7402,,,365,Mean,F,,Y
3,CAR3070005019990223142907,Carmel River,Carmel River,307SED060,Carmel River - Bluff Camp 60,Sulfate,,,50,mg/L,WA,"The site specific objective for Sulfate for Carmel River is an annual mean of 50 mg/L (Table 3-5, Water Quality Control Plan, Central Coastal Basin).",7402,,,365,Mean,F,,Y
3,CAR3070005019990223142907,Carmel River,Carmel River,307SED060,Carmel River - Bluff Camp 60,Total Dissolved Solids,,,200,mg/L,WA,"The site specific objective for Total Dissolved Solids for Carmel River is an annual mean of 200 mg/L (Table 3-5, Water Quality Control Plan, Central Coastal Basin).",7402,,,365,Mean,F,,Y
3,CAR3070005019990223142907,Carmel River,Carmel River,307ST0223,Carmel Lagoon-307ST0223,Boron,,,0.2,mg/L,AG,"The site specific objective for Boron for Carmel River is an annual mean of 0.2 mg/L (Table 3-5, Water Quality Control Plan, Central Coastal Basin).",7402,,,365,Mean,F,,Y
3,CAR3070005019990223142907,Carmel River,Carmel River,307ST0223,Carmel Lagoon-307ST0223,Chloride,,,20,mg/L,WA,"The site specific objective for Chloride for Carmel River is an annual mean of 20 mg/L (Table 3-5, Water Quality Control Plan, Central Coastal Basin).",7402,,,365,Mean,F,,Y
3,CAR3070005019990223142907,Carmel River,Carmel River,307ST0223,Carmel Lagoon-307ST0223,Sodium,,,20,mg/L,WA,"The site specific objective for Sodium for Carmel River is an annual mean of 20 mg/L (Table 3-5, Water Quality Control Plan, Central Coastal Basin).",7402,,,365,Mean,F,,Y
3,CAR3070005019990223142907,Carmel River,Carmel River,307ST0223,Carmel Lagoon-307ST0223,Sulfate,,,50,mg/L,WA,"The site specific objective for Sulfate for Carmel River is an annual mean of 50 mg/L (Table 3-5, Water Quality Control Plan, Central Coastal Basin).",7402,,,365,Mean,F,,Y
3,CAR3070005019990223142907,Carmel River,Carmel River,307ST0223,Carmel Lagoon-307ST0223,Total Dissolved Solids,,,200,mg/L,WA,"The site specific objective for Total Dissolved Solids for Carmel River is an annual mean of 200 mg/L (Table 3-5, Water Quality Control Plan, Central Coastal Basin).",7402,,,365,Mean,F,,Y
3,CAR3070005019990223142907,Carmel River,Carmel River,CarmRiv4,Carmel River POP,Boron,,,0.2,mg/L,AG,"The site specific objective for Boron for Carmel River is an annual mean of 0.2 mg/L (Table 3-5, Water Quality Control Plan, Central Coastal Basin).",7402,,,365,Mean,F,,Y
3,CAR3070005019990223142907,Carmel River,Carmel River,CarmRiv4,Carmel River POP,Chloride,,,20,mg/L,WA,"The site specific objective for Chloride for Carmel River is an annual mean of 20 mg/L (Table 3-5, Water Quality Control Plan, Central Coastal Basin).",7402,,,365,Mean,F,,Y
3,CAR3070005019990223142907,Carmel River,Carmel River,CarmRiv4,Carmel River POP,Sodium,,,20,mg/L,WA,"The site specific objective for Sodium for Carmel River is an annual mean of 20 mg/L (Table 3-5, Water Quality Control Plan, Central Coastal Basin).",7402,,,365,Mean,F,,Y
3,CAR3070005019990223142907,Carmel River,Carmel River,CarmRiv4,Carmel River POP,Sulfate,,,50,mg/L,WA,"The site specific objective for Sulfate for Carmel River is an annual mean of 50 mg/L (Table 3-5, Water Quality Control Plan, Central Coastal Basin).",7402,,,365,Mean,F,,Y
3,CAR3070005019990223142907,Carmel River,Carmel River,CarmRiv4,Carmel River POP,Total Dissolved Solids,,,200,mg/L,WA,"The site specific objective for Total Dissolved Solids for Carmel River is an annual mean of 200 mg/L (Table 3-5, Water Quality Control Plan, Central Coastal Basin).",7402,,,365,Mean,F,,Y
3,CAR3080003419990223092819,Big Sur River,Big Sur River,180BIG010,Andrew Molera SP,Boron,,,0.2,mg/L,AG,"The site specific objective for Boron for Big Sur River is an annual mean of 0.2 mg/L (Table 3-5, Water Quality Control Plan, Central Coastal Basin).",7402,,,365,Mean,F,,Y
3,CAR3080003419990223092819,Big Sur River,Big Sur River,180BIG010,Andrew Molera SP,Chloride,,,20,mg/L,WA,"The site specific objective for Chloride for Big Sur River is an annual mean of 20 mg/L (Table 3-5, Water Quality Control Plan, Central Coastal Basin).",7402,,,365,Mean,F,,Y
3,CAR3080003419990223092819,Big Sur River,Big Sur River,180BIG010,Andrew Molera SP,Sodium,,,20,mg/L,WA,"The site specific objective for Sodium for Big Sur River is an annual mean of 20 mg/L (Table 3-5, Water Quality Control Plan, Central Coastal Basin).",7402,,,365,Mean,F,,Y
3,CAR3080003419990223092819,Big Sur River,Big Sur River,180BIG010,Andrew Molera SP,Sulfate,,,20,mg/L,WA,"The site specific objective for Sulfate for Big Sur River is an annual mean of 20 mg/L (Table 3-5, Water Quality Control Plan, Central Coastal Basin).",7402,,,365,Mean,F,,Y
3,CAR3080003419990223092819,Big Sur River,Big Sur River,180BIG010,Andrew Molera SP,Total Dissolved Solids,,,200,mg/L,WA,"The site specific objective for Total Dissolved Solids for Big Sur River is an annual mean of 200 mg/L (Table 3-5, Water Quality Control Plan, Central Coastal Basin).",7402,,,365,Mean,F,,Y
3,CAR3080003419990223092819,Big Sur River,Big Sur River,308-BIGSU-31,Big Sur River at Andrew Molera Park,Boron,,,0.2,mg/L,AG,"The site specific objective for Boron for Big Sur River is an annual mean of 0.2 mg/L (Table 3-5, Water Quality Control Plan, Central Coastal Basin).",7402,,,365,Mean,F,,Y
3,CAR3080003419990223092819,Big Sur River,Big Sur River,308-BIGSU-31,Big Sur River at Andrew Molera Park,Chloride,,,20,mg/L,WA,"The site specific objective for Chloride for Big Sur River is an annual mean of 20 mg/L (Table 3-5, Water Quality Control Plan, Central Coastal Basin).",7402,,,365,Mean,F,,Y
3,CAR3080003419990223092819,Big Sur River,Big Sur River,308-BIGSU-31,Big Sur River at Andrew Molera Park,Sodium,,,20,mg/L,WA,"The site specific objective for Sodium for Big Sur River is an annual mean of 20 mg/L (Table 3-5, Water Quality Control Plan, Central Coastal Basin).",7402,,,365,Mean,F,,Y
3,CAR3080003419990223092819,Big Sur River,Big Sur River,308-BIGSU-31,Big Sur River at Andrew Molera Park,Sulfate,,,20,mg/L,WA,"The site specific objective for Sulfate for Big Sur River is an annual mean of 20 mg/L (Table 3-5, Water Quality Control Plan, Central Coastal Basin).",7402,,,365,Mean,F,,Y
3,CAR3080003419990223092819,Big Sur River,Big Sur River,308-BIGSU-31,Big Sur River at Andrew Molera Park,Total Dissolved Solids,,,200,mg/L,WA,"The site specific objective for Total Dissolved Solids for Big Sur River is an annual mean of 200 mg/L (Table 3-5, Water Quality Control Plan, Central Coastal Basin).",7402,,,365,Mean,F,,Y
3,CAR3080003419990223092819,Big Sur River,Big Sur River,308-BIGSU-32,Big Sur River near Whaling Bridge at Julia Pfifer State Park,Boron,,,0.2,mg/L,AG,"The site specific objective for Boron for Big Sur River is an annual mean of 0.2 mg/L (Table 3-5, Water Quality Control Plan, Central Coastal Basin).",7402,,,365,Mean,F,,Y
3,CAR3080003419990223092819,Big Sur River,Big Sur River,308-BIGSU-32,Big Sur River near Whaling Bridge at Julia Pfifer State Park,Chloride,,,20,mg/L,WA,"The site specific objective for Chloride for Big Sur River is an annual mean of 20 mg/L (Table 3-5, Water Quality Control Plan, Central Coastal Basin).",7402,,,365,Mean,F,,Y
3,CAR3080003419990223092819,Big Sur River,Big Sur River,308-BIGSU-32,Big Sur River near Whaling Bridge at Julia Pfifer State Park,Sodium,,,20,mg/L,WA,"The site specific objective for Sodium for Big Sur River is an annual mean of 20 mg/L (Table 3-5, Water Quality Control Plan, Central Coastal Basin).",7402,,,365,Mean,F,,Y
3,CAR3080003419990223092819,Big Sur River,Big Sur River,308-BIGSU-32,Big Sur River near Whaling Bridge at Julia Pfifer State Park,Sulfate,,,20,mg/L,WA,"The site specific objective for Sulfate for Big Sur River is an annual mean of 20 mg/L (Table 3-5, Water Quality Control Plan, Central Coastal Basin).",7402,,,365,Mean,F,,Y
3,CAR3080003419990223092819,Big Sur River,Big Sur River,308-BIGSU-32,Big Sur River near Whaling Bridge at Julia Pfifer State Park,Total Dissolved Solids,,,200,mg/L,WA,"The site specific objective for Total Dissolved Solids for Big Sur River is an annual mean of 200 mg/L (Table 3-5, Water Quality Control Plan, Central Coastal Basin).",7402,,,365,Mean,F,,Y
3,CAR3080003419990223092819,Big Sur River,Big Sur River,308-BIGSU-33,Big Sur River behind the Big Sur Inn,Boron,,,0.2,mg/L,AG,"The site specific objective for Boron for Big Sur River is an annual mean of 0.2 mg/L (Table 3-5, Water Quality Control Plan, Central Coastal Basin).",7402,,,365,Mean,F,,Y
3,CAR3080003419990223092819,Big Sur River,Big Sur River,308-BIGSU-33,Big Sur River behind the Big Sur Inn,Chloride,,,20,mg/L,WA,"The site specific objective for Chloride for Big Sur River is an annual mean of 20 mg/L (Table 3-5, Water Quality Control Plan, Central Coastal Basin).",7402,,,365,Mean,F,,Y
3,CAR3080003419990223092819,Big Sur River,Big Sur River,308-BIGSU-33,Big Sur River behind the Big Sur Inn,Sodium,,,20,mg/L,WA,"The site specific objective for Sodium for Big Sur River is an annual mean of 20 mg/L (Table 3-5, Water Quality Control Plan, Central Coastal Basin).",7402,,,365,Mean,F,,Y
3,CAR3080003419990223092819,Big Sur River,Big Sur River,308-BIGSU-33,Big Sur River behind the Big Sur Inn,Sulfate,,,20,mg/L,WA,"The site specific objective for Sulfate for Big Sur River is an annual mean of 20 mg/L (Table 3-5, Water Quality Control Plan, Central Coastal Basin).",7402,,,365,Mean,F,,Y
3,CAR3080003419990223092819,Big Sur River,Big Sur River,308-BIGSU-33,Big Sur River behind the Big Sur Inn,Total Dissolved Solids,,,200,mg/L,WA,"The site specific objective for Total Dissolved Solids for Big Sur River is an annual mean of 200 mg/L (Table 3-5, Water Quality Control Plan, Central Coastal Basin).",7402,,,365,Mean,F,,Y
3,CAR3080003419990223092819,Big Sur River,Big Sur River,308BSR,Big Sur River at Andrew Molera foot bridge,Boron,,,0.2,mg/L,AG,"The site specific objective for Boron for Big Sur River is an annual mean of 0.2 mg/L (Table 3-5, Water Quality Control Plan, Central Coastal Basin).",7402,,,365,Mean,F,,Y
3,CAR3080003419990223092819,Big Sur River,Big Sur River,308BSR,Big Sur River at Andrew Molera foot bridge,Chloride,,,20,mg/L,WA,"The site specific objective for Chloride for Big Sur River is an annual mean of 20 mg/L (Table 3-5, Water Quality Control Plan, Central Coastal Basin).",7402,,,365,Mean,F,,Y
3,CAR3080003419990223092819,Big Sur River,Big Sur River,308BSR,Big Sur River at Andrew Molera foot bridge,Sodium,,,20,mg/L,WA,"The site specific objective for Sodium for Big Sur River is an annual mean of 20 mg/L (Table 3-5, Water Quality Control Plan, Central Coastal Basin).",7402,,,365,Mean,F,,Y
3,CAR3080003419990223092819,Big Sur River,Big Sur River,308BSR,Big Sur River at Andrew Molera foot bridge,Sulfate,,,20,mg/L,WA,"The site specific objective for Sulfate for Big Sur River is an annual mean of 20 mg/L (Table 3-5, Water Quality Control Plan, Central Coastal Basin).",7402,,,365,Mean,F,,Y
3,CAR3080003419990223092819,Big Sur River,Big Sur River,308BSR,Big Sur River at Andrew Molera foot bridge,Total Dissolved Solids,,,200,mg/L,WA,"The site specific objective for Total Dissolved Solids for Big Sur River is an annual mean of 200 mg/L (Table 3-5, Water Quality Control Plan, Central Coastal Basin).",7402,,,365,Mean,F,,Y
3,CAR3080003419990223092819,Big Sur River,Big Sur River,308BSR024,"Big Sur River - just upstream of the lagoon,  600m from  the mouth",Boron,,,0.2,mg/L,AG,"The site specific objective for Boron for Big Sur River is an annual mean of 0.2 mg/L (Table 3-5, Water Quality Control Plan, Central Coastal Basin).",7402,,,365,Mean,F,,Y
3,CAR3080003419990223092819,Big Sur River,Big Sur River,308BSR024,"Big Sur River - just upstream of the lagoon,  600m from  the mouth",Chloride,,,20,mg/L,WA,"The site specific objective for Chloride for Big Sur River is an annual mean of 20 mg/L (Table 3-5, Water Quality Control Plan, Central Coastal Basin).",7402,,,365,Mean,F,,Y
3,CAR3080003419990223092819,Big Sur River,Big Sur River,308BSR024,"Big Sur River - just upstream of the lagoon,  600m from  the mouth",Sodium,,,20,mg/L,WA,"The site specific objective for Sodium for Big Sur River is an annual mean of 20 mg/L (Table 3-5, Water Quality Control Plan, Central Coastal Basin).",7402,,,365,Mean,F,,Y
3,CAR3080003419990223092819,Big Sur River,Big Sur River,308BSR024,"Big Sur River - just upstream of the lagoon,  600m from  the mouth",Sulfate,,,20,mg/L,WA,"The site specific objective for Sulfate for Big Sur River is an annual mean of 20 mg/L (Table 3-5, Water Quality Control Plan, Central Coastal Basin).",7402,,,365,Mean,F,,Y
3,CAR3080003419990223092819,Big Sur River,Big Sur River,308BSR024,"Big Sur River - just upstream of the lagoon,  600m from  the mouth",Total Dissolved Solids,,,200,mg/L,WA,"The site specific objective for Total Dissolved Solids for Big Sur River is an annual mean of 200 mg/L (Table 3-5, Water Quality Control Plan, Central Coastal Basin).",7402,,,365,Mean,F,,Y
3,CAR3080003419990223092819,Big Sur River,Big Sur River,308BSRB01,Big Sur River Beach - at mouth of Big Sur River in Andrew Molera State Park,Boron,,,0.2,mg/L,AG,"The site specific objective for Boron for Big Sur River is an annual mean of 0.2 mg/L (Table 3-5, Water Quality Control Plan, Central Coastal Basin).",7402,,,365,Mean,F,,Y
3,CAR3080003419990223092819,Big Sur River,Big Sur River,308BSRB01,Big Sur River Beach - at mouth of Big Sur River in Andrew Molera State Park,Chloride,,,20,mg/L,WA,"The site specific objective for Chloride for Big Sur River is an annual mean of 20 mg/L (Table 3-5, Water Quality Control Plan, Central Coastal Basin).",7402,,,365,Mean,F,,Y
3,CAR3080003419990223092819,Big Sur River,Big Sur River,308BSRB01,Big Sur River Beach - at mouth of Big Sur River in Andrew Molera State Park,Sodium,,,20,mg/L,WA,"The site specific objective for Sodium for Big Sur River is an annual mean of 20 mg/L (Table 3-5, Water Quality Control Plan, Central Coastal Basin).",7402,,,365,Mean,F,,Y
3,CAR3080003419990223092819,Big Sur River,Big Sur River,308BSRB01,Big Sur River Beach - at mouth of Big Sur River in Andrew Molera State Park,Sulfate,,,20,mg/L,WA,"The site specific objective for Sulfate for Big Sur River is an annual mean of 20 mg/L (Table 3-5, Water Quality Control Plan, Central Coastal Basin).",7402,,,365,Mean,F,,Y
3,CAR3080003419990223092819,Big Sur River,Big Sur River,308BSRB01,Big Sur River Beach - at mouth of Big Sur River in Andrew Molera State Park,Total Dissolved Solids,,,200,mg/L,WA,"The site specific objective for Total Dissolved Solids for Big Sur River is an annual mean of 200 mg/L (Table 3-5, Water Quality Control Plan, Central Coastal Basin).",7402,,,365,Mean,F,,Y
3,CAR3080003419990223092819,Big Sur River,Big Sur River,308BSU,Big Sur River at Peiffer Big Sur State Park USGS gauge,Boron,,,0.2,mg/L,AG,"The site specific objective for Boron for Big Sur River is an annual mean of 0.2 mg/L (Table 3-5, Water Quality Control Plan, Central Coastal Basin).",7402,,,365,Mean,F,,Y
3,CAR3080003419990223092819,Big Sur River,Big Sur River,308BSU,Big Sur River at Peiffer Big Sur State Park USGS gauge,Chloride,,,20,mg/L,WA,"The site specific objective for Chloride for Big Sur River is an annual mean of 20 mg/L (Table 3-5, Water Quality Control Plan, Central Coastal Basin).",7402,,,365,Mean,F,,Y
3,CAR3080003419990223092819,Big Sur River,Big Sur River,308BSU,Big Sur River at Peiffer Big Sur State Park USGS gauge,Sodium,,,20,mg/L,WA,"The site specific objective for Sodium for Big Sur River is an annual mean of 20 mg/L (Table 3-5, Water Quality Control Plan, Central Coastal Basin).",7402,,,365,Mean,F,,Y
3,CAR3080003419990223092819,Big Sur River,Big Sur River,308BSU,Big Sur River at Peiffer Big Sur State Park USGS gauge,Sulfate,,,20,mg/L,WA,"The site specific objective for Sulfate for Big Sur River is an annual mean of 20 mg/L (Table 3-5, Water Quality Control Plan, Central Coastal Basin).",7402,,,365,Mean,F,,Y
3,CAR3080003419990223092819,Big Sur River,Big Sur River,308BSU,Big Sur River at Peiffer Big Sur State Park USGS gauge,Total Dissolved Solids,,,200,mg/L,WA,"The site specific objective for Total Dissolved Solids for Big Sur River is an annual mean of 200 mg/L (Table 3-5, Water Quality Control Plan, Central Coastal Basin).",7402,,,365,Mean,F,,Y
3,CAR3080003419990223092819,Big Sur River,Big Sur River,308PS0204,Big Sur River ~1mi above Pfeiffer Redwood Cr.,Boron,,,0.2,mg/L,AG,"The site specific objective for Boron for Big Sur River is an annual mean of 0.2 mg/L (Table 3-5, Water Quality Control Plan, Central Coastal Basin).",7402,,,365,Mean,F,,Y
3,CAR3080003419990223092819,Big Sur River,Big Sur River,308PS0204,Big Sur River ~1mi above Pfeiffer Redwood Cr.,Chloride,,,20,mg/L,WA,"The site specific objective for Chloride for Big Sur River is an annual mean of 20 mg/L (Table 3-5, Water Quality Control Plan, Central Coastal Basin).",7402,,,365,Mean,F,,Y
3,CAR3080003419990223092819,Big Sur River,Big Sur River,308PS0204,Big Sur River ~1mi above Pfeiffer Redwood Cr.,Sodium,,,20,mg/L,WA,"The site specific objective for Sodium for Big Sur River is an annual mean of 20 mg/L (Table 3-5, Water Quality Control Plan, Central Coastal Basin).",7402,,,365,Mean,F,,Y
3,CAR3080003419990223092819,Big Sur River,Big Sur River,308PS0204,Big Sur River ~1mi above Pfeiffer Redwood Cr.,Sulfate,,,20,mg/L,WA,"The site specific objective for Sulfate for Big Sur River is an annual mean of 20 mg/L (Table 3-5, Water Quality Control Plan, Central Coastal Basin).",7402,,,365,Mean,F,,Y
3,CAR3080003419990223092819,Big Sur River,Big Sur River,308PS0204,Big Sur River ~1mi above Pfeiffer Redwood Cr.,Total Dissolved Solids,,,200,mg/L,WA,"The site specific objective for Total Dissolved Solids for Big Sur River is an annual mean of 200 mg/L (Table 3-5, Water Quality Control Plan, Central Coastal Basin).",7402,,,365,Mean,F,,Y
3,CAR3080003419990223092819,Big Sur River,Big Sur River,308SED059,Big Sur River - Coyote Flat 59,Boron,,,0.2,mg/L,AG,"The site specific objective for Boron for Big Sur River is an annual mean of 0.2 mg/L (Table 3-5, Water Quality Control Plan, Central Coastal Basin).",7402,,,365,Mean,F,,Y
3,CAR3080003419990223092819,Big Sur River,Big Sur River,308SED059,Big Sur River - Coyote Flat 59,Chloride,,,20,mg/L,WA,"The site specific objective for Chloride for Big Sur River is an annual mean of 20 mg/L (Table 3-5, Water Quality Control Plan, Central Coastal Basin).",7402,,,365,Mean,F,,Y
3,CAR3080003419990223092819,Big Sur River,Big Sur River,308SED059,Big Sur River - Coyote Flat 59,Sodium,,,20,mg/L,WA,"The site specific objective for Sodium for Big Sur River is an annual mean of 20 mg/L (Table 3-5, Water Quality Control Plan, Central Coastal Basin).",7402,,,365,Mean,F,,Y
3,CAR3080003419990223092819,Big Sur River,Big Sur River,308SED059,Big Sur River - Coyote Flat 59,Sulfate,,,20,mg/L,WA,"The site specific objective for Sulfate for Big Sur River is an annual mean of 20 mg/L (Table 3-5, Water Quality Control Plan, Central Coastal Basin).",7402,,,365,Mean,F,,Y
3,CAR3080003419990223092819,Big Sur River,Big Sur River,308SED059,Big Sur River - Coyote Flat 59,Total Dissolved Solids,,,200,mg/L,WA,"The site specific objective for Total Dissolved Solids for Big Sur River is an annual mean of 200 mg/L (Table 3-5, Water Quality Control Plan, Central Coastal Basin).",7402,,,365,Mean,F,,Y
3,CAR3080003419990223092819,Big Sur River,Big Sur River,308ST0139,Big Sur River-308ST0139,Boron,,,0.2,mg/L,AG,"The site specific objective for Boron for Big Sur River is an annual mean of 0.2 mg/L (Table 3-5, Water Quality Control Plan, Central Coastal Basin).",7402,,,365,Mean,F,,Y
3,CAR3080003419990223092819,Big Sur River,Big Sur River,308ST0139,Big Sur River-308ST0139,Chloride,,,20,mg/L,WA,"The site specific objective for Chloride for Big Sur River is an annual mean of 20 mg/L (Table 3-5, Water Quality Control Plan, Central Coastal Basin).",7402,,,365,Mean,F,,Y
3,CAR3080003419990223092819,Big Sur River,Big Sur River,308ST0139,Big Sur River-308ST0139,Sodium,,,20,mg/L,WA,"The site specific objective for Sodium for Big Sur River is an annual mean of 20 mg/L (Table 3-5, Water Quality Control Plan, Central Coastal Basin).",7402,,,365,Mean,F,,Y
3,CAR3080003419990223092819,Big Sur River,Big Sur River,308ST0139,Big Sur River-308ST0139,Sulfate,,,20,mg/L,WA,"The site specific objective for Sulfate for Big Sur River is an annual mean of 20 mg/L (Table 3-5, Water Quality Control Plan, Central Coastal Basin).",7402,,,365,Mean,F,,Y
3,CAR3080003419990223092819,Big Sur River,Big Sur River,308ST0139,Big Sur River-308ST0139,Total Dissolved Solids,,,200,mg/L,WA,"The site specific objective for Total Dissolved Solids for Big Sur River is an annual mean of 200 mg/L (Table 3-5, Water Quality Control Plan, Central Coastal Basin).",7402,,,365,Mean,F,,Y
3,CAR3080003419990223092819,Big Sur River,Big Sur River,ADVENTURESCIENTISTS-36.25.121.69,Big Sur Wild and Scenic River-36.25.121.69,Boron,,,0.2,mg/L,AG,"The site specific objective for Boron for Big Sur River is an annual mean of 0.2 mg/L (Table 3-5, Water Quality Control Plan, Central Coastal Basin).",7402,,,365,Mean,F,,Y
3,CAR3080003419990223092819,Big Sur River,Big Sur River,ADVENTURESCIENTISTS-36.25.121.69,Big Sur Wild and Scenic River-36.25.121.69,Chloride,,,20,mg/L,WA,"The site specific objective for Chloride for Big Sur River is an annual mean of 20 mg/L (Table 3-5, Water Quality Control Plan, Central Coastal Basin).",7402,,,365,Mean,F,,Y
3,CAR3080003419990223092819,Big Sur River,Big Sur River,ADVENTURESCIENTISTS-36.25.121.69,Big Sur Wild and Scenic River-36.25.121.69,Sodium,,,20,mg/L,WA,"The site specific objective for Sodium for Big Sur River is an annual mean of 20 mg/L (Table 3-5, Water Quality Control Plan, Central Coastal Basin).",7402,,,365,Mean,F,,Y
3,CAR3080003419990223092819,Big Sur River,Big Sur River,ADVENTURESCIENTISTS-36.25.121.69,Big Sur Wild and Scenic River-36.25.121.69,Sulfate,,,20,mg/L,WA,"The site specific objective for Sulfate for Big Sur River is an annual mean of 20 mg/L (Table 3-5, Water Quality Control Plan, Central Coastal Basin).",7402,,,365,Mean,F,,Y
3,CAR3080003419990223092819,Big Sur River,Big Sur River,ADVENTURESCIENTISTS-36.25.121.69,Big Sur Wild and Scenic River-36.25.121.69,Total Dissolved Solids,,,200,mg/L,WA,"The site specific objective for Total Dissolved Solids for Big Sur River is an annual mean of 200 mg/L (Table 3-5, Water Quality Control Plan, Central Coastal Basin).",7402,,,365,Mean,F,,Y
3,CAR3080003419990223092819,Big Sur River,Big Sur River,ADVENTURESCIENTISTS-36.25.121.71,Big Sur Wild and Scenic River-36.25.121.71,Boron,,,0.2,mg/L,AG,"The site specific objective for Boron for Big Sur River is an annual mean of 0.2 mg/L (Table 3-5, Water Quality Control Plan, Central Coastal Basin).",7402,,,365,Mean,F,,Y
3,CAR3080003419990223092819,Big Sur River,Big Sur River,ADVENTURESCIENTISTS-36.25.121.71,Big Sur Wild and Scenic River-36.25.121.71,Chloride,,,20,mg/L,WA,"The site specific objective for Chloride for Big Sur River is an annual mean of 20 mg/L (Table 3-5, Water Quality Control Plan, Central Coastal Basin).",7402,,,365,Mean,F,,Y
3,CAR3080003419990223092819,Big Sur River,Big Sur River,ADVENTURESCIENTISTS-36.25.121.71,Big Sur Wild and Scenic River-36.25.121.71,Sodium,,,20,mg/L,WA,"The site specific objective for Sodium for Big Sur River is an annual mean of 20 mg/L (Table 3-5, Water Quality Control Plan, Central Coastal Basin).",7402,,,365,Mean,F,,Y
3,CAR3080003419990223092819,Big Sur River,Big Sur River,ADVENTURESCIENTISTS-36.25.121.71,Big Sur Wild and Scenic River-36.25.121.71,Sulfate,,,20,mg/L,WA,"The site specific objective for Sulfate for Big Sur River is an annual mean of 20 mg/L (Table 3-5, Water Quality Control Plan, Central Coastal Basin).",7402,,,365,Mean,F,,Y
3,CAR3080003419990223092819,Big Sur River,Big Sur River,ADVENTURESCIENTISTS-36.25.121.71,Big Sur Wild and Scenic River-36.25.121.71,Total Dissolved Solids,,,200,mg/L,WA,"The site specific objective for Total Dissolved Solids for Big Sur River is an annual mean of 200 mg/L (Table 3-5, Water Quality Control Plan, Central Coastal Basin).",7402,,,365,Mean,F,,Y
3,CAR3080003419990223092819,Big Sur River,Big Sur River,ADVENTURESCIENTISTS-36.25.121.79,Big Sur Wild and Scenic River-36.25.121.79,Boron,,,0.2,mg/L,AG,"The site specific objective for Boron for Big Sur River is an annual mean of 0.2 mg/L (Table 3-5, Water Quality Control Plan, Central Coastal Basin).",7402,,,365,Mean,F,,Y
3,CAR3080003419990223092819,Big Sur River,Big Sur River,ADVENTURESCIENTISTS-36.25.121.79,Big Sur Wild and Scenic River-36.25.121.79,Chloride,,,20,mg/L,WA,"The site specific objective for Chloride for Big Sur River is an annual mean of 20 mg/L (Table 3-5, Water Quality Control Plan, Central Coastal Basin).",7402,,,365,Mean,F,,Y
3,CAR3080003419990223092819,Big Sur River,Big Sur River,ADVENTURESCIENTISTS-36.25.121.79,Big Sur Wild and Scenic River-36.25.121.79,Sodium,,,20,mg/L,WA,"The site specific objective for Sodium for Big Sur River is an annual mean of 20 mg/L (Table 3-5, Water Quality Control Plan, Central Coastal Basin).",7402,,,365,Mean,F,,Y
3,CAR3080003419990223092819,Big Sur River,Big Sur River,ADVENTURESCIENTISTS-36.25.121.79,Big Sur Wild and Scenic River-36.25.121.79,Sulfate,,,20,mg/L,WA,"The site specific objective for Sulfate for Big Sur River is an annual mean of 20 mg/L (Table 3-5, Water Quality Control Plan, Central Coastal Basin).",7402,,,365,Mean,F,,Y
3,CAR3080003419990223092819,Big Sur River,Big Sur River,ADVENTURESCIENTISTS-36.25.121.79,Big Sur Wild and Scenic River-36.25.121.79,Total Dissolved Solids,,,200,mg/L,WA,"The site specific objective for Total Dissolved Solids for Big Sur River is an annual mean of 200 mg/L (Table 3-5, Water Quality Control Plan, Central Coastal Basin).",7402,,,365,Mean,F,,Y
3,CAR3080003419990223092819,Big Sur River,Big Sur River,ADVENTURESCIENTISTS-36.26.121.74,Big Sur Wild and Scenic River-36.26.121.74,Boron,,,0.2,mg/L,AG,"The site specific objective for Boron for Big Sur River is an annual mean of 0.2 mg/L (Table 3-5, Water Quality Control Plan, Central Coastal Basin).",7402,,,365,Mean,F,,Y
3,CAR3080003419990223092819,Big Sur River,Big Sur River,ADVENTURESCIENTISTS-36.26.121.74,Big Sur Wild and Scenic River-36.26.121.74,Chloride,,,20,mg/L,WA,"The site specific objective for Chloride for Big Sur River is an annual mean of 20 mg/L (Table 3-5, Water Quality Control Plan, Central Coastal Basin).",7402,,,365,Mean,F,,Y
3,CAR3080003419990223092819,Big Sur River,Big Sur River,ADVENTURESCIENTISTS-36.26.121.74,Big Sur Wild and Scenic River-36.26.121.74,Sodium,,,20,mg/L,WA,"The site specific objective for Sodium for Big Sur River is an annual mean of 20 mg/L (Table 3-5, Water Quality Control Plan, Central Coastal Basin).",7402,,,365,Mean,F,,Y
3,CAR3080003419990223092819,Big Sur River,Big Sur River,ADVENTURESCIENTISTS-36.26.121.74,Big Sur Wild and Scenic River-36.26.121.74,Sulfate,,,20,mg/L,WA,"The site specific objective for Sulfate for Big Sur River is an annual mean of 20 mg/L (Table 3-5, Water Quality Control Plan, Central Coastal Basin).",7402,,,365,Mean,F,,Y
3,CAR3080003419990223092819,Big Sur River,Big Sur River,ADVENTURESCIENTISTS-36.26.121.74,Big Sur Wild and Scenic River-36.26.121.74,Total Dissolved Solids,,,200,mg/L,WA,"The site specific objective for Total Dissolved Solids for Big Sur River is an annual mean of 200 mg/L (Table 3-5, Water Quality Control Plan, Central Coastal Basin).",7402,,,365,Mean,F,,Y
3,CAR3091101020020319092611,"Salinas River (middle, near Gonzales Rd crossing to confluence with Nacimiento River)",Salinas River (above Spreckles),309DSA,Salinas River Cattlemen Road near San Ardo,Boron,,,0.2,mg/L,AG,"The site specific objective for Boron for Salinas River (middle, near Gonzales Rd crossing to confluence with Nacimiento River) is an annual mean of 0.2 mg/L (Table 3-5, Water Quality Control Plan, Central Coastal Basin).",7402,,,365,Mean,F,"smk 8/2026, yes",Y
3,CAR3091101020020319092611,"Salinas River (middle, near Gonzales Rd crossing to confluence with Nacimiento River)",Salinas River (above Spreckles),309DSA,Salinas River Cattlemen Road near San Ardo,Chloride,,,80,mg/L,WA,"The site specific objective for Chloride for Salinas River (middle, near Gonzales Rd crossing to confluence with Nacimiento River) is an annual mean of 80 mg/L (Table 3-5, Water Quality Control Plan, Central Coastal Basin).",7402,,,365,Mean,F,"smk 8/2026, yes",Y
3,CAR3091101020020319092611,"Salinas River (middle, near Gonzales Rd crossing to confluence with Nacimiento River)",Salinas River (above Spreckles),309DSA,Salinas River Cattlemen Road near San Ardo,Sodium,,,70,mg/L,WA,"The site specific objective for Sodium for Salinas River (middle, near Gonzales Rd crossing to confluence with Nacimiento River) is an annual mean of 70 mg/L (Table 3-5, Water Quality Control Plan, Central Coastal Basin).",7402,,,365,Mean,F,"smk 8/2026, yes",Y
3,CAR3091101020020319092611,"Salinas River (middle, near Gonzales Rd crossing to confluence with Nacimiento River)",Salinas River (above Spreckles),309DSA,Salinas River Cattlemen Road near San Ardo,Sulfate,,,125,mg/L,WA,"The site specific objective for Sulfate for Salinas River (middle, near Gonzales Rd crossing to confluence with Nacimiento River) is an annual mean of 125 mg/L (Table 3-5, Water Quality Control Plan, Central Coastal Basin).",7402,,,365,Mean,F,"smk 8/2026, yes",Y
3,CAR3091101020020319092611,"Salinas River (middle, near Gonzales Rd crossing to confluence with Nacimiento River)",Salinas River (above Spreckles),309DSA,Salinas River Cattlemen Road near San Ardo,Total Dissolved Solids,,,600,mg/L,WA,"The site specific objective for Total Dissolved Solids for Salinas River (middle, near Gonzales Rd crossing to confluence with Nacimiento River) is an annual mean of 600 mg/L (Table 3-5, Water Quality Control Plan, Central Coastal Basin).",7402,,,365,Mean,F,"smk 8/2026, yes",Y
3,CAR3091101020020319092611,"Salinas River (middle, near Gonzales Rd crossing to confluence with Nacimiento River)",Salinas River (above Spreckles),309GRN,Salinas River Elm Road in Greenfield,Boron,,,0.2,mg/L,AG,"The site specific objective for Boron for Salinas River (middle, near Gonzales Rd crossing to confluence with Nacimiento River) is an annual mean of 0.2 mg/L (Table 3-5, Water Quality Control Plan, Central Coastal Basin).",7402,,,365,Mean,F,"smk 8/2026, yes",Y
3,CAR3091101020020319092611,"Salinas River (middle, near Gonzales Rd crossing to confluence with Nacimiento River)",Salinas River (above Spreckles),309GRN,Salinas River Elm Road in Greenfield,Chloride,,,80,mg/L,WA,"The site specific objective for Chloride for Salinas River (middle, near Gonzales Rd crossing to confluence with Nacimiento River) is an annual mean of 80 mg/L (Table 3-5, Water Quality Control Plan, Central Coastal Basin).",7402,,,365,Mean,F,"smk 8/2026, yes",Y
3,CAR3091101020020319092611,"Salinas River (middle, near Gonzales Rd crossing to confluence with Nacimiento River)",Salinas River (above Spreckles),309GRN,Salinas River Elm Road in Greenfield,Sodium,,,70,mg/L,WA,"The site specific objective for Sodium for Salinas River (middle, near Gonzales Rd crossing to confluence with Nacimiento River) is an annual mean of 70 mg/L (Table 3-5, Water Quality Control Plan, Central Coastal Basin).",7402,,,365,Mean,F,"smk 8/2026, yes",Y
3,CAR3091101020020319092611,"Salinas River (middle, near Gonzales Rd crossing to confluence with Nacimiento River)",Salinas River (above Spreckles),309GRN,Salinas River Elm Road in Greenfield,Sulfate,,,125,mg/L,WA,"The site specific objective for Sulfate for Salinas River (middle, near Gonzales Rd crossing to confluence with Nacimiento River) is an annual mean of 125 mg/L (Table 3-5, Water Quality Control Plan, Central Coastal Basin).",7402,,,365,Mean,F,"smk 8/2026, yes",Y
3,CAR3091101020020319092611,"Salinas River (middle, near Gonzales Rd crossing to confluence with Nacimiento River)",Salinas River (above Spreckles),309GRN,Salinas River Elm Road in Greenfield,Total Dissolved Solids,,,600,mg/L,WA,"The site specific objective for Total Dissolved Solids for Salinas River (middle, near Gonzales Rd crossing to confluence with Nacimiento River) is an annual mean of 600 mg/L (Table 3-5, Water Quality Control Plan, Central Coastal Basin).",7402,,,365,Mean,F,"smk 8/2026, yes",Y
3,CAR3091101020020319092611,"Salinas River (middle, near Gonzales Rd crossing to confluence with Nacimiento River)",Salinas River (above Spreckles),309KNG,Salinas River @ Hwy 101 in King City,Boron,,,0.2,mg/L,AG,"The site specific objective for Boron for Salinas River (middle, near Gonzales Rd crossing to confluence with Nacimiento River) is an annual mean of 0.2 mg/L (Table 3-5, Water Quality Control Plan, Central Coastal Basin).",7402,,,365,Mean,F,"smk 8/2026, yes",Y
3,CAR3091101020020319092611,"Salinas River (middle, near Gonzales Rd crossing to confluence with Nacimiento River)",Salinas River (above Spreckles),309KNG,Salinas River @ Hwy 101 in King City,Chloride,,,80,mg/L,WA,"The site specific objective for Chloride for Salinas River (middle, near Gonzales Rd crossing to confluence with Nacimiento River) is an annual mean of 80 mg/L (Table 3-5, Water Quality Control Plan, Central Coastal Basin).",7402,,,365,Mean,F,"smk 8/2026, yes",Y
3,CAR3091101020020319092611,"Salinas River (middle, near Gonzales Rd crossing to confluence with Nacimiento River)",Salinas River (above Spreckles),309KNG,Salinas River @ Hwy 101 in King City,Sodium,,,70,mg/L,WA,"The site specific objective for Sodium for Salinas River (middle, near Gonzales Rd crossing to confluence with Nacimiento River) is an annual mean of 70 mg/L (Table 3-5, Water Quality Control Plan, Central Coastal Basin).",7402,,,365,Mean,F,"smk 8/2026, yes",Y
3,CAR3091101020020319092611,"Salinas River (middle, near Gonzales Rd crossing to confluence with Nacimiento River)",Salinas River (above Spreckles),309KNG,Salinas River @ Hwy 101 in King City,Sulfate,,,125,mg/L,WA,"The site specific objective for Sulfate for Salinas River (middle, near Gonzales Rd crossing to confluence with Nacimiento River) is an annual mean of 125 mg/L (Table 3-5, Water Quality Control Plan, Central Coastal Basin).",7402,,,365,Mean,F,"smk 8/2026, yes",Y
3,CAR3091101020020319092611,"Salinas River (middle, near Gonzales Rd crossing to confluence with Nacimiento River)",Salinas River (above Spreckles),309KNG,Salinas River @ Hwy 101 in King City,Total Dissolved Solids,,,600,mg/L,WA,"The site specific objective for Total Dissolved Solids for Salinas River (middle, near Gonzales Rd crossing to confluence with Nacimiento River) is an annual mean of 600 mg/L (Table 3-5, Water Quality Control Plan, Central Coastal Basin).",7402,,,365,Mean,F,"smk 8/2026, yes",Y
3,CAR3091101020020319092611,"Salinas River (middle, near Gonzales Rd crossing to confluence with Nacimiento River)",Salinas River (above Spreckles),309PS0040,Salinas River PS0040,Boron,,,0.2,mg/L,AG,"The site specific objective for Boron for Salinas River (middle, near Gonzales Rd crossing to confluence with Nacimiento River) is an annual mean of 0.2 mg/L (Table 3-5, Water Quality Control Plan, Central Coastal Basin).",7402,,,365,Mean,F,"smk 8/2026, yes",Y
3,CAR3091101020020319092611,"Salinas River (middle, near Gonzales Rd crossing to confluence with Nacimiento River)",Salinas River (above Spreckles),309PS0040,Salinas River PS0040,Chloride,,,80,mg/L,WA,"The site specific objective for Chloride for Salinas River (middle, near Gonzales Rd crossing to confluence with Nacimiento River) is an annual mean of 80 mg/L (Table 3-5, Water Quality Control Plan, Central Coastal Basin).",7402,,,365,Mean,F,"smk 8/2026, yes",Y
3,CAR3091101020020319092611,"Salinas River (middle, near Gonzales Rd crossing to confluence with Nacimiento River)",Salinas River (above Spreckles),309PS0040,Salinas River PS0040,Sodium,,,70,mg/L,WA,"The site specific objective for Sodium for Salinas River (middle, near Gonzales Rd crossing to confluence with Nacimiento River) is an annual mean of 70 mg/L (Table 3-5, Water Quality Control Plan, Central Coastal Basin).",7402,,,365,Mean,F,"smk 8/2026, yes",Y
3,CAR3091101020020319092611,"Salinas River (middle, near Gonzales Rd crossing to confluence with Nacimiento River)",Salinas River (above Spreckles),309PS0040,Salinas River PS0040,Sulfate,,,125,mg/L,WA,"The site specific objective for Sulfate for Salinas River (middle, near Gonzales Rd crossing to confluence with Nacimiento River) is an annual mean of 125 mg/L (Table 3-5, Water Quality Control Plan, Central Coastal Basin).",7402,,,365,Mean,F,"smk 8/2026, yes",Y
3,CAR3091101020020319092611,"Salinas River (middle, near Gonzales Rd crossing to confluence with Nacimiento River)",Salinas River (above Spreckles),309PS0040,Salinas River PS0040,Total Dissolved Solids,,,600,mg/L,WA,"The site specific objective for Total Dissolved Solids for Salinas River (middle, near Gonzales Rd crossing to confluence with Nacimiento River) is an annual mean of 600 mg/L (Table 3-5, Water Quality Control Plan, Central Coastal Basin).",7402,,,365,Mean,F,"smk 8/2026, yes",Y
3,CAR3091101020020319092611,"Salinas River (middle, near Gonzales Rd crossing to confluence with Nacimiento River)",Salinas River (above Spreckles),309PS0072,Salinas River ~1.1mi above Hwy 101,Boron,,,0.2,mg/L,AG,"The site specific objective for Boron for Salinas River (middle, near Gonzales Rd crossing to confluence with Nacimiento River) is an annual mean of 0.2 mg/L (Table 3-5, Water Quality Control Plan, Central Coastal Basin).",7402,,,365,Mean,F,"smk 8/2026, yes",Y
3,CAR3091101020020319092611,"Salinas River (middle, near Gonzales Rd crossing to confluence with Nacimiento River)",Salinas River (above Spreckles),309PS0072,Salinas River ~1.1mi above Hwy 101,Chloride,,,80,mg/L,WA,"The site specific objective for Chloride for Salinas River (middle, near Gonzales Rd crossing to confluence with Nacimiento River) is an annual mean of 80 mg/L (Table 3-5, Water Quality Control Plan, Central Coastal Basin).",7402,,,365,Mean,F,"smk 8/2026, yes",Y
3,CAR3091101020020319092611,"Salinas River (middle, near Gonzales Rd crossing to confluence with Nacimiento River)",Salinas River (above Spreckles),309PS0072,Salinas River ~1.1mi above Hwy 101,Sodium,,,70,mg/L,WA,"The site specific objective for Sodium for Salinas River (middle, near Gonzales Rd crossing to confluence with Nacimiento River) is an annual mean of 70 mg/L (Table 3-5, Water Quality Control Plan, Central Coastal Basin).",7402,,,365,Mean,F,"smk 8/2026, yes",Y
3,CAR3091101020020319092611,"Salinas River (middle, near Gonzales Rd crossing to confluence with Nacimiento River)",Salinas River (above Spreckles),309PS0072,Salinas River ~1.1mi above Hwy 101,Sulfate,,,125,mg/L,WA,"The site specific objective for Sulfate for Salinas River (middle, near Gonzales Rd crossing to confluence with Nacimiento River) is an annual mean of 125 mg/L (Table 3-5, Water Quality Control Plan, Central Coastal Basin).",7402,,,365,Mean,F,"smk 8/2026, yes",Y
3,CAR3091101020020319092611,"Salinas River (middle, near Gonzales Rd crossing to confluence with Nacimiento River)",Salinas River (above Spreckles),309PS0072,Salinas River ~1.1mi above Hwy 101,Total Dissolved Solids,,,600,mg/L,WA,"The site specific objective for Total Dissolved Solids for Salinas River (middle, near Gonzales Rd crossing to confluence with Nacimiento River) is an annual mean of 600 mg/L (Table 3-5, Water Quality Control Plan, Central Coastal Basin).",7402,,,365,Mean,F,"smk 8/2026, yes",Y
3,CAR3091101020020319092611,"Salinas River (middle, near Gonzales Rd crossing to confluence with Nacimiento River)",Salinas River (above Spreckles),309SAS,Salinas River @ Hwy 101 in Soledad,Boron,,,0.2,mg/L,AG,"The site specific objective for Boron for Salinas River (middle, near Gonzales Rd crossing to confluence with Nacimiento River) is an annual mean of 0.2 mg/L (Table 3-5, Water Quality Control Plan, Central Coastal Basin).",7402,,,365,Mean,F,"smk 8/2026, yes",Y
3,CAR3091101020020319092611,"Salinas River (middle, near Gonzales Rd crossing to confluence with Nacimiento River)",Salinas River (above Spreckles),309SAS,Salinas River @ Hwy 101 in Soledad,Chloride,,,80,mg/L,WA,"The site specific objective for Chloride for Salinas River (middle, near Gonzales Rd crossing to confluence with Nacimiento River) is an annual mean of 80 mg/L (Table 3-5, Water Quality Control Plan, Central Coastal Basin).",7402,,,365,Mean,F,"smk 8/2026, yes",Y
3,CAR3091101020020319092611,"Salinas River (middle, near Gonzales Rd crossing to confluence with Nacimiento River)",Salinas River (above Spreckles),309SAS,Salinas River @ Hwy 101 in Soledad,Sodium,,,70,mg/L,WA,"The site specific objective for Sodium for Salinas River (middle, near Gonzales Rd crossing to confluence with Nacimiento River) is an annual mean of 70 mg/L (Table 3-5, Water Quality Control Plan, Central Coastal Basin).",7402,,,365,Mean,F,"smk 8/2026, yes",Y
3,CAR3091101020020319092611,"Salinas River (middle, near Gonzales Rd crossing to confluence with Nacimiento River)",Salinas River (above Spreckles),309SAS,Salinas River @ Hwy 101 in Soledad,Sulfate,,,125,mg/L,WA,"The site specific objective for Sulfate for Salinas River (middle, near Gonzales Rd crossing to confluence with Nacimiento River) is an annual mean of 125 mg/L (Table 3-5, Water Quality Control Plan, Central Coastal Basin).",7402,,,365,Mean,F,"smk 8/2026, yes",Y
3,CAR3091101020020319092611,"Salinas River (middle, near Gonzales Rd crossing to confluence with Nacimiento River)",Salinas River (above Spreckles),309SAS,Salinas River @ Hwy 101 in Soledad,Total Dissolved Solids,,,600,mg/L,WA,"The site specific objective for Total Dissolved Solids for Salinas River (middle, near Gonzales Rd crossing to confluence with Nacimiento River) is an annual mean of 600 mg/L (Table 3-5, Water Quality Control Plan, Central Coastal Basin).",7402,,,365,Mean,F,"smk 8/2026, yes",Y
3,CAR3091101020020319092611,"Salinas River (middle, near Gonzales Rd crossing to confluence with Nacimiento River)",Salinas River (above Spreckles),309SPAT01,Spatial 1,Boron,,,0.2,mg/L,AG,"The site specific objective for Boron for Salinas River (middle, near Gonzales Rd crossing to confluence with Nacimiento River) is an annual mean of 0.2 mg/L (Table 3-5, Water Quality Control Plan, Central Coastal Basin).",7402,,,365,Mean,F,"smk 8/2026, yes",Y
3,CAR3091101020020319092611,"Salinas River (middle, near Gonzales Rd crossing to confluence with Nacimiento River)",Salinas River (above Spreckles),309SPAT01,Spatial 1,Chloride,,,80,mg/L,WA,"The site specific objective for Chloride for Salinas River (middle, near Gonzales Rd crossing to confluence with Nacimiento River) is an annual mean of 80 mg/L (Table 3-5, Water Quality Control Plan, Central Coastal Basin).",7402,,,365,Mean,F,"smk 8/2026, yes",Y
3,CAR3091101020020319092611,"Salinas River (middle, near Gonzales Rd crossing to confluence with Nacimiento River)",Salinas River (above Spreckles),309SPAT01,Spatial 1,Sodium,,,70,mg/L,WA,"The site specific objective for Sodium for Salinas River (middle, near Gonzales Rd crossing to confluence with Nacimiento River) is an annual mean of 70 mg/L (Table 3-5, Water Quality Control Plan, Central Coastal Basin).",7402,,,365,Mean,F,"smk 8/2026, yes",Y
3,CAR3091101020020319092611,"Salinas River (middle, near Gonzales Rd crossing to confluence with Nacimiento River)",Salinas River (above Spreckles),309SPAT01,Spatial 1,Sulfate,,,125,mg/L,WA,"The site specific objective for Sulfate for Salinas River (middle, near Gonzales Rd crossing to confluence with Nacimiento River) is an annual mean of 125 mg/L (Table 3-5, Water Quality Control Plan, Central Coastal Basin).",7402,,,365,Mean,F,"smk 8/2026, yes",Y
3,CAR3091101020020319092611,"Salinas River (middle, near Gonzales Rd crossing to confluence with Nacimiento River)",Salinas River (above Spreckles),309SPAT01,Spatial 1,Total Dissolved Solids,,,600,mg/L,WA,"The site specific objective for Total Dissolved Solids for Salinas River (middle, near Gonzales Rd crossing to confluence with Nacimiento River) is an annual mean of 600 mg/L (Table 3-5, Water Quality Control Plan, Central Coastal Basin).",7402,,,365,Mean,F,"smk 8/2026, yes",Y
3,CAR3091101020020319092611,"Salinas River (middle, near Gonzales Rd crossing to confluence with Nacimiento River)",Salinas River (above Spreckles),309SPAT02,Spatial 2,Boron,,,0.2,mg/L,AG,"The site specific objective for Boron for Salinas River (middle, near Gonzales Rd crossing to confluence with Nacimiento River) is an annual mean of 0.2 mg/L (Table 3-5, Water Quality Control Plan, Central Coastal Basin).",7402,,,365,Mean,F,"smk 8/2026, yes",Y
3,CAR3091101020020319092611,"Salinas River (middle, near Gonzales Rd crossing to confluence with Nacimiento River)",Salinas River (above Spreckles),309SPAT02,Spatial 2,Chloride,,,80,mg/L,WA,"The site specific objective for Chloride for Salinas River (middle, near Gonzales Rd crossing to confluence with Nacimiento River) is an annual mean of 80 mg/L (Table 3-5, Water Quality Control Plan, Central Coastal Basin).",7402,,,365,Mean,F,"smk 8/2026, yes",Y
3,CAR3091101020020319092611,"Salinas River (middle, near Gonzales Rd crossing to confluence with Nacimiento River)",Salinas River (above Spreckles),309SPAT02,Spatial 2,Sodium,,,70,mg/L,WA,"The site specific objective for Sodium for Salinas River (middle, near Gonzales Rd crossing to confluence with Nacimiento River) is an annual mean of 70 mg/L (Table 3-5, Water Quality Control Plan, Central Coastal Basin).",7402,,,365,Mean,F,"smk 8/2026, yes",Y
3,CAR3091101020020319092611,"Salinas River (middle, near Gonzales Rd crossing to confluence with Nacimiento River)",Salinas River (above Spreckles),309SPAT02,Spatial 2,Sulfate,,,125,mg/L,WA,"The site specific objective for Sulfate for Salinas River (middle, near Gonzales Rd crossing to confluence with Nacimiento River) is an annual mean of 125 mg/L (Table 3-5, Water Quality Control Plan, Central Coastal Basin).",7402,,,365,Mean,F,"smk 8/2026, yes",Y
3,CAR3091101020020319092611,"Salinas River (middle, near Gonzales Rd crossing to confluence with Nacimiento River)",Salinas River (above Spreckles),309SPAT02,Spatial 2,Total Dissolved Solids,,,600,mg/L,WA,"The site specific objective for Total Dissolved Solids for Salinas River (middle, near Gonzales Rd crossing to confluence with Nacimiento River) is an annual mean of 600 mg/L (Table 3-5, Water Quality Control Plan, Central Coastal Basin).",7402,,,365,Mean,F,"smk 8/2026, yes",Y
3,CAR3091101020020319092611,"Salinas River (middle, near Gonzales Rd crossing to confluence with Nacimiento River)",Salinas River (above Spreckles),309SPAT03,Spatial 3,Boron,,,0.2,mg/L,AG,"The site specific objective for Boron for Salinas River (middle, near Gonzales Rd crossing to confluence with Nacimiento River) is an annual mean of 0.2 mg/L (Table 3-5, Water Quality Control Plan, Central Coastal Basin).",7402,,,365,Mean,F,"smk 8/2026, yes",Y
3,CAR3091101020020319092611,"Salinas River (middle, near Gonzales Rd crossing to confluence with Nacimiento River)",Salinas River (above Spreckles),309SPAT03,Spatial 3,Chloride,,,80,mg/L,WA,"The site specific objective for Chloride for Salinas River (middle, near Gonzales Rd crossing to confluence with Nacimiento River) is an annual mean of 80 mg/L (Table 3-5, Water Quality Control Plan, Central Coastal Basin).",7402,,,365,Mean,F,"smk 8/2026, yes",Y
3,CAR3091101020020319092611,"Salinas River (middle, near Gonzales Rd crossing to confluence with Nacimiento River)",Salinas River (above Spreckles),309SPAT03,Spatial 3,Sodium,,,70,mg/L,WA,"The site specific objective for Sodium for Salinas River (middle, near Gonzales Rd crossing to confluence with Nacimiento River) is an annual mean of 70 mg/L (Table 3-5, Water Quality Control Plan, Central Coastal Basin).",7402,,,365,Mean,F,"smk 8/2026, yes",Y
3,CAR3091101020020319092611,"Salinas River (middle, near Gonzales Rd crossing to confluence with Nacimiento River)",Salinas River (above Spreckles),309SPAT03,Spatial 3,Sulfate,,,125,mg/L,WA,"The site specific objective for Sulfate for Salinas River (middle, near Gonzales Rd crossing to confluence with Nacimiento River) is an annual mean of 125 mg/L (Table 3-5, Water Quality Control Plan, Central Coastal Basin).",7402,,,365,Mean,F,"smk 8/2026, yes",Y
3,CAR3091101020020319092611,"Salinas River (middle, near Gonzales Rd crossing to confluence with Nacimiento River)",Salinas River (above Spreckles),309SPAT03,Spatial 3,Total Dissolved Solids,,,600,mg/L,WA,"The site specific objective for Total Dissolved Solids for Salinas River (middle, near Gonzales Rd crossing to confluence with Nacimiento River) is an annual mean of 600 mg/L (Table 3-5, Water Quality Control Plan, Central Coastal Basin).",7402,,,365,Mean,F,"smk 8/2026, yes",Y
3,CAR3091101020020319092611,"Salinas River (middle, near Gonzales Rd crossing to confluence with Nacimiento River)",Salinas River (above Spreckles),309SPAT04,Spatial 4,Boron,,,0.2,mg/L,AG,"The site specific objective for Boron for Salinas River (middle, near Gonzales Rd crossing to confluence with Nacimiento River) is an annual mean of 0.2 mg/L (Table 3-5, Water Quality Control Plan, Central Coastal Basin).",7402,,,365,Mean,F,"smk 8/2026, yes",Y
3,CAR3091101020020319092611,"Salinas River (middle, near Gonzales Rd crossing to confluence with Nacimiento River)",Salinas River (above Spreckles),309SPAT04,Spatial 4,Chloride,,,80,mg/L,WA,"The site specific objective for Chloride for Salinas River (middle, near Gonzales Rd crossing to confluence with Nacimiento River) is an annual mean of 80 mg/L (Table 3-5, Water Quality Control Plan, Central Coastal Basin).",7402,,,365,Mean,F,"smk 8/2026, yes",Y
3,CAR3091101020020319092611,"Salinas River (middle, near Gonzales Rd crossing to confluence with Nacimiento River)",Salinas River (above Spreckles),309SPAT04,Spatial 4,Sodium,,,70,mg/L,WA,"The site specific objective for Sodium for Salinas River (middle, near Gonzales Rd crossing to confluence with Nacimiento River) is an annual mean of 70 mg/L (Table 3-5, Water Quality Control Plan, Central Coastal Basin).",7402,,,365,Mean,F,"smk 8/2026, yes",Y
3,CAR3091101020020319092611,"Salinas River (middle, near Gonzales Rd crossing to confluence with Nacimiento River)",Salinas River (above Spreckles),309SPAT04,Spatial 4,Sulfate,,,125,mg/L,WA,"The site specific objective for Sulfate for Salinas River (middle, near Gonzales Rd crossing to confluence with Nacimiento River) is an annual mean of 125 mg/L (Table 3-5, Water Quality Control Plan, Central Coastal Basin).",7402,,,365,Mean,F,"smk 8/2026, yes",Y
3,CAR3091101020020319092611,"Salinas River (middle, near Gonzales Rd crossing to confluence with Nacimiento River)",Salinas River (above Spreckles),309SPAT04,Spatial 4,Total Dissolved Solids,,,600,mg/L,WA,"The site specific objective for Total Dissolved Solids for Salinas River (middle, near Gonzales Rd crossing to confluence with Nacimiento River) is an annual mean of 600 mg/L (Table 3-5, Water Quality Control Plan, Central Coastal Basin).",7402,,,365,Mean,F,"smk 8/2026, yes",Y
3,CAR3091101020020319092611,"Salinas River (middle, near Gonzales Rd crossing to confluence with Nacimiento River)",Salinas River (above Spreckles),309SPAT05,Spatial 5,Boron,,,0.2,mg/L,AG,"The site specific objective for Boron for Salinas River (middle, near Gonzales Rd crossing to confluence with Nacimiento River) is an annual mean of 0.2 mg/L (Table 3-5, Water Quality Control Plan, Central Coastal Basin).",7402,,,365,Mean,F,"smk 8/2026, yes",Y
3,CAR3091101020020319092611,"Salinas River (middle, near Gonzales Rd crossing to confluence with Nacimiento River)",Salinas River (above Spreckles),309SPAT05,Spatial 5,Chloride,,,80,mg/L,WA,"The site specific objective for Chloride for Salinas River (middle, near Gonzales Rd crossing to confluence with Nacimiento River) is an annual mean of 80 mg/L (Table 3-5, Water Quality Control Plan, Central Coastal Basin).",7402,,,365,Mean,F,"smk 8/2026, yes",Y
3,CAR3091101020020319092611,"Salinas River (middle, near Gonzales Rd crossing to confluence with Nacimiento River)",Salinas River (above Spreckles),309SPAT05,Spatial 5,Sodium,,,70,mg/L,WA,"The site specific objective for Sodium for Salinas River (middle, near Gonzales Rd crossing to confluence with Nacimiento River) is an annual mean of 70 mg/L (Table 3-5, Water Quality Control Plan, Central Coastal Basin).",7402,,,365,Mean,F,"smk 8/2026, yes",Y
3,CAR3091101020020319092611,"Salinas River (middle, near Gonzales Rd crossing to confluence with Nacimiento River)",Salinas River (above Spreckles),309SPAT05,Spatial 5,Sulfate,,,125,mg/L,WA,"The site specific objective for Sulfate for Salinas River (middle, near Gonzales Rd crossing to confluence with Nacimiento River) is an annual mean of 125 mg/L (Table 3-5, Water Quality Control Plan, Central Coastal Basin).",7402,,,365,Mean,F,"smk 8/2026, yes",Y
3,CAR3091101020020319092611,"Salinas River (middle, near Gonzales Rd crossing to confluence with Nacimiento River)",Salinas River (above Spreckles),309SPAT05,Spatial 5,Total Dissolved Solids,,,600,mg/L,WA,"The site specific objective for Total Dissolved Solids for Salinas River (middle, near Gonzales Rd crossing to confluence with Nacimiento River) is an annual mean of 600 mg/L (Table 3-5, Water Quality Control Plan, Central Coastal Basin).",7402,,,365,Mean,F,"smk 8/2026, yes",Y
3,CAR3091101020020319092611,"Salinas River (middle, near Gonzales Rd crossing to confluence with Nacimiento River)",Salinas River (above Spreckles),309SPAT06,Spatial 6,Boron,,,0.2,mg/L,AG,"The site specific objective for Boron for Salinas River (middle, near Gonzales Rd crossing to confluence with Nacimiento River) is an annual mean of 0.2 mg/L (Table 3-5, Water Quality Control Plan, Central Coastal Basin).",7402,,,365,Mean,F,"smk 8/2026, yes",Y
3,CAR3091101020020319092611,"Salinas River (middle, near Gonzales Rd crossing to confluence with Nacimiento River)",Salinas River (above Spreckles),309SPAT06,Spatial 6,Chloride,,,80,mg/L,WA,"The site specific objective for Chloride for Salinas River (middle, near Gonzales Rd crossing to confluence with Nacimiento River) is an annual mean of 80 mg/L (Table 3-5, Water Quality Control Plan, Central Coastal Basin).",7402,,,365,Mean,F,"smk 8/2026, yes",Y
3,CAR3091101020020319092611,"Salinas River (middle, near Gonzales Rd crossing to confluence with Nacimiento River)",Salinas River (above Spreckles),309SPAT06,Spatial 6,Sodium,,,70,mg/L,WA,"The site specific objective for Sodium for Salinas River (middle, near Gonzales Rd crossing to confluence with Nacimiento River) is an annual mean of 70 mg/L (Table 3-5, Water Quality Control Plan, Central Coastal Basin).",7402,,,365,Mean,F,"smk 8/2026, yes",Y
3,CAR3091101020020319092611,"Salinas River (middle, near Gonzales Rd crossing to confluence with Nacimiento River)",Salinas River (above Spreckles),309SPAT06,Spatial 6,Sulfate,,,125,mg/L,WA,"The site specific objective for Sulfate for Salinas River (middle, near Gonzales Rd crossing to confluence with Nacimiento River) is an annual mean of 125 mg/L (Table 3-5, Water Quality Control Plan, Central Coastal Basin).",7402,,,365,Mean,F,"smk 8/2026, yes",Y
3,CAR3091101020020319092611,"Salinas River (middle, near Gonzales Rd crossing to confluence with Nacimiento River)",Salinas River (above Spreckles),309SPAT06,Spatial 6,Total Dissolved Solids,,,600,mg/L,WA,"The site specific objective for Total Dissolved Solids for Salinas River (middle, near Gonzales Rd crossing to confluence with Nacimiento River) is an annual mean of 600 mg/L (Table 3-5, Water Quality Control Plan, Central Coastal Basin).",7402,,,365,Mean,F,"smk 8/2026, yes",Y
3,CAR3091101020020319092611,"Salinas River (middle, near Gonzales Rd crossing to confluence with Nacimiento River)",Salinas River (above Spreckles),309SPAT07,Spatial 7,Boron,,,0.2,mg/L,AG,"The site specific objective for Boron for Salinas River (middle, near Gonzales Rd crossing to confluence with Nacimiento River) is an annual mean of 0.2 mg/L (Table 3-5, Water Quality Control Plan, Central Coastal Basin).",7402,,,365,Mean,F,,Y
3,CAR3091101020020319092611,"Salinas River (middle, near Gonzales Rd crossing to confluence with Nacimiento River)",Salinas River (above Spreckles),309SPAT07,Spatial 7,Chloride,,,80,mg/L,WA,"The site specific objective for Chloride for Salinas River (middle, near Gonzales Rd crossing to confluence with Nacimiento River) is an annual mean of 80 mg/L (Table 3-5, Water Quality Control Plan, Central Coastal Basin).",7402,,,365,Mean,F,,Y
3,CAR3091101020020319092611,"Salinas River (middle, near Gonzales Rd crossing to confluence with Nacimiento River)",Salinas River (above Spreckles),309SPAT07,Spatial 7,Sodium,,,70,mg/L,WA,"The site specific objective for Sodium for Salinas River (middle, near Gonzales Rd crossing to confluence with Nacimiento River) is an annual mean of 70 mg/L (Table 3-5, Water Quality Control Plan, Central Coastal Basin).",7402,,,365,Mean,F,,Y
3,CAR3091101020020319092611,"Salinas River (middle, near Gonzales Rd crossing to confluence with Nacimiento River)",Salinas River (above Spreckles),309SPAT07,Spatial 7,Sulfate,,,125,mg/L,WA,"The site specific objective for Sulfate for Salinas River (middle, near Gonzales Rd crossing to confluence with Nacimiento River) is an annual mean of 125 mg/L (Table 3-5, Water Quality Control Plan, Central Coastal Basin).",7402,,,365,Mean,F,,Y
3,CAR3091101020020319092611,"Salinas River (middle, near Gonzales Rd crossing to confluence with Nacimiento River)",Salinas River (above Spreckles),309SPAT07,Spatial 7,Total Dissolved Solids,,,600,mg/L,WA,"The site specific objective for Total Dissolved Solids for Salinas River (middle, near Gonzales Rd crossing to confluence with Nacimiento River) is an annual mean of 600 mg/L (Table 3-5, Water Quality Control Plan, Central Coastal Basin).",7402,,,365,Mean,F,,Y
3,CAR3091101020020319092611,"Salinas River (middle, near Gonzales Rd crossing to confluence with Nacimiento River)",Salinas River (above Spreckles),309SPAT08,Spatial 8,Boron,,,0.2,mg/L,AG,"The site specific objective for Boron for Salinas River (middle, near Gonzales Rd crossing to confluence with Nacimiento River) is an annual mean of 0.2 mg/L (Table 3-5, Water Quality Control Plan, Central Coastal Basin).",7402,,,365,Mean,F,,Y
3,CAR3091101020020319092611,"Salinas River (middle, near Gonzales Rd crossing to confluence with Nacimiento River)",Salinas River (above Spreckles),309SPAT08,Spatial 8,Chloride,,,80,mg/L,WA,"The site specific objective for Chloride for Salinas River (middle, near Gonzales Rd crossing to confluence with Nacimiento River) is an annual mean of 80 mg/L (Table 3-5, Water Quality Control Plan, Central Coastal Basin).",7402,,,365,Mean,F,,Y
3,CAR3091101020020319092611,"Salinas River (middle, near Gonzales Rd crossing to confluence with Nacimiento River)",Salinas River (above Spreckles),309SPAT08,Spatial 8,Sodium,,,70,mg/L,WA,"The site specific objective for Sodium for Salinas River (middle, near Gonzales Rd crossing to confluence with Nacimiento River) is an annual mean of 70 mg/L (Table 3-5, Water Quality Control Plan, Central Coastal Basin).",7402,,,365,Mean,F,,Y
3,CAR3091101020020319092611,"Salinas River (middle, near Gonzales Rd crossing to confluence with Nacimiento River)",Salinas River (above Spreckles),309SPAT08,Spatial 8,Sulfate,,,125,mg/L,WA,"The site specific objective for Sulfate for Salinas River (middle, near Gonzales Rd crossing to confluence with Nacimiento River) is an annual mean of 125 mg/L (Table 3-5, Water Quality Control Plan, Central Coastal Basin).",7402,,,365,Mean,F,,Y
3,CAR3091101020020319092611,"Salinas River (middle, near Gonzales Rd crossing to confluence with Nacimiento River)",Salinas River (above Spreckles),309SPAT08,Spatial 8,Total Dissolved Solids,,,600,mg/L,WA,"The site specific objective for Total Dissolved Solids for Salinas River (middle, near Gonzales Rd crossing to confluence with Nacimiento River) is an annual mean of 600 mg/L (Table 3-5, Water Quality Control Plan, Central Coastal Basin).",7402,,,365,Mean,F,,Y
3,CAR3091101020020319092611,"Salinas River (middle, near Gonzales Rd crossing to confluence with Nacimiento River)",Salinas River (above Spreckles),309SPAT09,Spatial 9,Boron,,,0.2,mg/L,AG,"The site specific objective for Boron for Salinas River (middle, near Gonzales Rd crossing to confluence with Nacimiento River) is an annual mean of 0.2 mg/L (Table 3-5, Water Quality Control Plan, Central Coastal Basin).",7402,,,365,Mean,F,,Y
3,CAR3091101020020319092611,"Salinas River (middle, near Gonzales Rd crossing to confluence with Nacimiento River)",Salinas River (above Spreckles),309SPAT09,Spatial 9,Chloride,,,80,mg/L,WA,"The site specific objective for Chloride for Salinas River (middle, near Gonzales Rd crossing to confluence with Nacimiento River) is an annual mean of 80 mg/L (Table 3-5, Water Quality Control Plan, Central Coastal Basin).",7402,,,365,Mean,F,,Y
3,CAR3091101020020319092611,"Salinas River (middle, near Gonzales Rd crossing to confluence with Nacimiento River)",Salinas River (above Spreckles),309SPAT09,Spatial 9,Sodium,,,70,mg/L,WA,"The site specific objective for Sodium for Salinas River (middle, near Gonzales Rd crossing to confluence with Nacimiento River) is an annual mean of 70 mg/L (Table 3-5, Water Quality Control Plan, Central Coastal Basin).",7402,,,365,Mean,F,,Y
3,CAR3091101020020319092611,"Salinas River (middle, near Gonzales Rd crossing to confluence with Nacimiento River)",Salinas River (above Spreckles),309SPAT09,Spatial 9,Sulfate,,,125,mg/L,WA,"The site specific objective for Sulfate for Salinas River (middle, near Gonzales Rd crossing to confluence with Nacimiento River) is an annual mean of 125 mg/L (Table 3-5, Water Quality Control Plan, Central Coastal Basin).",7402,,,365,Mean,F,,Y
3,CAR3091101020020319092611,"Salinas River (middle, near Gonzales Rd crossing to confluence with Nacimiento River)",Salinas River (above Spreckles),309SPAT09,Spatial 9,Total Dissolved Solids,,,600,mg/L,WA,"The site specific objective for Total Dissolved Solids for Salinas River (middle, near Gonzales Rd crossing to confluence with Nacimiento River) is an annual mean of 600 mg/L (Table 3-5, Water Quality Control Plan, Central Coastal Basin).",7402,,,365,Mean,F,,Y
3,CAR3091101020020319092611,"Salinas River (middle, near Gonzales Rd crossing to confluence with Nacimiento River)",Salinas River (above Spreckles),309SPAT11,Spatial 11,Boron,,,0.2,mg/L,AG,"The site specific objective for Boron for Salinas River (middle, near Gonzales Rd crossing to confluence with Nacimiento River) is an annual mean of 0.2 mg/L (Table 3-5, Water Quality Control Plan, Central Coastal Basin).",7402,,,365,Mean,F,,Y
3,CAR3091101020020319092611,"Salinas River (middle, near Gonzales Rd crossing to confluence with Nacimiento River)",Salinas River (above Spreckles),309SPAT11,Spatial 11,Chloride,,,80,mg/L,WA,"The site specific objective for Chloride for Salinas River (middle, near Gonzales Rd crossing to confluence with Nacimiento River) is an annual mean of 80 mg/L (Table 3-5, Water Quality Control Plan, Central Coastal Basin).",7402,,,365,Mean,F,,Y
3,CAR3091101020020319092611,"Salinas River (middle, near Gonzales Rd crossing to confluence with Nacimiento River)",Salinas River (above Spreckles),309SPAT11,Spatial 11,Sodium,,,70,mg/L,WA,"The site specific objective for Sodium for Salinas River (middle, near Gonzales Rd crossing to confluence with Nacimiento River) is an annual mean of 70 mg/L (Table 3-5, Water Quality Control Plan, Central Coastal Basin).",7402,,,365,Mean,F,,Y
3,CAR3091101020020319092611,"Salinas River (middle, near Gonzales Rd crossing to confluence with Nacimiento River)",Salinas River (above Spreckles),309SPAT11,Spatial 11,Sulfate,,,125,mg/L,WA,"The site specific objective for Sulfate for Salinas River (middle, near Gonzales Rd crossing to confluence with Nacimiento River) is an annual mean of 125 mg/L (Table 3-5, Water Quality Control Plan, Central Coastal Basin).",7402,,,365,Mean,F,,Y
3,CAR3091101020020319092611,"Salinas River (middle, near Gonzales Rd crossing to confluence with Nacimiento River)",Salinas River (above Spreckles),309SPAT11,Spatial 11,Total Dissolved Solids,,,600,mg/L,WA,"The site specific objective for Total Dissolved Solids for Salinas River (middle, near Gonzales Rd crossing to confluence with Nacimiento River) is an annual mean of 600 mg/L (Table 3-5, Water Quality Control Plan, Central Coastal Basin).",7402,,,365,Mean,F,,Y
3,CAR3091101020020319092611,"Salinas River (middle, near Gonzales Rd crossing to confluence with Nacimiento River)",Salinas River (above Spreckles),309ST1343,Salinas River/Elm Street-309ST1343,Boron,,,0.2,mg/L,AG,"The site specific objective for Boron for Salinas River (middle, near Gonzales Rd crossing to confluence with Nacimiento River) is an annual mean of 0.2 mg/L (Table 3-5, Water Quality Control Plan, Central Coastal Basin).",7402,,,365,Mean,F,,Y
3,CAR3091101020020319092611,"Salinas River (middle, near Gonzales Rd crossing to confluence with Nacimiento River)",Salinas River (above Spreckles),309ST1343,Salinas River/Elm Street-309ST1343,Chloride,,,80,mg/L,WA,"The site specific objective for Chloride for Salinas River (middle, near Gonzales Rd crossing to confluence with Nacimiento River) is an annual mean of 80 mg/L (Table 3-5, Water Quality Control Plan, Central Coastal Basin).",7402,,,365,Mean,F,,Y
3,CAR3091101020020319092611,"Salinas River (middle, near Gonzales Rd crossing to confluence with Nacimiento River)",Salinas River (above Spreckles),309ST1343,Salinas River/Elm Street-309ST1343,Sodium,,,70,mg/L,WA,"The site specific objective for Sodium for Salinas River (middle, near Gonzales Rd crossing to confluence with Nacimiento River) is an annual mean of 70 mg/L (Table 3-5, Water Quality Control Plan, Central Coastal Basin).",7402,,,365,Mean,F,,Y
3,CAR3091101020020319092611,"Salinas River (middle, near Gonzales Rd crossing to confluence with Nacimiento River)",Salinas River (above Spreckles),309ST1343,Salinas River/Elm Street-309ST1343,Sulfate,,,125,mg/L,WA,"The site specific objective for Sulfate for Salinas River (middle, near Gonzales Rd crossing to confluence with Nacimiento River) is an annual mean of 125 mg/L (Table 3-5, Water Quality Control Plan, Central Coastal Basin).",7402,,,365,Mean,F,,Y
3,CAR3091101020020319092611,"Salinas River (middle, near Gonzales Rd crossing to confluence with Nacimiento River)",Salinas River (above Spreckles),309ST1343,Salinas River/Elm Street-309ST1343,Total Dissolved Solids,,,600,mg/L,WA,"The site specific objective for Total Dissolved Solids for Salinas River (middle, near Gonzales Rd crossing to confluence with Nacimiento River) is an annual mean of 600 mg/L (Table 3-5, Water Quality Control Plan, Central Coastal Basin).",7402,,,365,Mean,F,,Y
3,CAR3091101020020319092611,"Salinas River (middle, near Gonzales Rd crossing to confluence with Nacimiento River)",Salinas River (above Spreckles),309USA,Salinas River At Bradley Bridge,Boron,,,0.2,mg/L,AG,"The site specific objective for Boron for Salinas River (middle, near Gonzales Rd crossing to confluence with Nacimiento River) is an annual mean of 0.2 mg/L (Table 3-5, Water Quality Control Plan, Central Coastal Basin).",7402,,,365,Mean,F,,Y
3,CAR3091101020020319092611,"Salinas River (middle, near Gonzales Rd crossing to confluence with Nacimiento River)",Salinas River (above Spreckles),309USA,Salinas River At Bradley Bridge,Chloride,,,80,mg/L,WA,"The site specific objective for Chloride for Salinas River (middle, near Gonzales Rd crossing to confluence with Nacimiento River) is an annual mean of 80 mg/L (Table 3-5, Water Quality Control Plan, Central Coastal Basin).",7402,,,365,Mean,F,,Y
3,CAR3091101020020319092611,"Salinas River (middle, near Gonzales Rd crossing to confluence with Nacimiento River)",Salinas River (above Spreckles),309USA,Salinas River At Bradley Bridge,Sodium,,,70,mg/L,WA,"The site specific objective for Sodium for Salinas River (middle, near Gonzales Rd crossing to confluence with Nacimiento River) is an annual mean of 70 mg/L (Table 3-5, Water Quality Control Plan, Central Coastal Basin).",7402,,,365,Mean,F,,Y
3,CAR3091101020020319092611,"Salinas River (middle, near Gonzales Rd crossing to confluence with Nacimiento River)",Salinas River (above Spreckles),309USA,Salinas River At Bradley Bridge,Sulfate,,,125,mg/L,WA,"The site specific objective for Sulfate for Salinas River (middle, near Gonzales Rd crossing to confluence with Nacimiento River) is an annual mean of 125 mg/L (Table 3-5, Water Quality Control Plan, Central Coastal Basin).",7402,,,365,Mean,F,,Y
3,CAR3091101020020319092611,"Salinas River (middle, near Gonzales Rd crossing to confluence with Nacimiento River)",Salinas River (above Spreckles),309USA,Salinas River At Bradley Bridge,Total Dissolved Solids,,,600,mg/L,WA,"The site specific objective for Total Dissolved Solids for Salinas River (middle, near Gonzales Rd crossing to confluence with Nacimiento River) is an annual mean of 600 mg/L (Table 3-5, Water Quality Control Plan, Central Coastal Basin).",7402,,,365,Mean,F,,Y
3,CAR3091101020020319092611,"Salinas River (middle, near Gonzales Rd crossing to confluence with Nacimiento River)",Salinas River (above Spreckles),SR_US_SOL1,Salinas River upstream of Soledad-1US,Boron,,,0.2,mg/L,AG,"The site specific objective for Boron for Salinas River (middle, near Gonzales Rd crossing to confluence with Nacimiento River) is an annual mean of 0.2 mg/L (Table 3-5, Water Quality Control Plan, Central Coastal Basin).",7402,,,365,Mean,F,,Y
3,CAR3091101020020319092611,"Salinas River (middle, near Gonzales Rd crossing to confluence with Nacimiento River)",Salinas River (above Spreckles),SR_US_SOL1,Salinas River upstream of Soledad-1US,Chloride,,,80,mg/L,WA,"The site specific objective for Chloride for Salinas River (middle, near Gonzales Rd crossing to confluence with Nacimiento River) is an annual mean of 80 mg/L (Table 3-5, Water Quality Control Plan, Central Coastal Basin).",7402,,,365,Mean,F,,Y
3,CAR3091101020020319092611,"Salinas River (middle, near Gonzales Rd crossing to confluence with Nacimiento River)",Salinas River (above Spreckles),SR_US_SOL1,Salinas River upstream of Soledad-1US,Sodium,,,70,mg/L,WA,"The site specific objective for Sodium for Salinas River (middle, near Gonzales Rd crossing to confluence with Nacimiento River) is an annual mean of 70 mg/L (Table 3-5, Water Quality Control Plan, Central Coastal Basin).",7402,,,365,Mean,F,,Y
3,CAR3091101020020319092611,"Salinas River (middle, near Gonzales Rd crossing to confluence with Nacimiento River)",Salinas River (above Spreckles),SR_US_SOL1,Salinas River upstream of Soledad-1US,Sulfate,,,125,mg/L,WA,"The site specific objective for Sulfate for Salinas River (middle, near Gonzales Rd crossing to confluence with Nacimiento River) is an annual mean of 125 mg/L (Table 3-5, Water Quality Control Plan, Central Coastal Basin).",7402,,,365,Mean,F,,Y
3,CAR3091101020020319092611,"Salinas River (middle, near Gonzales Rd crossing to confluence with Nacimiento River)",Salinas River (above Spreckles),SR_US_SOL1,Salinas River upstream of Soledad-1US,Total Dissolved Solids,,,600,mg/L,WA,"The site specific objective for Total Dissolved Solids for Salinas River (middle, near Gonzales Rd crossing to confluence with Nacimiento River) is an annual mean of 600 mg/L (Table 3-5, Water Quality Control Plan, Central Coastal Basin).",7402,,,365,Mean,F,,Y
3,CAR3091101020020319092611,"Salinas River (middle, near Gonzales Rd crossing to confluence with Nacimiento River)",Salinas River (above Spreckles),SR_US_SOL2,Salinas River upstream of Soledad-2DS,Boron,,,0.2,mg/L,AG,"The site specific objective for Boron for Salinas River (middle, near Gonzales Rd crossing to confluence with Nacimiento River) is an annual mean of 0.2 mg/L (Table 3-5, Water Quality Control Plan, Central Coastal Basin).",7402,,,365,Mean,F,,Y
3,CAR3091101020020319092611,"Salinas River (middle, near Gonzales Rd crossing to confluence with Nacimiento River)",Salinas River (above Spreckles),SR_US_SOL2,Salinas River upstream of Soledad-2DS,Chloride,,,80,mg/L,WA,"The site specific objective for Chloride for Salinas River (middle, near Gonzales Rd crossing to confluence with Nacimiento River) is an annual mean of 80 mg/L (Table 3-5, Water Quality Control Plan, Central Coastal Basin).",7402,,,365,Mean,F,,Y
3,CAR3091101020020319092611,"Salinas River (middle, near Gonzales Rd crossing to confluence with Nacimiento River)",Salinas River (above Spreckles),SR_US_SOL2,Salinas River upstream of Soledad-2DS,Sodium,,,70,mg/L,WA,"The site specific objective for Sodium for Salinas River (middle, near Gonzales Rd crossing to confluence with Nacimiento River) is an annual mean of 70 mg/L (Table 3-5, Water Quality Control Plan, Central Coastal Basin).",7402,,,365,Mean,F,,Y
3,CAR3091101020020319092611,"Salinas River (middle, near Gonzales Rd crossing to confluence with Nacimiento River)",Salinas River (above Spreckles),SR_US_SOL2,Salinas River upstream of Soledad-2DS,Sulfate,,,125,mg/L,WA,"The site specific objective for Sulfate for Salinas River (middle, near Gonzales Rd crossing to confluence with Nacimiento River) is an annual mean of 125 mg/L (Table 3-5, Water Quality Control Plan, Central Coastal Basin).",7402,,,365,Mean,F,,Y
3,CAR3091101020020319092611,"Salinas River (middle, near Gonzales Rd crossing to confluence with Nacimiento River)",Salinas River (above Spreckles),SR_US_SOL2,Salinas River upstream of Soledad-2DS,Total Dissolved Solids,,,600,mg/L,WA,"The site specific objective for Total Dissolved Solids for Salinas River (middle, near Gonzales Rd crossing to confluence with Nacimiento River) is an annual mean of 600 mg/L (Table 3-5, Water Quality Control Plan, Central Coastal Basin).",7402,,,365,Mean,F,,Y
3,CAR3091101020020319092611,"Salinas River (middle, near Gonzales Rd crossing to confluence with Nacimiento River)",Salinas River (above Spreckles),USGS-11150500,SALINAS R NR BRADLEY CA,Boron,,,0.2,mg/L,AG,"The site specific objective for Boron for Salinas River (middle, near Gonzales Rd crossing to confluence with Nacimiento River) is an annual mean of 0.2 mg/L (Table 3-5, Water Quality Control Plan, Central Coastal Basin).",7402,,,365,Mean,F,,Y
3,CAR3091101020020319092611,"Salinas River (middle, near Gonzales Rd crossing to confluence with Nacimiento River)",Salinas River (above Spreckles),USGS-11150500,SALINAS R NR BRADLEY CA,Chloride,,,80,mg/L,WA,"The site specific objective for Chloride for Salinas River (middle, near Gonzales Rd crossing to confluence with Nacimiento River) is an annual mean of 80 mg/L (Table 3-5, Water Quality Control Plan, Central Coastal Basin).",7402,,,365,Mean,F,,Y
3,CAR3091101020020319092611,"Salinas River (middle, near Gonzales Rd crossing to confluence with Nacimiento River)",Salinas River (above Spreckles),USGS-11150500,SALINAS R NR BRADLEY CA,Sodium,,,70,mg/L,WA,"The site specific objective for Sodium for Salinas River (middle, near Gonzales Rd crossing to confluence with Nacimiento River) is an annual mean of 70 mg/L (Table 3-5, Water Quality Control Plan, Central Coastal Basin).",7402,,,365,Mean,F,,Y
3,CAR3091101020020319092611,"Salinas River (middle, near Gonzales Rd crossing to confluence with Nacimiento River)",Salinas River (above Spreckles),USGS-11150500,SALINAS R NR BRADLEY CA,Sulfate,,,125,mg/L,WA,"The site specific objective for Sulfate for Salinas River (middle, near Gonzales Rd crossing to confluence with Nacimiento River) is an annual mean of 125 mg/L (Table 3-5, Water Quality Control Plan, Central Coastal Basin).",7402,,,365,Mean,F,,Y
3,CAR3091101020020319092611,"Salinas River (middle, near Gonzales Rd crossing to confluence with Nacimiento River)",Salinas River (above Spreckles),USGS-11150500,SALINAS R NR BRADLEY CA,Total Dissolved Solids,,,600,mg/L,WA,"The site specific objective for Total Dissolved Solids for Salinas River (middle, near Gonzales Rd crossing to confluence with Nacimiento River) is an annual mean of 600 mg/L (Table 3-5, Water Quality Control Plan, Central Coastal Basin).",7402,,,365,Mean,F,,Y
3,CAR3091800020020103133204,San Lorenzo Creek (Monterey County),Diablo Tributary,180SAN091,San Lorenzo Creek,Boron,,,0.5,mg/L,AG,"The site specific objective for Boron for San Lorenzo Creek (Monterey County) is an annual mean of 0.5 mg/L (Table 3-5, Water Quality Control Plan, Central Coastal Basin).",7402,,,365,Mean,F,Steve Saiz revealed this refers to PanchoRico Creek and San Lorenzo Creek as shown in the1975 Basin Plan Table 14-3.,Y
3,CAR3091800020020103133204,San Lorenzo Creek (Monterey County),Diablo Tributary,180SAN091,San Lorenzo Creek,Chloride,,,80,mg/L,WA,"The site specific objective for Chloride for San Lorenzo Creek (Monterey County) is an annual mean of 80 mg/L (Table 3-5, Water Quality Control Plan, Central Coastal Basin).",7402,,,365,Mean,F,Steve Saiz revealed this refers to PanchoRico Creek and San Lorenzo Creek as shown in the1975 Basin Plan Table 14-3.,Y
3,CAR3091800020020103133204,San Lorenzo Creek (Monterey County),Diablo Tributary,180SAN091,San Lorenzo Creek,Sodium,,,150,mg/L,WA,"The site specific objective for Sodium for San Lorenzo Creek (Monterey County) is an annual mean of 150 mg/L (Table 3-5, Water Quality Control Plan, Central Coastal Basin).",7402,,,365,Mean,F,Steve Saiz revealed this refers to PanchoRico Creek and San Lorenzo Creek as shown in the1975 Basin Plan Table 14-3.,Y
3,CAR3091800020020103133204,San Lorenzo Creek (Monterey County),Diablo Tributary,180SAN091,San Lorenzo Creek,Sulfate,,,700,mg/L,WA,"The site specific objective for Sulfate for San Lorenzo Creek (Monterey County) is an annual mean of 700 mg/L (Table 3-5, Water Quality Control Plan, Central Coastal Basin).",7402,,,365,Mean,F,Steve Saiz revealed this refers to PanchoRico Creek and San Lorenzo Creek as shown in the1975 Basin Plan Table 14-3.,Y
3,CAR3091800020020103133204,San Lorenzo Creek (Monterey County),Diablo Tributary,180SAN091,San Lorenzo Creek,Total Dissolved Solids,,,1200,mg/L,WA,"The site specific objective for Total Dissolved Solids for San Lorenzo Creek (Monterey County) is an annual mean of 1200 mg/L (Table 3-5, Water Quality Control Plan, Central Coastal Basin).",7402,,,365,Mean,F,Steve Saiz revealed this refers to PanchoRico Creek and San Lorenzo Creek as shown in the1975 Basin Plan Table 14-3.,Y
3,CAR3091900019990304092345,Gabilan Creek,Gabilan Tributary,309-GABIL-31,Gabilan Creek at Independence Road,Boron,,,0.2,mg/L,AG,"The site specific objective for Boron for Gabilan Creek is an annual mean of 0.2 mg/L (Table 3-5, Water Quality Control Plan, Central Coastal Basin).",7402,,,365,Mean,F,Steve Saiz revealed this refers to Gabilan Creek and Quail Creek as shown in the1975 Basin Plan Table 14-3.,Y
3,CAR3091900019990304092345,Gabilan Creek,Gabilan Tributary,309-GABIL-31,Gabilan Creek at Independence Road,Chloride,,,50,mg/L,WA,"The site specific objective for Chloride for Gabilan Creek is an annual mean of 50 mg/L (Table 3-5, Water Quality Control Plan, Central Coastal Basin).",7402,,,365,Mean,F,Steve Saiz revealed this refers to Gabilan Creek and Quail Creek as shown in the1975 Basin Plan Table 14-3.,Y
3,CAR3091900019990304092345,Gabilan Creek,Gabilan Tributary,309-GABIL-31,Gabilan Creek at Independence Road,Sodium,,,50,mg/L,WA,"The site specific objective for Sodium for Gabilan Creek is an annual mean of 50 mg/L (Table 3-5, Water Quality Control Plan, Central Coastal Basin).",7402,,,365,Mean,F,Steve Saiz revealed this refers to Gabilan Creek and Quail Creek as shown in the1975 Basin Plan Table 14-3.,Y
3,CAR3091900019990304092345,Gabilan Creek,Gabilan Tributary,309-GABIL-31,Gabilan Creek at Independence Road,Sulfate,,,50,mg/L,WA,"The site specific objective for Sulfate for Gabilan Creek is an annual mean of 50 mg/L (Table 3-5, Water Quality Control Plan, Central Coastal Basin).",7402,,,365,Mean,F,Steve Saiz revealed this refers to Gabilan Creek and Quail Creek as shown in the1975 Basin Plan Table 14-3.,Y
3,CAR3091900019990304092345,Gabilan Creek,Gabilan Tributary,309-GABIL-31,Gabilan Creek at Independence Road,Total Dissolved Solids,,,300,mg/L,WA,"The site specific objective for Total Dissolved Solids for Gabilan Creek is an annual mean of 300 mg/L (Table 3-5, Water Quality Control Plan, Central Coastal Basin).",7402,,,365,Mean,F,Steve Saiz revealed this refers to Gabilan Creek and Quail Creek as shown in the1975 Basin Plan Table 14-3.,Y
3,CAR3091900019990304092345,Gabilan Creek,Gabilan Tributary,309GAB,Gabilan Creek @ Independence Rd and East Boranda Rd,Boron,,,0.2,mg/L,AG,"The site specific objective for Boron for Gabilan Creek is an annual mean of 0.2 mg/L (Table 3-5, Water Quality Control Plan, Central Coastal Basin).",7402,,,365,Mean,F,Steve Saiz revealed this refers to Gabilan Creek and Quail Creek as shown in the1975 Basin Plan Table 14-3.,Y
3,CAR3091900019990304092345,Gabilan Creek,Gabilan Tributary,309GAB,Gabilan Creek @ Independence Rd and East Boranda Rd,Chloride,,,50,mg/L,WA,"The site specific objective for Chloride for Gabilan Creek is an annual mean of 50 mg/L (Table 3-5, Water Quality Control Plan, Central Coastal Basin).",7402,,,365,Mean,F,Steve Saiz revealed this refers to Gabilan Creek and Quail Creek as shown in the1975 Basin Plan Table 14-3.,Y
3,CAR3091900019990304092345,Gabilan Creek,Gabilan Tributary,309GAB,Gabilan Creek @ Independence Rd and East Boranda Rd,Sodium,,,50,mg/L,WA,"The site specific objective for Sodium for Gabilan Creek is an annual mean of 50 mg/L (Table 3-5, Water Quality Control Plan, Central Coastal Basin).",7402,,,365,Mean,F,Steve Saiz revealed this refers to Gabilan Creek and Quail Creek as shown in the1975 Basin Plan Table 14-3.,Y
3,CAR3091900019990304092345,Gabilan Creek,Gabilan Tributary,309GAB,Gabilan Creek @ Independence Rd and East Boranda Rd,Sulfate,,,50,mg/L,WA,"The site specific objective for Sulfate for Gabilan Creek is an annual mean of 50 mg/L (Table 3-5, Water Quality Control Plan, Central Coastal Basin).",7402,,,365,Mean,F,Steve Saiz revealed this refers to Gabilan Creek and Quail Creek as shown in the1975 Basin Plan Table 14-3.,Y
3,CAR3091900019990304092345,Gabilan Creek,Gabilan Tributary,309GAB,Gabilan Creek @ Independence Rd and East Boranda Rd,Total Dissolved Solids,,,300,mg/L,WA,"The site specific objective for Total Dissolved Solids for Gabilan Creek is an annual mean of 300 mg/L (Table 3-5, Water Quality Control Plan, Central Coastal Basin).",7402,,,365,Mean,F,Steve Saiz revealed this refers to Gabilan Creek and Quail Creek as shown in the1975 Basin Plan Table 14-3.,Y
3,CAR3091900019990304092345,Gabilan Creek,Gabilan Tributary,309GBCR04,Gabilan Creek above E. Laurel Dr.,Boron,,,0.2,mg/L,AG,"The site specific objective for Boron for Gabilan Creek is an annual mean of 0.2 mg/L (Table 3-5, Water Quality Control Plan, Central Coastal Basin).",7402,,,365,Mean,F,Steve Saiz revealed this refers to Gabilan Creek and Quail Creek as shown in the1975 Basin Plan Table 14-3.,Y
3,CAR3091900019990304092345,Gabilan Creek,Gabilan Tributary,309GBCR04,Gabilan Creek above E. Laurel Dr.,Chloride,,,50,mg/L,WA,"The site specific objective for Chloride for Gabilan Creek is an annual mean of 50 mg/L (Table 3-5, Water Quality Control Plan, Central Coastal Basin).",7402,,,365,Mean,F,Steve Saiz revealed this refers to Gabilan Creek and Quail Creek as shown in the1975 Basin Plan Table 14-3.,Y
3,CAR3091900019990304092345,Gabilan Creek,Gabilan Tributary,309GBCR04,Gabilan Creek above E. Laurel Dr.,Sodium,,,50,mg/L,WA,"The site specific objective for Sodium for Gabilan Creek is an annual mean of 50 mg/L (Table 3-5, Water Quality Control Plan, Central Coastal Basin).",7402,,,365,Mean,F,Steve Saiz revealed this refers to Gabilan Creek and Quail Creek as shown in the1975 Basin Plan Table 14-3.,Y
3,CAR3091900019990304092345,Gabilan Creek,Gabilan Tributary,309GBCR04,Gabilan Creek above E. Laurel Dr.,Sulfate,,,50,mg/L,WA,"The site specific objective for Sulfate for Gabilan Creek is an annual mean of 50 mg/L (Table 3-5, Water Quality Control Plan, Central Coastal Basin).",7402,,,365,Mean,F,Steve Saiz revealed this refers to Gabilan Creek and Quail Creek as shown in the1975 Basin Plan Table 14-3.,Y
3,CAR3091900019990304092345,Gabilan Creek,Gabilan Tributary,309GBCR04,Gabilan Creek above E. Laurel Dr.,Total Dissolved Solids,,,300,mg/L,WA,"The site specific objective for Total Dissolved Solids for Gabilan Creek is an annual mean of 300 mg/L (Table 3-5, Water Quality Control Plan, Central Coastal Basin).",7402,,,365,Mean,F,Steve Saiz revealed this refers to Gabilan Creek and Quail Creek as shown in the1975 Basin Plan Table 14-3.,Y
3,CAR3091900019990304092345,Gabilan Creek,Gabilan Tributary,309GBCR05,Gabilan Creek below Lexington Dr.,Boron,,,0.2,mg/L,AG,"The site specific objective for Boron for Gabilan Creek is an annual mean of 0.2 mg/L (Table 3-5, Water Quality Control Plan, Central Coastal Basin).",7402,,,365,Mean,F,Steve Saiz revealed this refers to Gabilan Creek and Quail Creek as shown in the1975 Basin Plan Table 14-3.,Y
3,CAR3091900019990304092345,Gabilan Creek,Gabilan Tributary,309GBCR05,Gabilan Creek below Lexington Dr.,Chloride,,,50,mg/L,WA,"The site specific objective for Chloride for Gabilan Creek is an annual mean of 50 mg/L (Table 3-5, Water Quality Control Plan, Central Coastal Basin).",7402,,,365,Mean,F,Steve Saiz revealed this refers to Gabilan Creek and Quail Creek as shown in the1975 Basin Plan Table 14-3.,Y
3,CAR3091900019990304092345,Gabilan Creek,Gabilan Tributary,309GBCR05,Gabilan Creek below Lexington Dr.,Sodium,,,50,mg/L,WA,"The site specific objective for Sodium for Gabilan Creek is an annual mean of 50 mg/L (Table 3-5, Water Quality Control Plan, Central Coastal Basin).",7402,,,365,Mean,F,Steve Saiz revealed this refers to Gabilan Creek and Quail Creek as shown in the1975 Basin Plan Table 14-3.,Y
3,CAR3091900019990304092345,Gabilan Creek,Gabilan Tributary,309GBCR05,Gabilan Creek below Lexington Dr.,Sulfate,,,50,mg/L,WA,"The site specific objective for Sulfate for Gabilan Creek is an annual mean of 50 mg/L (Table 3-5, Water Quality Control Plan, Central Coastal Basin).",7402,,,365,Mean,F,Steve Saiz revealed this refers to Gabilan Creek and Quail Creek as shown in the1975 Basin Plan Table 14-3.,Y
3,CAR3091900019990304092345,Gabilan Creek,Gabilan Tributary,309GBCR05,Gabilan Creek below Lexington Dr.,Total Dissolved Solids,,,300,mg/L,WA,"The site specific objective for Total Dissolved Solids for Gabilan Creek is an annual mean of 300 mg/L (Table 3-5, Water Quality Control Plan, Central Coastal Basin).",7402,,,365,Mean,F,Steve Saiz revealed this refers to Gabilan Creek and Quail Creek as shown in the1975 Basin Plan Table 14-3.,Y
3,CAR3091900019990304092345,Gabilan Creek,Gabilan Tributary,309GC1567,Gabilan Creek above 309GBCR04,Boron,,,0.2,mg/L,AG,"The site specific objective for Boron for Gabilan Creek is an annual mean of 0.2 mg/L (Table 3-5, Water Quality Control Plan, Central Coastal Basin).",7402,,,365,Mean,F,Steve Saiz revealed this refers to Gabilan Creek and Quail Creek as shown in the1975 Basin Plan Table 14-3.,Y
3,CAR3091900019990304092345,Gabilan Creek,Gabilan Tributary,309GC1567,Gabilan Creek above 309GBCR04,Chloride,,,50,mg/L,WA,"The site specific objective for Chloride for Gabilan Creek is an annual mean of 50 mg/L (Table 3-5, Water Quality Control Plan, Central Coastal Basin).",7402,,,365,Mean,F,Steve Saiz revealed this refers to Gabilan Creek and Quail Creek as shown in the1975 Basin Plan Table 14-3.,Y
3,CAR3091900019990304092345,Gabilan Creek,Gabilan Tributary,309GC1567,Gabilan Creek above 309GBCR04,Sodium,,,50,mg/L,WA,"The site specific objective for Sodium for Gabilan Creek is an annual mean of 50 mg/L (Table 3-5, Water Quality Control Plan, Central Coastal Basin).",7402,,,365,Mean,F,Steve Saiz revealed this refers to Gabilan Creek and Quail Creek as shown in the1975 Basin Plan Table 14-3.,Y
3,CAR3091900019990304092345,Gabilan Creek,Gabilan Tributary,309GC1567,Gabilan Creek above 309GBCR04,Sulfate,,,50,mg/L,WA,"The site specific objective for Sulfate for Gabilan Creek is an annual mean of 50 mg/L (Table 3-5, Water Quality Control Plan, Central Coastal Basin).",7402,,,365,Mean,F,Steve Saiz revealed this refers to Gabilan Creek and Quail Creek as shown in the1975 Basin Plan Table 14-3.,Y
3,CAR3091900019990304092345,Gabilan Creek,Gabilan Tributary,309GC1567,Gabilan Creek above 309GBCR04,Total Dissolved Solids,,,300,mg/L,WA,"The site specific objective for Total Dissolved Solids for Gabilan Creek is an annual mean of 300 mg/L (Table 3-5, Water Quality Control Plan, Central Coastal Basin).",7402,,,365,Mean,F,Steve Saiz revealed this refers to Gabilan Creek and Quail Creek as shown in the1975 Basin Plan Table 14-3.,Y
3,CAR3091900019990304092345,Gabilan Creek,Gabilan Tributary,309GC1585,Gabilan Creek above 309GC1567,Boron,,,0.2,mg/L,AG,"The site specific objective for Boron for Gabilan Creek is an annual mean of 0.2 mg/L (Table 3-5, Water Quality Control Plan, Central Coastal Basin).",7402,,,365,Mean,F,Steve Saiz revealed this refers to Gabilan Creek and Quail Creek as shown in the1975 Basin Plan Table 14-3.,Y
3,CAR3091900019990304092345,Gabilan Creek,Gabilan Tributary,309GC1585,Gabilan Creek above 309GC1567,Chloride,,,50,mg/L,WA,"The site specific objective for Chloride for Gabilan Creek is an annual mean of 50 mg/L (Table 3-5, Water Quality Control Plan, Central Coastal Basin).",7402,,,365,Mean,F,Steve Saiz revealed this refers to Gabilan Creek and Quail Creek as shown in the1975 Basin Plan Table 14-3.,Y
3,CAR3091900019990304092345,Gabilan Creek,Gabilan Tributary,309GC1585,Gabilan Creek above 309GC1567,Sodium,,,50,mg/L,WA,"The site specific objective for Sodium for Gabilan Creek is an annual mean of 50 mg/L (Table 3-5, Water Quality Control Plan, Central Coastal Basin).",7402,,,365,Mean,F,Steve Saiz revealed this refers to Gabilan Creek and Quail Creek as shown in the1975 Basin Plan Table 14-3.,Y
3,CAR3091900019990304092345,Gabilan Creek,Gabilan Tributary,309GC1585,Gabilan Creek above 309GC1567,Sulfate,,,50,mg/L,WA,"The site specific objective for Sulfate for Gabilan Creek is an annual mean of 50 mg/L (Table 3-5, Water Quality Control Plan, Central Coastal Basin).",7402,,,365,Mean,F,Steve Saiz revealed this refers to Gabilan Creek and Quail Creek as shown in the1975 Basin Plan Table 14-3.,Y
3,CAR3091900019990304092345,Gabilan Creek,Gabilan Tributary,309GC1585,Gabilan Creek above 309GC1567,Total Dissolved Solids,,,300,mg/L,WA,"The site specific objective for Total Dissolved Solids for Gabilan Creek is an annual mean of 300 mg/L (Table 3-5, Water Quality Control Plan, Central Coastal Basin).",7402,,,365,Mean,F,Steve Saiz revealed this refers to Gabilan Creek and Quail Creek as shown in the1975 Basin Plan Table 14-3.,Y
3,CAR3091900019990304092345,Gabilan Creek,Gabilan Tributary,309GC1629,Gabilan Creek above 309GC1585,Boron,,,0.2,mg/L,AG,"The site specific objective for Boron for Gabilan Creek is an annual mean of 0.2 mg/L (Table 3-5, Water Quality Control Plan, Central Coastal Basin).",7402,,,365,Mean,F,Steve Saiz revealed this refers to Gabilan Creek and Quail Creek as shown in the1975 Basin Plan Table 14-3.,Y
3,CAR3091900019990304092345,Gabilan Creek,Gabilan Tributary,309GC1629,Gabilan Creek above 309GC1585,Chloride,,,50,mg/L,WA,"The site specific objective for Chloride for Gabilan Creek is an annual mean of 50 mg/L (Table 3-5, Water Quality Control Plan, Central Coastal Basin).",7402,,,365,Mean,F,Steve Saiz revealed this refers to Gabilan Creek and Quail Creek as shown in the1975 Basin Plan Table 14-3.,Y
3,CAR3091900019990304092345,Gabilan Creek,Gabilan Tributary,309GC1629,Gabilan Creek above 309GC1585,Sodium,,,50,mg/L,WA,"The site specific objective for Sodium for Gabilan Creek is an annual mean of 50 mg/L (Table 3-5, Water Quality Control Plan, Central Coastal Basin).",7402,,,365,Mean,F,Steve Saiz revealed this refers to Gabilan Creek and Quail Creek as shown in the1975 Basin Plan Table 14-3.,Y
3,CAR3091900019990304092345,Gabilan Creek,Gabilan Tributary,309GC1629,Gabilan Creek above 309GC1585,Sulfate,,,50,mg/L,WA,"The site specific objective for Sulfate for Gabilan Creek is an annual mean of 50 mg/L (Table 3-5, Water Quality Control Plan, Central Coastal Basin).",7402,,,365,Mean,F,Steve Saiz revealed this refers to Gabilan Creek and Quail Creek as shown in the1975 Basin Plan Table 14-3.,Y
3,CAR3091900019990304092345,Gabilan Creek,Gabilan Tributary,309GC1629,Gabilan Creek above 309GC1585,Total Dissolved Solids,,,300,mg/L,WA,"The site specific objective for Total Dissolved Solids for Gabilan Creek is an annual mean of 300 mg/L (Table 3-5, Water Quality Control Plan, Central Coastal Basin).",7402,,,365,Mean,F,Steve Saiz revealed this refers to Gabilan Creek and Quail Creek as shown in the1975 Basin Plan Table 14-3.,Y
3,CAR3091900019990304092345,Gabilan Creek,Gabilan Tributary,309GC2424,Gabilan Creek below 309GC2485,Boron,,,0.2,mg/L,AG,"The site specific objective for Boron for Gabilan Creek is an annual mean of 0.2 mg/L (Table 3-5, Water Quality Control Plan, Central Coastal Basin).",7402,,,365,Mean,F,Steve Saiz revealed this refers to Gabilan Creek and Quail Creek as shown in the1975 Basin Plan Table 14-3.,Y
3,CAR3091900019990304092345,Gabilan Creek,Gabilan Tributary,309GC2424,Gabilan Creek below 309GC2485,Chloride,,,50,mg/L,WA,"The site specific objective for Chloride for Gabilan Creek is an annual mean of 50 mg/L (Table 3-5, Water Quality Control Plan, Central Coastal Basin).",7402,,,365,Mean,F,Steve Saiz revealed this refers to Gabilan Creek and Quail Creek as shown in the1975 Basin Plan Table 14-3.,Y
3,CAR3091900019990304092345,Gabilan Creek,Gabilan Tributary,309GC2424,Gabilan Creek below 309GC2485,Sodium,,,50,mg/L,WA,"The site specific objective for Sodium for Gabilan Creek is an annual mean of 50 mg/L (Table 3-5, Water Quality Control Plan, Central Coastal Basin).",7402,,,365,Mean,F,Steve Saiz revealed this refers to Gabilan Creek and Quail Creek as shown in the1975 Basin Plan Table 14-3.,Y
3,CAR3091900019990304092345,Gabilan Creek,Gabilan Tributary,309GC2424,Gabilan Creek below 309GC2485,Sulfate,,,50,mg/L,WA,"The site specific objective for Sulfate for Gabilan Creek is an annual mean of 50 mg/L (Table 3-5, Water Quality Control Plan, Central Coastal Basin).",7402,,,365,Mean,F,Steve Saiz revealed this refers to Gabilan Creek and Quail Creek as shown in the1975 Basin Plan Table 14-3.,Y
3,CAR3091900019990304092345,Gabilan Creek,Gabilan Tributary,309GC2424,Gabilan Creek below 309GC2485,Total Dissolved Solids,,,300,mg/L,WA,"The site specific objective for Total Dissolved Solids for Gabilan Creek is an annual mean of 300 mg/L (Table 3-5, Water Quality Control Plan, Central Coastal Basin).",7402,,,365,Mean,F,Steve Saiz revealed this refers to Gabilan Creek and Quail Creek as shown in the1975 Basin Plan Table 14-3.,Y
3,CAR3091900019990304092345,Gabilan Creek,Gabilan Tributary,309GC2485,Gabilan Creek below Constitution Blvd.,Boron,,,0.2,mg/L,AG,"The site specific objective for Boron for Gabilan Creek is an annual mean of 0.2 mg/L (Table 3-5, Water Quality Control Plan, Central Coastal Basin).",7402,,,365,Mean,F,Steve Saiz revealed this refers to Gabilan Creek and Quail Creek as shown in the1975 Basin Plan Table 14-3.,Y
3,CAR3091900019990304092345,Gabilan Creek,Gabilan Tributary,309GC2485,Gabilan Creek below Constitution Blvd.,Chloride,,,50,mg/L,WA,"The site specific objective for Chloride for Gabilan Creek is an annual mean of 50 mg/L (Table 3-5, Water Quality Control Plan, Central Coastal Basin).",7402,,,365,Mean,F,Steve Saiz revealed this refers to Gabilan Creek and Quail Creek as shown in the1975 Basin Plan Table 14-3.,Y
3,CAR3091900019990304092345,Gabilan Creek,Gabilan Tributary,309GC2485,Gabilan Creek below Constitution Blvd.,Sodium,,,50,mg/L,WA,"The site specific objective for Sodium for Gabilan Creek is an annual mean of 50 mg/L (Table 3-5, Water Quality Control Plan, Central Coastal Basin).",7402,,,365,Mean,F,Steve Saiz revealed this refers to Gabilan Creek and Quail Creek as shown in the1975 Basin Plan Table 14-3.,Y
3,CAR3091900019990304092345,Gabilan Creek,Gabilan Tributary,309GC2485,Gabilan Creek below Constitution Blvd.,Sulfate,,,50,mg/L,WA,"The site specific objective for Sulfate for Gabilan Creek is an annual mean of 50 mg/L (Table 3-5, Water Quality Control Plan, Central Coastal Basin).",7402,,,365,Mean,F,Steve Saiz revealed this refers to Gabilan Creek and Quail Creek as shown in the1975 Basin Plan Table 14-3.,Y
3,CAR3091900019990304092345,Gabilan Creek,Gabilan Tributary,309GC2485,Gabilan Creek below Constitution Blvd.,Total Dissolved Solids,,,300,mg/L,WA,"The site specific objective for Total Dissolved Solids for Gabilan Creek is an annual mean of 300 mg/L (Table 3-5, Water Quality Control Plan, Central Coastal Basin).",7402,,,365,Mean,F,Steve Saiz revealed this refers to Gabilan Creek and Quail Creek as shown in the1975 Basin Plan Table 14-3.,Y
3,CAR3091900019990304092345,Gabilan Creek,Gabilan Tributary,309GC2974,Gabilan Creek below 309GBCR05,Boron,,,0.2,mg/L,AG,"The site specific objective for Boron for Gabilan Creek is an annual mean of 0.2 mg/L (Table 3-5, Water Quality Control Plan, Central Coastal Basin).",7402,,,365,Mean,F,Steve Saiz revealed this refers to Gabilan Creek and Quail Creek as shown in the1975 Basin Plan Table 14-3.,Y
3,CAR3091900019990304092345,Gabilan Creek,Gabilan Tributary,309GC2974,Gabilan Creek below 309GBCR05,Chloride,,,50,mg/L,WA,"The site specific objective for Chloride for Gabilan Creek is an annual mean of 50 mg/L (Table 3-5, Water Quality Control Plan, Central Coastal Basin).",7402,,,365,Mean,F,Steve Saiz revealed this refers to Gabilan Creek and Quail Creek as shown in the1975 Basin Plan Table 14-3.,Y
3,CAR3091900019990304092345,Gabilan Creek,Gabilan Tributary,309GC2974,Gabilan Creek below 309GBCR05,Sodium,,,50,mg/L,WA,"The site specific objective for Sodium for Gabilan Creek is an annual mean of 50 mg/L (Table 3-5, Water Quality Control Plan, Central Coastal Basin).",7402,,,365,Mean,F,Steve Saiz revealed this refers to Gabilan Creek and Quail Creek as shown in the1975 Basin Plan Table 14-3.,Y
3,CAR3091900019990304092345,Gabilan Creek,Gabilan Tributary,309GC2974,Gabilan Creek below 309GBCR05,Sulfate,,,50,mg/L,WA,"The site specific objective for Sulfate for Gabilan Creek is an annual mean of 50 mg/L (Table 3-5, Water Quality Control Plan, Central Coastal Basin).",7402,,,365,Mean,F,Steve Saiz revealed this refers to Gabilan Creek and Quail Creek as shown in the1975 Basin Plan Table 14-3.,Y
3,CAR3091900019990304092345,Gabilan Creek,Gabilan Tributary,309GC2974,Gabilan Creek below 309GBCR05,Total Dissolved Solids,,,300,mg/L,WA,"The site specific objective for Total Dissolved Solids for Gabilan Creek is an annual mean of 300 mg/L (Table 3-5, Water Quality Control Plan, Central Coastal Basin).",7402,,,365,Mean,F,Steve Saiz revealed this refers to Gabilan Creek and Quail Creek as shown in the1975 Basin Plan Table 14-3.,Y
3,CAR3091900019990304092345,Gabilan Creek,Gabilan Tributary,309ST0509,Gabilan Creek-309ST0509,Boron,,,0.2,mg/L,AG,"The site specific objective for Boron for Gabilan Creek is an annual mean of 0.2 mg/L (Table 3-5, Water Quality Control Plan, Central Coastal Basin).",7402,,,365,Mean,F,Steve Saiz revealed this refers to Gabilan Creek and Quail Creek as shown in the1975 Basin Plan Table 14-3.,Y
3,CAR3091900019990304092345,Gabilan Creek,Gabilan Tributary,309ST0509,Gabilan Creek-309ST0509,Chloride,,,50,mg/L,WA,"The site specific objective for Chloride for Gabilan Creek is an annual mean of 50 mg/L (Table 3-5, Water Quality Control Plan, Central Coastal Basin).",7402,,,365,Mean,F,Steve Saiz revealed this refers to Gabilan Creek and Quail Creek as shown in the1975 Basin Plan Table 14-3.,Y
3,CAR3091900019990304092345,Gabilan Creek,Gabilan Tributary,309ST0509,Gabilan Creek-309ST0509,Sodium,,,50,mg/L,WA,"The site specific objective for Sodium for Gabilan Creek is an annual mean of 50 mg/L (Table 3-5, Water Quality Control Plan, Central Coastal Basin).",7402,,,365,Mean,F,Steve Saiz revealed this refers to Gabilan Creek and Quail Creek as shown in the1975 Basin Plan Table 14-3.,Y
3,CAR3091900019990304092345,Gabilan Creek,Gabilan Tributary,309ST0509,Gabilan Creek-309ST0509,Sulfate,,,50,mg/L,WA,"The site specific objective for Sulfate for Gabilan Creek is an annual mean of 50 mg/L (Table 3-5, Water Quality Control Plan, Central Coastal Basin).",7402,,,365,Mean,F,Steve Saiz revealed this refers to Gabilan Creek and Quail Creek as shown in the1975 Basin Plan Table 14-3.,Y
3,CAR3091900019990304092345,Gabilan Creek,Gabilan Tributary,309ST0509,Gabilan Creek-309ST0509,Total Dissolved Solids,,,300,mg/L,WA,"The site specific objective for Total Dissolved Solids for Gabilan Creek is an annual mean of 300 mg/L (Table 3-5, Water Quality Control Plan, Central Coastal Basin).",7402,,,365,Mean,F,Steve Saiz revealed this refers to Gabilan Creek and Quail Creek as shown in the1975 Basin Plan Table 14-3.,Y
3,CAR3091900019990304092345,Gabilan Creek,Gabilan Tributary,GAB-VET,Gabilan Creek at Veteran's Park,Boron,,,0.2,mg/L,AG,"The site specific objective for Boron for Gabilan Creek is an annual mean of 0.2 mg/L (Table 3-5, Water Quality Control Plan, Central Coastal Basin).",7402,,,365,Mean,F,Steve Saiz revealed this refers to Gabilan Creek and Quail Creek as shown in the1975 Basin Plan Table 14-3.,Y
3,CAR3091900019990304092345,Gabilan Creek,Gabilan Tributary,GAB-VET,Gabilan Creek at Veteran's Park,Chloride,,,50,mg/L,WA,"The site specific objective for Chloride for Gabilan Creek is an annual mean of 50 mg/L (Table 3-5, Water Quality Control Plan, Central Coastal Basin).",7402,,,365,Mean,F,Steve Saiz revealed this refers to Gabilan Creek and Quail Creek as shown in the1975 Basin Plan Table 14-3.,Y
3,CAR3091900019990304092345,Gabilan Creek,Gabilan Tributary,GAB-VET,Gabilan Creek at Veteran's Park,Sodium,,,50,mg/L,WA,"The site specific objective for Sodium for Gabilan Creek is an annual mean of 50 mg/L (Table 3-5, Water Quality Control Plan, Central Coastal Basin).",7402,,,365,Mean,F,Steve Saiz revealed this refers to Gabilan Creek and Quail Creek as shown in the1975 Basin Plan Table 14-3.,Y
3,CAR3091900019990304092345,Gabilan Creek,Gabilan Tributary,GAB-VET,Gabilan Creek at Veteran's Park,Sulfate,,,50,mg/L,WA,"The site specific objective for Sulfate for Gabilan Creek is an annual mean of 50 mg/L (Table 3-5, Water Quality Control Plan, Central Coastal Basin).",7402,,,365,Mean,F,Steve Saiz revealed this refers to Gabilan Creek and Quail Creek as shown in the1975 Basin Plan Table 14-3.,Y
3,CAR3091900019990304092345,Gabilan Creek,Gabilan Tributary,GAB-VET,Gabilan Creek at Veteran's Park,Total Dissolved Solids,,,300,mg/L,WA,"The site specific objective for Total Dissolved Solids for Gabilan Creek is an annual mean of 300 mg/L (Table 3-5, Water Quality Control Plan, Central Coastal Basin).",7402,,,365,Mean,F,Steve Saiz revealed this refers to Gabilan Creek and Quail Creek as shown in the1975 Basin Plan Table 14-3.,Y
3,CAR3091900019990304092345,Gabilan Creek,Gabilan Tributary,Monterey 16,Gabilan Crk nr E Boronda at drain pipe,Boron,,,0.2,mg/L,AG,"The site specific objective for Boron for Gabilan Creek is an annual mean of 0.2 mg/L (Table 3-5, Water Quality Control Plan, Central Coastal Basin).",7402,,,365,Mean,F,Steve Saiz revealed this refers to Gabilan Creek and Quail Creek as shown in the1975 Basin Plan Table 14-3.,Y
3,CAR3091900019990304092345,Gabilan Creek,Gabilan Tributary,Monterey 16,Gabilan Crk nr E Boronda at drain pipe,Chloride,,,50,mg/L,WA,"The site specific objective for Chloride for Gabilan Creek is an annual mean of 50 mg/L (Table 3-5, Water Quality Control Plan, Central Coastal Basin).",7402,,,365,Mean,F,Steve Saiz revealed this refers to Gabilan Creek and Quail Creek as shown in the1975 Basin Plan Table 14-3.,Y
3,CAR3091900019990304092345,Gabilan Creek,Gabilan Tributary,Monterey 16,Gabilan Crk nr E Boronda at drain pipe,Sodium,,,50,mg/L,WA,"The site specific objective for Sodium for Gabilan Creek is an annual mean of 50 mg/L (Table 3-5, Water Quality Control Plan, Central Coastal Basin).",7402,,,365,Mean,F,Steve Saiz revealed this refers to Gabilan Creek and Quail Creek as shown in the1975 Basin Plan Table 14-3.,Y
3,CAR3091900019990304092345,Gabilan Creek,Gabilan Tributary,Monterey 16,Gabilan Crk nr E Boronda at drain pipe,Sulfate,,,50,mg/L,WA,"The site specific objective for Sulfate for Gabilan Creek is an annual mean of 50 mg/L (Table 3-5, Water Quality Control Plan, Central Coastal Basin).",7402,,,365,Mean,F,Steve Saiz revealed this refers to Gabilan Creek and Quail Creek as shown in the1975 Basin Plan Table 14-3.,Y
3,CAR3091900019990304092345,Gabilan Creek,Gabilan Tributary,Monterey 16,Gabilan Crk nr E Boronda at drain pipe,Total Dissolved Solids,,,300,mg/L,WA,"The site specific objective for Total Dissolved Solids for Gabilan Creek is an annual mean of 300 mg/L (Table 3-5, Water Quality Control Plan, Central Coastal Basin).",7402,,,365,Mean,F,Steve Saiz revealed this refers to Gabilan Creek and Quail Creek as shown in the1975 Basin Plan Table 14-3.,Y
3,CAR3091900019990304092345,Gabilan Creek,Gabilan Tributary,USGS-11152600,GABILAN C NR SALINAS CA,Boron,,,0.2,mg/L,AG,"The site specific objective for Boron for Gabilan Creek is an annual mean of 0.2 mg/L (Table 3-5, Water Quality Control Plan, Central Coastal Basin).",7402,,,365,Mean,F,Steve Saiz revealed this refers to Gabilan Creek and Quail Creek as shown in the1975 Basin Plan Table 14-3.,Y
3,CAR3091900019990304092345,Gabilan Creek,Gabilan Tributary,USGS-11152600,GABILAN C NR SALINAS CA,Chloride,,,50,mg/L,WA,"The site specific objective for Chloride for Gabilan Creek is an annual mean of 50 mg/L (Table 3-5, Water Quality Control Plan, Central Coastal Basin).",7402,,,365,Mean,F,Steve Saiz revealed this refers to Gabilan Creek and Quail Creek as shown in the1975 Basin Plan Table 14-3.,Y
3,CAR3091900019990304092345,Gabilan Creek,Gabilan Tributary,USGS-11152600,GABILAN C NR SALINAS CA,Sodium,,,50,mg/L,WA,"The site specific objective for Sodium for Gabilan Creek is an annual mean of 50 mg/L (Table 3-5, Water Quality Control Plan, Central Coastal Basin).",7402,,,365,Mean,F,Steve Saiz revealed this refers to Gabilan Creek and Quail Creek as shown in the1975 Basin Plan Table 14-3.,Y
3,CAR3091900019990304092345,Gabilan Creek,Gabilan Tributary,USGS-11152600,GABILAN C NR SALINAS CA,Sulfate,,,50,mg/L,WA,"The site specific objective for Sulfate for Gabilan Creek is an annual mean of 50 mg/L (Table 3-5, Water Quality Control Plan, Central Coastal Basin).",7402,,,365,Mean,F,Steve Saiz revealed this refers to Gabilan Creek and Quail Creek as shown in the1975 Basin Plan Table 14-3.,Y
3,CAR3091900019990304092345,Gabilan Creek,Gabilan Tributary,USGS-11152600,GABILAN C NR SALINAS CA,Total Dissolved Solids,,,300,mg/L,WA,"The site specific objective for Total Dissolved Solids for Gabilan Creek is an annual mean of 300 mg/L (Table 3-5, Water Quality Control Plan, Central Coastal Basin).",7402,,,365,Mean,F,Steve Saiz revealed this refers to Gabilan Creek and Quail Creek as shown in the1975 Basin Plan Table 14-3.,Y
3,CAR3091900019990304092345,Gabilan Creek,Gabilan Tributary,USGS-364138121373701,GABILAN C AB E LAUREL DR NR SALINAS CA,Boron,,,0.2,mg/L,AG,"The site specific objective for Boron for Gabilan Creek is an annual mean of 0.2 mg/L (Table 3-5, Water Quality Control Plan, Central Coastal Basin).",7402,,,365,Mean,F,Steve Saiz revealed this refers to Gabilan Creek and Quail Creek as shown in the1975 Basin Plan Table 14-3.,Y
3,CAR3091900019990304092345,Gabilan Creek,Gabilan Tributary,USGS-364138121373701,GABILAN C AB E LAUREL DR NR SALINAS CA,Chloride,,,50,mg/L,WA,"The site specific objective for Chloride for Gabilan Creek is an annual mean of 50 mg/L (Table 3-5, Water Quality Control Plan, Central Coastal Basin).",7402,,,365,Mean,F,Steve Saiz revealed this refers to Gabilan Creek and Quail Creek as shown in the1975 Basin Plan Table 14-3.,Y
3,CAR3091900019990304092345,Gabilan Creek,Gabilan Tributary,USGS-364138121373701,GABILAN C AB E LAUREL DR NR SALINAS CA,Sodium,,,50,mg/L,WA,"The site specific objective for Sodium for Gabilan Creek is an annual mean of 50 mg/L (Table 3-5, Water Quality Control Plan, Central Coastal Basin).",7402,,,365,Mean,F,Steve Saiz revealed this refers to Gabilan Creek and Quail Creek as shown in the1975 Basin Plan Table 14-3.,Y
3,CAR3091900019990304092345,Gabilan Creek,Gabilan Tributary,USGS-364138121373701,GABILAN C AB E LAUREL DR NR SALINAS CA,Sulfate,,,50,mg/L,WA,"The site specific objective for Sulfate for Gabilan Creek is an annual mean of 50 mg/L (Table 3-5, Water Quality Control Plan, Central Coastal Basin).",7402,,,365,Mean,F,Steve Saiz revealed this refers to Gabilan Creek and Quail Creek as shown in the1975 Basin Plan Table 14-3.,Y
3,CAR3091900019990304092345,Gabilan Creek,Gabilan Tributary,USGS-364138121373701,GABILAN C AB E LAUREL DR NR SALINAS CA,Total Dissolved Solids,,,300,mg/L,WA,"The site specific objective for Total Dissolved Solids for Gabilan Creek is an annual mean of 300 mg/L (Table 3-5, Water Quality Control Plan, Central Coastal Basin).",7402,,,365,Mean,F,Steve Saiz revealed this refers to Gabilan Creek and Quail Creek as shown in the1975 Basin Plan Table 14-3.,Y
3,CAR3091900020011227140647,Quail Creek,Gabilan Tributary,309QUA,Quail Creek at Potter Road crossing,Boron,,,0.2,mg/L,MU,"The site specific objective for Boron for Quail Creek is an annual mean of 0.2 mg/L (Table 3-5, Water Quality Control Plan, Central Coastal Basin).",7402,,,365,Mean,F,Steve Saiz revealed this refers to Gabilan Creek and Quail Creek as shown in the1975 Basin Plan Table 14-3.,Y
3,CAR3091900020011227140647,Quail Creek,Gabilan Tributary,309QUA,Quail Creek at Potter Road crossing,Chloride,,,50,mg/L,WA,"The site specific objective for Chloride for Quail Creek is an annual mean of 50 mg/L (Table 3-5, Water Quality Control Plan, Central Coastal Basin).",7402,,,365,Mean,F,Steve Saiz revealed this refers to Gabilan Creek and Quail Creek as shown in the1975 Basin Plan Table 14-3.,Y
3,CAR3091900020011227140647,Quail Creek,Gabilan Tributary,309QUA,Quail Creek at Potter Road crossing,Sodium,,,50,mg/L,WA,"The site specific objective for Sodium for Quail Creek is an annual mean of 50 mg/L (Table 3-5, Water Quality Control Plan, Central Coastal Basin).",7402,,,365,Mean,F,Steve Saiz revealed this refers to Gabilan Creek and Quail Creek as shown in the1975 Basin Plan Table 14-3.,Y
3,CAR3091900020011227140647,Quail Creek,Gabilan Tributary,309QUA,Quail Creek at Potter Road crossing,Sulfate,,,50,mg/L,WA,"The site specific objective for Sulfate for Quail Creek is an annual mean of 50 mg/L (Table 3-5, Water Quality Control Plan, Central Coastal Basin).",7402,,,365,Mean,F,Steve Saiz revealed this refers to Gabilan Creek and Quail Creek as shown in the1975 Basin Plan Table 14-3.,Y
3,CAR3091900020011227140647,Quail Creek,Gabilan Tributary,309QUA,Quail Creek at Potter Road crossing,Total Dissolved Solids,,,300,mg/L,WA,"The site specific objective for Total Dissolved Solids for Quail Creek is an annual mean of 300 mg/L (Table 3-5, Water Quality Control Plan, Central Coastal Basin).",7402,,,365,Mean,F,Steve Saiz revealed this refers to Gabilan Creek and Quail Creek as shown in the1975 Basin Plan Table 14-3.,Y
3,CAR3091900020011227140647,Quail Creek,Gabilan Tributary,309QUI,Quail Creek @ Hwy 101,Boron,,,0.2,mg/L,MU,"The site specific objective for Boron for Quail Creek is an annual mean of 0.2 mg/L (Table 3-5, Water Quality Control Plan, Central Coastal Basin).",7402,,,365,Mean,F,Steve Saiz revealed this refers to Gabilan Creek and Quail Creek as shown in the1975 Basin Plan Table 14-3.,Y
3,CAR3091900020011227140647,Quail Creek,Gabilan Tributary,309QUI,Quail Creek @ Hwy 101,Chloride,,,50,mg/L,WA,"The site specific objective for Chloride for Quail Creek is an annual mean of 50 mg/L (Table 3-5, Water Quality Control Plan, Central Coastal Basin).",7402,,,365,Mean,F,Steve Saiz revealed this refers to Gabilan Creek and Quail Creek as shown in the1975 Basin Plan Table 14-3.,Y
3,CAR3091900020011227140647,Quail Creek,Gabilan Tributary,309QUI,Quail Creek @ Hwy 101,Sodium,,,50,mg/L,WA,"The site specific objective for Sodium for Quail Creek is an annual mean of 50 mg/L (Table 3-5, Water Quality Control Plan, Central Coastal Basin).",7402,,,365,Mean,F,Steve Saiz revealed this refers to Gabilan Creek and Quail Creek as shown in the1975 Basin Plan Table 14-3.,Y
3,CAR3091900020011227140647,Quail Creek,Gabilan Tributary,309QUI,Quail Creek @ Hwy 101,Sulfate,,,50,mg/L,WA,"The site specific objective for Sulfate for Quail Creek is an annual mean of 50 mg/L (Table 3-5, Water Quality Control Plan, Central Coastal Basin).",7402,,,365,Mean,F,Steve Saiz revealed this refers to Gabilan Creek and Quail Creek as shown in the1975 Basin Plan Table 14-3.,Y
3,CAR3091900020011227140647,Quail Creek,Gabilan Tributary,309QUI,Quail Creek @ Hwy 101,Total Dissolved Solids,,,300,mg/L,WA,"The site specific objective for Total Dissolved Solids for Quail Creek is an annual mean of 300 mg/L (Table 3-5, Water Quality Control Plan, Central Coastal Basin).",7402,,,365,Mean,F,Steve Saiz revealed this refers to Gabilan Creek and Quail Creek as shown in the1975 Basin Plan Table 14-3.,Y
3,CAR3091900020011227140647,Quail Creek,Gabilan Tributary,309REC,,Boron,,,0.2,mg/L,MU,"The site specific objective for Boron for Quail Creek is an annual mean of 0.2 mg/L (Table 3-5, Water Quality Control Plan, Central Coastal Basin).",7402,,,365,Mean,F,Steve Saiz revealed this refers to Gabilan Creek and Quail Creek as shown in the1975 Basin Plan Table 14-3.,Y
3,CAR3091900020011227140647,Quail Creek,Gabilan Tributary,309REC,,Chloride,,,50,mg/L,WA,"The site specific objective for Chloride for Quail Creek is an annual mean of 50 mg/L (Table 3-5, Water Quality Control Plan, Central Coastal Basin).",7402,,,365,Mean,F,Steve Saiz revealed this refers to Gabilan Creek and Quail Creek as shown in the1975 Basin Plan Table 14-3.,Y
3,CAR3091900020011227140647,Quail Creek,Gabilan Tributary,309REC,,Sodium,,,50,mg/L,WA,"The site specific objective for Sodium for Quail Creek is an annual mean of 50 mg/L (Table 3-5, Water Quality Control Plan, Central Coastal Basin).",7402,,,365,Mean,F,Steve Saiz revealed this refers to Gabilan Creek and Quail Creek as shown in the1975 Basin Plan Table 14-3.,Y
3,CAR3091900020011227140647,Quail Creek,Gabilan Tributary,309REC,,Sulfate,,,50,mg/L,WA,"The site specific objective for Sulfate for Quail Creek is an annual mean of 50 mg/L (Table 3-5, Water Quality Control Plan, Central Coastal Basin).",7402,,,365,Mean,F,Steve Saiz revealed this refers to Gabilan Creek and Quail Creek as shown in the1975 Basin Plan Table 14-3.,Y
3,CAR3091900020011227140647,Quail Creek,Gabilan Tributary,309REC,,Total Dissolved Solids,,,300,mg/L,WA,"The site specific objective for Total Dissolved Solids for Quail Creek is an annual mean of 300 mg/L (Table 3-5, Water Quality Control Plan, Central Coastal Basin).",7402,,,365,Mean,F,Steve Saiz revealed this refers to Gabilan Creek and Quail Creek as shown in the1975 Basin Plan Table 14-3.,Y
3,CAR3091900020011227140647,Quail Creek,Gabilan Tributary,309SLQL69,Quail Creek at SR-101,Boron,,,0.2,mg/L,MU,"The site specific objective for Boron for Quail Creek is an annual mean of 0.2 mg/L (Table 3-5, Water Quality Control Plan, Central Coastal Basin).",7402,,,365,Mean,F,Steve Saiz revealed this refers to Gabilan Creek and Quail Creek as shown in the1975 Basin Plan Table 14-3.,Y
3,CAR3091900020011227140647,Quail Creek,Gabilan Tributary,309SLQL69,Quail Creek at SR-101,Chloride,,,50,mg/L,WA,"The site specific objective for Chloride for Quail Creek is an annual mean of 50 mg/L (Table 3-5, Water Quality Control Plan, Central Coastal Basin).",7402,,,365,Mean,F,Steve Saiz revealed this refers to Gabilan Creek and Quail Creek as shown in the1975 Basin Plan Table 14-3.,Y
3,CAR3091900020011227140647,Quail Creek,Gabilan Tributary,309SLQL69,Quail Creek at SR-101,Sodium,,,50,mg/L,WA,"The site specific objective for Sodium for Quail Creek is an annual mean of 50 mg/L (Table 3-5, Water Quality Control Plan, Central Coastal Basin).",7402,,,365,Mean,F,Steve Saiz revealed this refers to Gabilan Creek and Quail Creek as shown in the1975 Basin Plan Table 14-3.,Y
3,CAR3091900020011227140647,Quail Creek,Gabilan Tributary,309SLQL69,Quail Creek at SR-101,Sulfate,,,50,mg/L,WA,"The site specific objective for Sulfate for Quail Creek is an annual mean of 50 mg/L (Table 3-5, Water Quality Control Plan, Central Coastal Basin).",7402,,,365,Mean,F,Steve Saiz revealed this refers to Gabilan Creek and Quail Creek as shown in the1975 Basin Plan Table 14-3.,Y
3,CAR3091900020011227140647,Quail Creek,Gabilan Tributary,309SLQL69,Quail Creek at SR-101,Total Dissolved Solids,,,300,mg/L,WA,"The site specific objective for Total Dissolved Solids for Quail Creek is an annual mean of 300 mg/L (Table 3-5, Water Quality Control Plan, Central Coastal Basin).",7402,,,365,Mean,F,Steve Saiz revealed this refers to Gabilan Creek and Quail Creek as shown in the1975 Basin Plan Table 14-3.,Y
3,CAR3091900020011227140647,Quail Creek,Gabilan Tributary,309UQA,Quail Creek @ Old Stage Rd,Boron,,,0.2,mg/L,MU,"The site specific objective for Boron for Quail Creek is an annual mean of 0.2 mg/L (Table 3-5, Water Quality Control Plan, Central Coastal Basin).",7402,,,365,Mean,F,Steve Saiz revealed this refers to Gabilan Creek and Quail Creek as shown in the1975 Basin Plan Table 14-3.,Y
3,CAR3091900020011227140647,Quail Creek,Gabilan Tributary,309UQA,Quail Creek @ Old Stage Rd,Chloride,,,50,mg/L,WA,"The site specific objective for Chloride for Quail Creek is an annual mean of 50 mg/L (Table 3-5, Water Quality Control Plan, Central Coastal Basin).",7402,,,365,Mean,F,Steve Saiz revealed this refers to Gabilan Creek and Quail Creek as shown in the1975 Basin Plan Table 14-3.,Y
3,CAR3091900020011227140647,Quail Creek,Gabilan Tributary,309UQA,Quail Creek @ Old Stage Rd,Sodium,,,50,mg/L,WA,"The site specific objective for Sodium for Quail Creek is an annual mean of 50 mg/L (Table 3-5, Water Quality Control Plan, Central Coastal Basin).",7402,,,365,Mean,F,Steve Saiz revealed this refers to Gabilan Creek and Quail Creek as shown in the1975 Basin Plan Table 14-3.,Y
3,CAR3091900020011227140647,Quail Creek,Gabilan Tributary,309UQA,Quail Creek @ Old Stage Rd,Sulfate,,,50,mg/L,WA,"The site specific objective for Sulfate for Quail Creek is an annual mean of 50 mg/L (Table 3-5, Water Quality Control Plan, Central Coastal Basin).",7402,,,365,Mean,F,Steve Saiz revealed this refers to Gabilan Creek and Quail Creek as shown in the1975 Basin Plan Table 14-3.,Y
3,CAR3091900020011227140647,Quail Creek,Gabilan Tributary,309UQA,Quail Creek @ Old Stage Rd,Total Dissolved Solids,,,300,mg/L,WA,"The site specific objective for Total Dissolved Solids for Quail Creek is an annual mean of 300 mg/L (Table 3-5, Water Quality Control Plan, Central Coastal Basin).",7402,,,365,Mean,F,Steve Saiz revealed this refers to Gabilan Creek and Quail Creek as shown in the1975 Basin Plan Table 14-3.,Y
3,CAR3097003220020124123351,Pancho Rico Creek,Diablo Tributary,,,Boron,,,0.5,mg/L,AG,"The site specific objective for Boron for Pancho Rico Creek is an annual mean of 0.5 mg/L (Table 3-5, Water Quality Control Plan, Central Coastal Basin).",7402,,,365,Mean,F,smk 8/2026 - This SSO applies as Pancho Rico Creek is referred to as a Diablo Tributary in the 1975 Basin Plan. --Duplicate station-pollutant. Steve Saiz revealed this refers to PanchoRico Creek and San Lorenzo Creek as shown in the1975 Basin Plan Table 14-3.,Y
3,CAR3097003220020124123351,Pancho Rico Creek,Diablo Tributary,,,Chloride,,,80,mg/L,WA,"The site specific objective for Chloride for Pancho Rico Creek is an annual mean of 80 mg/L (Table 3-5, Water Quality Control Plan, Central Coastal Basin).",7402,,,365,Mean,F,smk 8/2026 - This SSO applies as Pancho Rico Creek is referred to as a Diablo Tributary in the 1975 Basin Plan. --Duplicate station-pollutant. Steve Saiz revealed this refers to PanchoRico Creek and San Lorenzo Creek as shown in the1975 Basin Plan Table 14-3.,Y
3,CAR3097003220020124123351,Pancho Rico Creek,Diablo Tributary,,,Sodium,,,150,mg/L,WA,"The site specific objective for Sodium for Pancho Rico Creek is an annual mean of 150 mg/L (Table 3-5, Water Quality Control Plan, Central Coastal Basin).",7402,,,365,Mean,F,smk 8/2026 - This SSO applies as Pancho Rico Creek is referred to as a Diablo Tributary in the 1975 Basin Plan. --Duplicate station-pollutant. Steve Saiz revealed this refers to PanchoRico Creek and San Lorenzo Creek as shown in the1975 Basin Plan Table 14-3.,Y
3,CAR3097003220020124123351,Pancho Rico Creek,Diablo Tributary,,,Sulfate,,,700,mg/L,WA,"The site specific objective for Sulfate for Pancho Rico Creek is an annual mean of 700 mg/L (Table 3-5, Water Quality Control Plan, Central Coastal Basin).",7402,,,365,Mean,F,smk 8/2026 - This SSO applies as Pancho Rico Creek is referred to as a Diablo Tributary in the 1975 Basin Plan. --Duplicate station-pollutant. Steve Saiz revealed this refers to PanchoRico Creek and San Lorenzo Creek as shown in the1975 Basin Plan Table 14-3.,Y
3,CAR3097003220020124123351,Pancho Rico Creek,Diablo Tributary,,,Total Dissolved Solids,,,1200,mg/L,WA,"The site specific objective for Total Dissolved Solids for Pancho Rico Creek is an annual mean of 1200 mg/L (Table 3-5, Water Quality Control Plan, Central Coastal Basin).",7402,,,365,Mean,F,smk 8/2026 - This SSO applies as Pancho Rico Creek is referred to as a Diablo Tributary in the 1975 Basin Plan. --Duplicate station-pollutant. Steve Saiz revealed this refers to PanchoRico Creek and San Lorenzo Creek as shown in the1975 Basin Plan Table 14-3.,Y
3,CAR3098100520080114174629,San Antonio River (below San Antonio Reservoir),San Antonio River,309SAN,San Antonio River @ Hwy 101,Boron,,,0.2,mg/L,AG,"The site specific objective for Boron for San Antonio River (below San Antonio Reservoir) is an annual mean of 0.2 mg/L (Table 3-5, Water Quality Control Plan, Central Coastal Basin).",7402,,,365,Mean,F,,Y
3,CAR3098100520080114174629,San Antonio River (below San Antonio Reservoir),San Antonio River,309SAN,San Antonio River @ Hwy 101,Chloride,,,20,mg/L,WA,"The site specific objective for Chloride for San Antonio River (below San Antonio Reservoir) is an annual mean of 20 mg/L (Table 3-5, Water Quality Control Plan, Central Coastal Basin).",7402,,,365,Mean,F,,Y
3,CAR3098100520080114174629,San Antonio River (below San Antonio Reservoir),San Antonio River,309SAN,San Antonio River @ Hwy 101,Sodium,,,20,mg/L,WA,"The site specific objective for Sodium for San Antonio River (below San Antonio Reservoir) is an annual mean of 20 mg/L (Table 3-5, Water Quality Control Plan, Central Coastal Basin).",7402,,,365,Mean,F,,Y
3,CAR3098100520080114174629,San Antonio River (below San Antonio Reservoir),San Antonio River,309SAN,San Antonio River @ Hwy 101,Sulfate,,,80,mg/L,WA,"The site specific objective for Sulfate for San Antonio River (below San Antonio Reservoir) is an annual mean of 80 mg/L (Table 3-5, Water Quality Control Plan, Central Coastal Basin).",7402,,,365,Mean,F,,Y
3,CAR3098100520080114174629,San Antonio River (below San Antonio Reservoir),San Antonio River,309SAN,San Antonio River @ Hwy 101,Total Dissolved Solids,,,250,mg/L,WA,"The site specific objective for Total Dissolved Solids for San Antonio River (below San Antonio Reservoir) is an annual mean of 250 mg/L (Table 3-5, Water Quality Control Plan, Central Coastal Basin).",7402,,,365,Mean,F,,Y
3,CAR3098100520080114174629,San Antonio River (below San Antonio Reservoir),San Antonio River,309ST1366,San Antonio River/Highway G19-309ST1366,Boron,,,0.2,mg/L,AG,"The site specific objective for Boron for San Antonio River (below San Antonio Reservoir) is an annual mean of 0.2 mg/L (Table 3-5, Water Quality Control Plan, Central Coastal Basin).",7402,,,365,Mean,F,,Y
3,CAR3098100520080114174629,San Antonio River (below San Antonio Reservoir),San Antonio River,309ST1366,San Antonio River/Highway G19-309ST1366,Chloride,,,20,mg/L,WA,"The site specific objective for Chloride for San Antonio River (below San Antonio Reservoir) is an annual mean of 20 mg/L (Table 3-5, Water Quality Control Plan, Central Coastal Basin).",7402,,,365,Mean,F,,Y
3,CAR3098100520080114174629,San Antonio River (below San Antonio Reservoir),San Antonio River,309ST1366,San Antonio River/Highway G19-309ST1366,Sodium,,,20,mg/L,WA,"The site specific objective for Sodium for San Antonio River (below San Antonio Reservoir) is an annual mean of 20 mg/L (Table 3-5, Water Quality Control Plan, Central Coastal Basin).",7402,,,365,Mean,F,,Y
3,CAR3098100520080114174629,San Antonio River (below San Antonio Reservoir),San Antonio River,309ST1366,San Antonio River/Highway G19-309ST1366,Sulfate,,,80,mg/L,WA,"The site specific objective for Sulfate for San Antonio River (below San Antonio Reservoir) is an annual mean of 80 mg/L (Table 3-5, Water Quality Control Plan, Central Coastal Basin).",7402,,,365,Mean,F,,Y
3,CAR3098100520080114174629,San Antonio River (below San Antonio Reservoir),San Antonio River,309ST1366,San Antonio River/Highway G19-309ST1366,Total Dissolved Solids,,,250,mg/L,WA,"The site specific objective for Total Dissolved Solids for San Antonio River (below San Antonio Reservoir) is an annual mean of 250 mg/L (Table 3-5, Water Quality Control Plan, Central Coastal Basin).",7402,,,365,Mean,F,,Y
3,CAR3098117520020124115513,Nacimiento River (above Nacimiento Reservoir),Nacimiento River,309CAW130,Nacimiento River 0.7mi above Slickrock Creek,Boron,,,0.2,mg/L,AG,"The site specific objective for Boron for Nacimiento River (above Nacimiento Reservoir) is an annual mean of 0.2 mg/L (Table 3-5, Water Quality Control Plan, Central Coastal Basin).",7402,,,365,Mean,F,,Y
3,CAR3098117520020124115513,Nacimiento River (above Nacimiento Reservoir),Nacimiento River,309CAW130,Nacimiento River 0.7mi above Slickrock Creek,Chloride,,,20,mg/L,WA,"The site specific objective for Chloride for Nacimiento River (above Nacimiento Reservoir) is an annual mean of 20 mg/L (Table 3-5, Water Quality Control Plan, Central Coastal Basin).",7402,,,365,Mean,F,,Y
3,CAR3098117520020124115513,Nacimiento River (above Nacimiento Reservoir),Nacimiento River,309CAW130,Nacimiento River 0.7mi above Slickrock Creek,Sodium,,,20,mg/L,WA,"The site specific objective for Sodium for Nacimiento River (above Nacimiento Reservoir) is an annual mean of 20 mg/L (Table 3-5, Water Quality Control Plan, Central Coastal Basin).",7402,,,365,Mean,F,,Y
3,CAR3098117520020124115513,Nacimiento River (above Nacimiento Reservoir),Nacimiento River,309CAW130,Nacimiento River 0.7mi above Slickrock Creek,Sulfate,,,50,mg/L,WA,"The site specific objective for Sulfate for Nacimiento River (above Nacimiento Reservoir) is an annual mean of 50 mg/L (Table 3-5, Water Quality Control Plan, Central Coastal Basin).",7402,,,365,Mean,F,,Y
3,CAR3098117520020124115513,Nacimiento River (above Nacimiento Reservoir),Nacimiento River,309CAW130,Nacimiento River 0.7mi above Slickrock Creek,Total Dissolved Solids,,,200,mg/L,WA,"The site specific objective for Total Dissolved Solids for Nacimiento River (above Nacimiento Reservoir) is an annual mean of 200 mg/L (Table 3-5, Water Quality Control Plan, Central Coastal Basin).",7402,,,365,Mean,F,,Y
3,CAR3098117520020124115513,Nacimiento River (above Nacimiento Reservoir),Nacimiento River,309NAF,Nacimiento River above Ponderosa campground,Boron,,,0.2,mg/L,AG,"The site specific objective for Boron for Nacimiento River (above Nacimiento Reservoir) is an annual mean of 0.2 mg/L (Table 3-5, Water Quality Control Plan, Central Coastal Basin).",7402,,,365,Mean,F,,Y
3,CAR3098117520020124115513,Nacimiento River (above Nacimiento Reservoir),Nacimiento River,309NAF,Nacimiento River above Ponderosa campground,Chloride,,,20,mg/L,WA,"The site specific objective for Chloride for Nacimiento River (above Nacimiento Reservoir) is an annual mean of 20 mg/L (Table 3-5, Water Quality Control Plan, Central Coastal Basin).",7402,,,365,Mean,F,,Y
3,CAR3098117520020124115513,Nacimiento River (above Nacimiento Reservoir),Nacimiento River,309NAF,Nacimiento River above Ponderosa campground,Sodium,,,20,mg/L,WA,"The site specific objective for Sodium for Nacimiento River (above Nacimiento Reservoir) is an annual mean of 20 mg/L (Table 3-5, Water Quality Control Plan, Central Coastal Basin).",7402,,,365,Mean,F,,Y
3,CAR3098117520020124115513,Nacimiento River (above Nacimiento Reservoir),Nacimiento River,309NAF,Nacimiento River above Ponderosa campground,Sulfate,,,50,mg/L,WA,"The site specific objective for Sulfate for Nacimiento River (above Nacimiento Reservoir) is an annual mean of 50 mg/L (Table 3-5, Water Quality Control Plan, Central Coastal Basin).",7402,,,365,Mean,F,,Y
3,CAR3098117520020124115513,Nacimiento River (above Nacimiento Reservoir),Nacimiento River,309NAF,Nacimiento River above Ponderosa campground,Total Dissolved Solids,,,200,mg/L,WA,"The site specific objective for Total Dissolved Solids for Nacimiento River (above Nacimiento Reservoir) is an annual mean of 200 mg/L (Table 3-5, Water Quality Control Plan, Central Coastal Basin).",7402,,,365,Mean,F,,Y
3,CAR3098117520020124115513,Nacimiento River (above Nacimiento Reservoir),Nacimiento River,309NNRBSC,Nacimiento River below Sapaque Cr. Nr. Bryson,Boron,,,0.2,mg/L,AG,"The site specific objective for Boron for Nacimiento River (above Nacimiento Reservoir) is an annual mean of 0.2 mg/L (Table 3-5, Water Quality Control Plan, Central Coastal Basin).",7402,,,365,Mean,F,,Y
3,CAR3098117520020124115513,Nacimiento River (above Nacimiento Reservoir),Nacimiento River,309NNRBSC,Nacimiento River below Sapaque Cr. Nr. Bryson,Chloride,,,20,mg/L,WA,"The site specific objective for Chloride for Nacimiento River (above Nacimiento Reservoir) is an annual mean of 20 mg/L (Table 3-5, Water Quality Control Plan, Central Coastal Basin).",7402,,,365,Mean,F,,Y
3,CAR3098117520020124115513,Nacimiento River (above Nacimiento Reservoir),Nacimiento River,309NNRBSC,Nacimiento River below Sapaque Cr. Nr. Bryson,Sodium,,,20,mg/L,WA,"The site specific objective for Sodium for Nacimiento River (above Nacimiento Reservoir) is an annual mean of 20 mg/L (Table 3-5, Water Quality Control Plan, Central Coastal Basin).",7402,,,365,Mean,F,,Y
3,CAR3098117520020124115513,Nacimiento River (above Nacimiento Reservoir),Nacimiento River,309NNRBSC,Nacimiento River below Sapaque Cr. Nr. Bryson,Sulfate,,,50,mg/L,WA,"The site specific objective for Sulfate for Nacimiento River (above Nacimiento Reservoir) is an annual mean of 50 mg/L (Table 3-5, Water Quality Control Plan, Central Coastal Basin).",7402,,,365,Mean,F,,Y
3,CAR3098117520020124115513,Nacimiento River (above Nacimiento Reservoir),Nacimiento River,309NNRBSC,Nacimiento River below Sapaque Cr. Nr. Bryson,Total Dissolved Solids,,,200,mg/L,WA,"The site specific objective for Total Dissolved Solids for Nacimiento River (above Nacimiento Reservoir) is an annual mean of 200 mg/L (Table 3-5, Water Quality Control Plan, Central Coastal Basin).",7402,,,365,Mean,F,,Y
3,CAR3098117520020124115513,Nacimiento River (above Nacimiento Reservoir),Nacimiento River,309SED062,Nacimiento Creek - Below campground 62,Boron,,,0.2,mg/L,AG,"The site specific objective for Boron for Nacimiento River (above Nacimiento Reservoir) is an annual mean of 0.2 mg/L (Table 3-5, Water Quality Control Plan, Central Coastal Basin).",7402,,,365,Mean,F,,Y
3,CAR3098117520020124115513,Nacimiento River (above Nacimiento Reservoir),Nacimiento River,309SED062,Nacimiento Creek - Below campground 62,Chloride,,,20,mg/L,WA,"The site specific objective for Chloride for Nacimiento River (above Nacimiento Reservoir) is an annual mean of 20 mg/L (Table 3-5, Water Quality Control Plan, Central Coastal Basin).",7402,,,365,Mean,F,,Y
3,CAR3098117520020124115513,Nacimiento River (above Nacimiento Reservoir),Nacimiento River,309SED062,Nacimiento Creek - Below campground 62,Sodium,,,20,mg/L,WA,"The site specific objective for Sodium for Nacimiento River (above Nacimiento Reservoir) is an annual mean of 20 mg/L (Table 3-5, Water Quality Control Plan, Central Coastal Basin).",7402,,,365,Mean,F,,Y
3,CAR3098117520020124115513,Nacimiento River (above Nacimiento Reservoir),Nacimiento River,309SED062,Nacimiento Creek - Below campground 62,Sulfate,,,50,mg/L,WA,"The site specific objective for Sulfate for Nacimiento River (above Nacimiento Reservoir) is an annual mean of 50 mg/L (Table 3-5, Water Quality Control Plan, Central Coastal Basin).",7402,,,365,Mean,F,,Y
3,CAR3098117520020124115513,Nacimiento River (above Nacimiento Reservoir),Nacimiento River,309SED062,Nacimiento Creek - Below campground 62,Total Dissolved Solids,,,200,mg/L,WA,"The site specific objective for Total Dissolved Solids for Nacimiento River (above Nacimiento Reservoir) is an annual mean of 200 mg/L (Table 3-5, Water Quality Control Plan, Central Coastal Basin).",7402,,,365,Mean,F,,Y
3,CAR3098117520020124115513,Nacimiento River (above Nacimiento Reservoir),Nacimiento River,USGS-11148900,NACIMIENTO R BL SAPAQUE C NR BRYSON CA,Boron,,,0.2,mg/L,AG,"The site specific objective for Boron for Nacimiento River (above Nacimiento Reservoir) is an annual mean of 0.2 mg/L (Table 3-5, Water Quality Control Plan, Central Coastal Basin).",7402,,,365,Mean,F,,Y
3,CAR3098117520020124115513,Nacimiento River (above Nacimiento Reservoir),Nacimiento River,USGS-11148900,NACIMIENTO R BL SAPAQUE C NR BRYSON CA,Chloride,,,20,mg/L,WA,"The site specific objective for Chloride for Nacimiento River (above Nacimiento Reservoir) is an annual mean of 20 mg/L (Table 3-5, Water Quality Control Plan, Central Coastal Basin).",7402,,,365,Mean,F,,Y
3,CAR3098117520020124115513,Nacimiento River (above Nacimiento Reservoir),Nacimiento River,USGS-11148900,NACIMIENTO R BL SAPAQUE C NR BRYSON CA,Sodium,,,20,mg/L,WA,"The site specific objective for Sodium for Nacimiento River (above Nacimiento Reservoir) is an annual mean of 20 mg/L (Table 3-5, Water Quality Control Plan, Central Coastal Basin).",7402,,,365,Mean,F,,Y
3,CAR3098117520020124115513,Nacimiento River (above Nacimiento Reservoir),Nacimiento River,USGS-11148900,NACIMIENTO R BL SAPAQUE C NR BRYSON CA,Sulfate,,,50,mg/L,WA,"The site specific objective for Sulfate for Nacimiento River (above Nacimiento Reservoir) is an annual mean of 50 mg/L (Table 3-5, Water Quality Control Plan, Central Coastal Basin).",7402,,,365,Mean,F,,Y
3,CAR3098117520020124115513,Nacimiento River (above Nacimiento Reservoir),Nacimiento River,USGS-11148900,NACIMIENTO R BL SAPAQUE C NR BRYSON CA,Total Dissolved Solids,,,200,mg/L,WA,"The site specific objective for Total Dissolved Solids for Nacimiento River (above Nacimiento Reservoir) is an annual mean of 200 mg/L (Table 3-5, Water Quality Control Plan, Central Coastal Basin).",7402,,,365,Mean,F,,Y
3,CAR3098117520080616140134,Nacimiento River (below Nacimiento Reservoir),Nacimiento River,309NAC,Nacimiento River at Highway 101,Boron,,,0.2,mg/L,AG,"The site specific objective for Boron for Nacimiento River (below Nacimiento Reservoir) is an annual mean of 0.2 mg/L (Table 3-5, Water Quality Control Plan, Central Coastal Basin).",7402,,,365,Mean,F,,Y
3,CAR3098117520080616140134,Nacimiento River (below Nacimiento Reservoir),Nacimiento River,309NAC,Nacimiento River at Highway 101,Chloride,,,20,mg/L,WA,"The site specific objective for Chloride for Nacimiento River (below Nacimiento Reservoir) is an annual mean of 20 mg/L (Table 3-5, Water Quality Control Plan, Central Coastal Basin).",7402,,,365,Mean,F,,Y
3,CAR3098117520080616140134,Nacimiento River (below Nacimiento Reservoir),Nacimiento River,309NAC,Nacimiento River at Highway 101,Sodium,,,20,mg/L,WA,"The site specific objective for Sodium for Nacimiento River (below Nacimiento Reservoir) is an annual mean of 20 mg/L (Table 3-5, Water Quality Control Plan, Central Coastal Basin).",7402,,,365,Mean,F,,Y
3,CAR3098117520080616140134,Nacimiento River (below Nacimiento Reservoir),Nacimiento River,309NAC,Nacimiento River at Highway 101,Sulfate,,,50,mg/L,WA,"The site specific objective for Sulfate for Nacimiento River (below Nacimiento Reservoir) is an annual mean of 50 mg/L (Table 3-5, Water Quality Control Plan, Central Coastal Basin).",7402,,,365,Mean,F,,Y
3,CAR3098117520080616140134,Nacimiento River (below Nacimiento Reservoir),Nacimiento River,309NAC,Nacimiento River at Highway 101,Total Dissolved Solids,,,200,mg/L,WA,"The site specific objective for Total Dissolved Solids for Nacimiento River (below Nacimiento Reservoir) is an annual mean of 200 mg/L (Table 3-5, Water Quality Control Plan, Central Coastal Basin).",7402,,,365,Mean,F,,Y
3,CAR3098117520080616140134,Nacimiento River (below Nacimiento Reservoir),Nacimiento River,309PS0043,Nacimiento River ~2.5mi above Avery Rd.,Boron,,,0.2,mg/L,AG,"The site specific objective for Boron for Nacimiento River (below Nacimiento Reservoir) is an annual mean of 0.2 mg/L (Table 3-5, Water Quality Control Plan, Central Coastal Basin).",7402,,,365,Mean,F,,Y
3,CAR3098117520080616140134,Nacimiento River (below Nacimiento Reservoir),Nacimiento River,309PS0043,Nacimiento River ~2.5mi above Avery Rd.,Chloride,,,20,mg/L,WA,"The site specific objective for Chloride for Nacimiento River (below Nacimiento Reservoir) is an annual mean of 20 mg/L (Table 3-5, Water Quality Control Plan, Central Coastal Basin).",7402,,,365,Mean,F,,Y
3,CAR3098117520080616140134,Nacimiento River (below Nacimiento Reservoir),Nacimiento River,309PS0043,Nacimiento River ~2.5mi above Avery Rd.,Sodium,,,20,mg/L,WA,"The site specific objective for Sodium for Nacimiento River (below Nacimiento Reservoir) is an annual mean of 20 mg/L (Table 3-5, Water Quality Control Plan, Central Coastal Basin).",7402,,,365,Mean,F,,Y
3,CAR3098117520080616140134,Nacimiento River (below Nacimiento Reservoir),Nacimiento River,309PS0043,Nacimiento River ~2.5mi above Avery Rd.,Sulfate,,,50,mg/L,WA,"The site specific objective for Sulfate for Nacimiento River (below Nacimiento Reservoir) is an annual mean of 50 mg/L (Table 3-5, Water Quality Control Plan, Central Coastal Basin).",7402,,,365,Mean,F,,Y
3,CAR3098117520080616140134,Nacimiento River (below Nacimiento Reservoir),Nacimiento River,309PS0043,Nacimiento River ~2.5mi above Avery Rd.,Total Dissolved Solids,,,200,mg/L,WA,"The site specific objective for Total Dissolved Solids for Nacimiento River (below Nacimiento Reservoir) is an annual mean of 200 mg/L (Table 3-5, Water Quality Control Plan, Central Coastal Basin).",7402,,,365,Mean,F,,Y
3,CAR3098117720020319112226,"Salinas River (upper, confluence of Nacimiento River to Santa Margarita Reservoir)",Salinas River (above Bradley),180SAL025,Salinas River at HWY58,Boron,,,0.2,mg/L,AG,"The site specific objective for Boron for Salinas River (upper, confluence of Nacimiento River to Santa Margarita Reservoir) is an annual mean of 0.2 mg/L (Table 3-5, Water Quality Control Plan, Central Coastal Basin).",7402,,,365,Mean,F,,Y
3,CAR3098117720020319112226,"Salinas River (upper, confluence of Nacimiento River to Santa Margarita Reservoir)",Salinas River (above Bradley),180SAL025,Salinas River at HWY58,Chloride,,,20,mg/L,WA,"The site specific objective for Chloride for Salinas River (upper, confluence of Nacimiento River to Santa Margarita Reservoir) is an annual mean of 20 mg/L (Table 3-5, Water Quality Control Plan, Central Coastal Basin).",7402,,,365,Mean,F,,Y
3,CAR3098117720020319112226,"Salinas River (upper, confluence of Nacimiento River to Santa Margarita Reservoir)",Salinas River (above Bradley),180SAL025,Salinas River at HWY58,Sodium,,,20,mg/L,WA,"The site specific objective for Sodium for Salinas River (upper, confluence of Nacimiento River to Santa Margarita Reservoir) is an annual mean of 20 mg/L (Table 3-5, Water Quality Control Plan, Central Coastal Basin).",7402,,,365,Mean,F,,Y
3,CAR3098117720020319112226,"Salinas River (upper, confluence of Nacimiento River to Santa Margarita Reservoir)",Salinas River (above Bradley),180SAL025,Salinas River at HWY58,Sulfate,,,100,mg/L,WA,"The site specific objective for Sulfate for Salinas River (upper, confluence of Nacimiento River to Santa Margarita Reservoir) is an annual mean of 100 mg/L (Table 3-5, Water Quality Control Plan, Central Coastal Basin).",7402,,,365,Mean,F,,Y
3,CAR3098117720020319112226,"Salinas River (upper, confluence of Nacimiento River to Santa Margarita Reservoir)",Salinas River (above Bradley),180SAL025,Salinas River at HWY58,Total Dissolved Solids,,,250,mg/L,WA,"The site specific objective for Total Dissolved Solids for Salinas River (upper, confluence of Nacimiento River to Santa Margarita Reservoir) is an annual mean of 250 mg/L (Table 3-5, Water Quality Control Plan, Central Coastal Basin).",7402,,,365,Mean,F,,Y
3,CAR3098117720020319112226,"Salinas River (upper, confluence of Nacimiento River to Santa Margarita Reservoir)",Salinas River (above Bradley),309-SALIN-44,Salinas River at Curbaril Bridge,Boron,,,0.2,mg/L,AG,"The site specific objective for Boron for Salinas River (upper, confluence of Nacimiento River to Santa Margarita Reservoir) is an annual mean of 0.2 mg/L (Table 3-5, Water Quality Control Plan, Central Coastal Basin).",7402,,,365,Mean,F,,Y
3,CAR3098117720020319112226,"Salinas River (upper, confluence of Nacimiento River to Santa Margarita Reservoir)",Salinas River (above Bradley),309-SALIN-44,Salinas River at Curbaril Bridge,Chloride,,,20,mg/L,WA,"The site specific objective for Chloride for Salinas River (upper, confluence of Nacimiento River to Santa Margarita Reservoir) is an annual mean of 20 mg/L (Table 3-5, Water Quality Control Plan, Central Coastal Basin).",7402,,,365,Mean,F,,Y
3,CAR3098117720020319112226,"Salinas River (upper, confluence of Nacimiento River to Santa Margarita Reservoir)",Salinas River (above Bradley),309-SALIN-44,Salinas River at Curbaril Bridge,Sodium,,,20,mg/L,WA,"The site specific objective for Sodium for Salinas River (upper, confluence of Nacimiento River to Santa Margarita Reservoir) is an annual mean of 20 mg/L (Table 3-5, Water Quality Control Plan, Central Coastal Basin).",7402,,,365,Mean,F,,Y
3,CAR3098117720020319112226,"Salinas River (upper, confluence of Nacimiento River to Santa Margarita Reservoir)",Salinas River (above Bradley),309-SALIN-44,Salinas River at Curbaril Bridge,Sulfate,,,100,mg/L,WA,"The site specific objective for Sulfate for Salinas River (upper, confluence of Nacimiento River to Santa Margarita Reservoir) is an annual mean of 100 mg/L (Table 3-5, Water Quality Control Plan, Central Coastal Basin).",7402,,,365,Mean,F,,Y
3,CAR3098117720020319112226,"Salinas River (upper, confluence of Nacimiento River to Santa Margarita Reservoir)",Salinas River (above Bradley),309-SALIN-44,Salinas River at Curbaril Bridge,Total Dissolved Solids,,,250,mg/L,WA,"The site specific objective for Total Dissolved Solids for Salinas River (upper, confluence of Nacimiento River to Santa Margarita Reservoir) is an annual mean of 250 mg/L (Table 3-5, Water Quality Control Plan, Central Coastal Basin).",7402,,,365,Mean,F,,Y
3,CAR3098117720020319112226,"Salinas River (upper, confluence of Nacimiento River to Santa Margarita Reservoir)",Salinas River (above Bradley),309-SALIN-45,Salinas River at Old Hwy 58 Bridge,Boron,,,0.2,mg/L,AG,"The site specific objective for Boron for Salinas River (upper, confluence of Nacimiento River to Santa Margarita Reservoir) is an annual mean of 0.2 mg/L (Table 3-5, Water Quality Control Plan, Central Coastal Basin).",7402,,,365,Mean,F,,Y
3,CAR3098117720020319112226,"Salinas River (upper, confluence of Nacimiento River to Santa Margarita Reservoir)",Salinas River (above Bradley),309-SALIN-45,Salinas River at Old Hwy 58 Bridge,Chloride,,,20,mg/L,WA,"The site specific objective for Chloride for Salinas River (upper, confluence of Nacimiento River to Santa Margarita Reservoir) is an annual mean of 20 mg/L (Table 3-5, Water Quality Control Plan, Central Coastal Basin).",7402,,,365,Mean,F,,Y
3,CAR3098117720020319112226,"Salinas River (upper, confluence of Nacimiento River to Santa Margarita Reservoir)",Salinas River (above Bradley),309-SALIN-45,Salinas River at Old Hwy 58 Bridge,Sodium,,,20,mg/L,WA,"The site specific objective for Sodium for Salinas River (upper, confluence of Nacimiento River to Santa Margarita Reservoir) is an annual mean of 20 mg/L (Table 3-5, Water Quality Control Plan, Central Coastal Basin).",7402,,,365,Mean,F,,Y
3,CAR3098117720020319112226,"Salinas River (upper, confluence of Nacimiento River to Santa Margarita Reservoir)",Salinas River (above Bradley),309-SALIN-45,Salinas River at Old Hwy 58 Bridge,Sulfate,,,100,mg/L,WA,"The site specific objective for Sulfate for Salinas River (upper, confluence of Nacimiento River to Santa Margarita Reservoir) is an annual mean of 100 mg/L (Table 3-5, Water Quality Control Plan, Central Coastal Basin).",7402,,,365,Mean,F,,Y
3,CAR3098117720020319112226,"Salinas River (upper, confluence of Nacimiento River to Santa Margarita Reservoir)",Salinas River (above Bradley),309-SALIN-45,Salinas River at Old Hwy 58 Bridge,Total Dissolved Solids,,,250,mg/L,WA,"The site specific objective for Total Dissolved Solids for Salinas River (upper, confluence of Nacimiento River to Santa Margarita Reservoir) is an annual mean of 250 mg/L (Table 3-5, Water Quality Control Plan, Central Coastal Basin).",7402,,,365,Mean,F,,Y
3,CAR3098117720020319112226,"Salinas River (upper, confluence of Nacimiento River to Santa Margarita Reservoir)",Salinas River (above Bradley),309-SALIN-46,Salinas River San Miguel at Estralia Rock,Boron,,,0.2,mg/L,AG,"The site specific objective for Boron for Salinas River (upper, confluence of Nacimiento River to Santa Margarita Reservoir) is an annual mean of 0.2 mg/L (Table 3-5, Water Quality Control Plan, Central Coastal Basin).",7402,,,365,Mean,F,,Y
3,CAR3098117720020319112226,"Salinas River (upper, confluence of Nacimiento River to Santa Margarita Reservoir)",Salinas River (above Bradley),309-SALIN-46,Salinas River San Miguel at Estralia Rock,Chloride,,,20,mg/L,WA,"The site specific objective for Chloride for Salinas River (upper, confluence of Nacimiento River to Santa Margarita Reservoir) is an annual mean of 20 mg/L (Table 3-5, Water Quality Control Plan, Central Coastal Basin).",7402,,,365,Mean,F,,Y
3,CAR3098117720020319112226,"Salinas River (upper, confluence of Nacimiento River to Santa Margarita Reservoir)",Salinas River (above Bradley),309-SALIN-46,Salinas River San Miguel at Estralia Rock,Sodium,,,20,mg/L,WA,"The site specific objective for Sodium for Salinas River (upper, confluence of Nacimiento River to Santa Margarita Reservoir) is an annual mean of 20 mg/L (Table 3-5, Water Quality Control Plan, Central Coastal Basin).",7402,,,365,Mean,F,,Y
3,CAR3098117720020319112226,"Salinas River (upper, confluence of Nacimiento River to Santa Margarita Reservoir)",Salinas River (above Bradley),309-SALIN-46,Salinas River San Miguel at Estralia Rock,Sulfate,,,100,mg/L,WA,"The site specific objective for Sulfate for Salinas River (upper, confluence of Nacimiento River to Santa Margarita Reservoir) is an annual mean of 100 mg/L (Table 3-5, Water Quality Control Plan, Central Coastal Basin).",7402,,,365,Mean,F,,Y
3,CAR3098117720020319112226,"Salinas River (upper, confluence of Nacimiento River to Santa Margarita Reservoir)",Salinas River (above Bradley),309-SALIN-46,Salinas River San Miguel at Estralia Rock,Total Dissolved Solids,,,250,mg/L,WA,"The site specific objective for Total Dissolved Solids for Salinas River (upper, confluence of Nacimiento River to Santa Margarita Reservoir) is an annual mean of 250 mg/L (Table 3-5, Water Quality Control Plan, Central Coastal Basin).",7402,,,365,Mean,F,,Y
3,CAR3098117720020319112226,"Salinas River (upper, confluence of Nacimiento River to Santa Margarita Reservoir)",Salinas River (above Bradley),309-SALIN-47,Salinas River at 13th Street bridge in Paso Robles,Boron,,,0.2,mg/L,AG,"The site specific objective for Boron for Salinas River (upper, confluence of Nacimiento River to Santa Margarita Reservoir) is an annual mean of 0.2 mg/L (Table 3-5, Water Quality Control Plan, Central Coastal Basin).",7402,,,365,Mean,F,,Y
3,CAR3098117720020319112226,"Salinas River (upper, confluence of Nacimiento River to Santa Margarita Reservoir)",Salinas River (above Bradley),309-SALIN-47,Salinas River at 13th Street bridge in Paso Robles,Chloride,,,20,mg/L,WA,"The site specific objective for Chloride for Salinas River (upper, confluence of Nacimiento River to Santa Margarita Reservoir) is an annual mean of 20 mg/L (Table 3-5, Water Quality Control Plan, Central Coastal Basin).",7402,,,365,Mean,F,,Y
3,CAR3098117720020319112226,"Salinas River (upper, confluence of Nacimiento River to Santa Margarita Reservoir)",Salinas River (above Bradley),309-SALIN-47,Salinas River at 13th Street bridge in Paso Robles,Sodium,,,20,mg/L,WA,"The site specific objective for Sodium for Salinas River (upper, confluence of Nacimiento River to Santa Margarita Reservoir) is an annual mean of 20 mg/L (Table 3-5, Water Quality Control Plan, Central Coastal Basin).",7402,,,365,Mean,F,,Y
3,CAR3098117720020319112226,"Salinas River (upper, confluence of Nacimiento River to Santa Margarita Reservoir)",Salinas River (above Bradley),309-SALIN-47,Salinas River at 13th Street bridge in Paso Robles,Sulfate,,,100,mg/L,WA,"The site specific objective for Sulfate for Salinas River (upper, confluence of Nacimiento River to Santa Margarita Reservoir) is an annual mean of 100 mg/L (Table 3-5, Water Quality Control Plan, Central Coastal Basin).",7402,,,365,Mean,F,,Y
3,CAR3098117720020319112226,"Salinas River (upper, confluence of Nacimiento River to Santa Margarita Reservoir)",Salinas River (above Bradley),309-SALIN-47,Salinas River at 13th Street bridge in Paso Robles,Total Dissolved Solids,,,250,mg/L,WA,"The site specific objective for Total Dissolved Solids for Salinas River (upper, confluence of Nacimiento River to Santa Margarita Reservoir) is an annual mean of 250 mg/L (Table 3-5, Water Quality Control Plan, Central Coastal Basin).",7402,,,365,Mean,F,,Y
3,CAR3098117720020319112226,"Salinas River (upper, confluence of Nacimiento River to Santa Margarita Reservoir)",Salinas River (above Bradley),309PSO,Salinas River 13th Street in Paso Robles,Boron,,,0.2,mg/L,AG,"The site specific objective for Boron for Salinas River (upper, confluence of Nacimiento River to Santa Margarita Reservoir) is an annual mean of 0.2 mg/L (Table 3-5, Water Quality Control Plan, Central Coastal Basin).",7402,,,365,Mean,F,,Y
3,CAR3098117720020319112226,"Salinas River (upper, confluence of Nacimiento River to Santa Margarita Reservoir)",Salinas River (above Bradley),309PSO,Salinas River 13th Street in Paso Robles,Chloride,,,20,mg/L,WA,"The site specific objective for Chloride for Salinas River (upper, confluence of Nacimiento River to Santa Margarita Reservoir) is an annual mean of 20 mg/L (Table 3-5, Water Quality Control Plan, Central Coastal Basin).",7402,,,365,Mean,F,,Y
3,CAR3098117720020319112226,"Salinas River (upper, confluence of Nacimiento River to Santa Margarita Reservoir)",Salinas River (above Bradley),309PSO,Salinas River 13th Street in Paso Robles,Sodium,,,20,mg/L,WA,"The site specific objective for Sodium for Salinas River (upper, confluence of Nacimiento River to Santa Margarita Reservoir) is an annual mean of 20 mg/L (Table 3-5, Water Quality Control Plan, Central Coastal Basin).",7402,,,365,Mean,F,,Y
3,CAR3098117720020319112226,"Salinas River (upper, confluence of Nacimiento River to Santa Margarita Reservoir)",Salinas River (above Bradley),309PSO,Salinas River 13th Street in Paso Robles,Sulfate,,,100,mg/L,WA,"The site specific objective for Sulfate for Salinas River (upper, confluence of Nacimiento River to Santa Margarita Reservoir) is an annual mean of 100 mg/L (Table 3-5, Water Quality Control Plan, Central Coastal Basin).",7402,,,365,Mean,F,,Y
3,CAR3098117720020319112226,"Salinas River (upper, confluence of Nacimiento River to Santa Margarita Reservoir)",Salinas River (above Bradley),309PSO,Salinas River 13th Street in Paso Robles,Total Dissolved Solids,,,250,mg/L,WA,"The site specific objective for Total Dissolved Solids for Salinas River (upper, confluence of Nacimiento River to Santa Margarita Reservoir) is an annual mean of 250 mg/L (Table 3-5, Water Quality Control Plan, Central Coastal Basin).",7402,,,365,Mean,F,,Y
3,CAR3098117720020319112226,"Salinas River (upper, confluence of Nacimiento River to Santa Margarita Reservoir)",Salinas River (above Bradley),309SAT,Salinas River at Highway 41,Boron,,,0.2,mg/L,AG,"The site specific objective for Boron for Salinas River (upper, confluence of Nacimiento River to Santa Margarita Reservoir) is an annual mean of 0.2 mg/L (Table 3-5, Water Quality Control Plan, Central Coastal Basin).",7402,,,365,Mean,F,,Y
3,CAR3098117720020319112226,"Salinas River (upper, confluence of Nacimiento River to Santa Margarita Reservoir)",Salinas River (above Bradley),309SAT,Salinas River at Highway 41,Chloride,,,20,mg/L,WA,"The site specific objective for Chloride for Salinas River (upper, confluence of Nacimiento River to Santa Margarita Reservoir) is an annual mean of 20 mg/L (Table 3-5, Water Quality Control Plan, Central Coastal Basin).",7402,,,365,Mean,F,,Y
3,CAR3098117720020319112226,"Salinas River (upper, confluence of Nacimiento River to Santa Margarita Reservoir)",Salinas River (above Bradley),309SAT,Salinas River at Highway 41,Sodium,,,20,mg/L,WA,"The site specific objective for Sodium for Salinas River (upper, confluence of Nacimiento River to Santa Margarita Reservoir) is an annual mean of 20 mg/L (Table 3-5, Water Quality Control Plan, Central Coastal Basin).",7402,,,365,Mean,F,,Y
3,CAR3098117720020319112226,"Salinas River (upper, confluence of Nacimiento River to Santa Margarita Reservoir)",Salinas River (above Bradley),309SAT,Salinas River at Highway 41,Sulfate,,,100,mg/L,WA,"The site specific objective for Sulfate for Salinas River (upper, confluence of Nacimiento River to Santa Margarita Reservoir) is an annual mean of 100 mg/L (Table 3-5, Water Quality Control Plan, Central Coastal Basin).",7402,,,365,Mean,F,,Y
3,CAR3098117720020319112226,"Salinas River (upper, confluence of Nacimiento River to Santa Margarita Reservoir)",Salinas River (above Bradley),309SAT,Salinas River at Highway 41,Total Dissolved Solids,,,250,mg/L,WA,"The site specific objective for Total Dissolved Solids for Salinas River (upper, confluence of Nacimiento River to Santa Margarita Reservoir) is an annual mean of 250 mg/L (Table 3-5, Water Quality Control Plan, Central Coastal Basin).",7402,,,365,Mean,F,,Y
3,CAR3098117720020319112226,"Salinas River (upper, confluence of Nacimiento River to Santa Margarita Reservoir)",Salinas River (above Bradley),309ST1340,Salinas River/Bradley Road-309ST1340,Boron,,,0.2,mg/L,AG,"The site specific objective for Boron for Salinas River (upper, confluence of Nacimiento River to Santa Margarita Reservoir) is an annual mean of 0.2 mg/L (Table 3-5, Water Quality Control Plan, Central Coastal Basin).",7402,,,365,Mean,F,,Y
3,CAR3098117720020319112226,"Salinas River (upper, confluence of Nacimiento River to Santa Margarita Reservoir)",Salinas River (above Bradley),309ST1340,Salinas River/Bradley Road-309ST1340,Chloride,,,20,mg/L,WA,"The site specific objective for Chloride for Salinas River (upper, confluence of Nacimiento River to Santa Margarita Reservoir) is an annual mean of 20 mg/L (Table 3-5, Water Quality Control Plan, Central Coastal Basin).",7402,,,365,Mean,F,,Y
3,CAR3098117720020319112226,"Salinas River (upper, confluence of Nacimiento River to Santa Margarita Reservoir)",Salinas River (above Bradley),309ST1340,Salinas River/Bradley Road-309ST1340,Sodium,,,20,mg/L,WA,"The site specific objective for Sodium for Salinas River (upper, confluence of Nacimiento River to Santa Margarita Reservoir) is an annual mean of 20 mg/L (Table 3-5, Water Quality Control Plan, Central Coastal Basin).",7402,,,365,Mean,F,,Y
3,CAR3098117720020319112226,"Salinas River (upper, confluence of Nacimiento River to Santa Margarita Reservoir)",Salinas River (above Bradley),309ST1340,Salinas River/Bradley Road-309ST1340,Sulfate,,,100,mg/L,WA,"The site specific objective for Sulfate for Salinas River (upper, confluence of Nacimiento River to Santa Margarita Reservoir) is an annual mean of 100 mg/L (Table 3-5, Water Quality Control Plan, Central Coastal Basin).",7402,,,365,Mean,F,,Y
3,CAR3098117720020319112226,"Salinas River (upper, confluence of Nacimiento River to Santa Margarita Reservoir)",Salinas River (above Bradley),309ST1340,Salinas River/Bradley Road-309ST1340,Total Dissolved Solids,,,250,mg/L,WA,"The site specific objective for Total Dissolved Solids for Salinas River (upper, confluence of Nacimiento River to Santa Margarita Reservoir) is an annual mean of 250 mg/L (Table 3-5, Water Quality Control Plan, Central Coastal Basin).",7402,,,365,Mean,F,,Y
3,CAR3098117720020319112226,"Salinas River (upper, confluence of Nacimiento River to Santa Margarita Reservoir)",Salinas River (above Bradley),309ST1347,Salinas River/Paso Robles-309ST1347,Boron,,,0.2,mg/L,AG,"The site specific objective for Boron for Salinas River (upper, confluence of Nacimiento River to Santa Margarita Reservoir) is an annual mean of 0.2 mg/L (Table 3-5, Water Quality Control Plan, Central Coastal Basin).",7402,,,365,Mean,F,,Y
3,CAR3098117720020319112226,"Salinas River (upper, confluence of Nacimiento River to Santa Margarita Reservoir)",Salinas River (above Bradley),309ST1347,Salinas River/Paso Robles-309ST1347,Chloride,,,20,mg/L,WA,"The site specific objective for Chloride for Salinas River (upper, confluence of Nacimiento River to Santa Margarita Reservoir) is an annual mean of 20 mg/L (Table 3-5, Water Quality Control Plan, Central Coastal Basin).",7402,,,365,Mean,F,,Y
3,CAR3098117720020319112226,"Salinas River (upper, confluence of Nacimiento River to Santa Margarita Reservoir)",Salinas River (above Bradley),309ST1347,Salinas River/Paso Robles-309ST1347,Sodium,,,20,mg/L,WA,"The site specific objective for Sodium for Salinas River (upper, confluence of Nacimiento River to Santa Margarita Reservoir) is an annual mean of 20 mg/L (Table 3-5, Water Quality Control Plan, Central Coastal Basin).",7402,,,365,Mean,F,,Y
3,CAR3098117720020319112226,"Salinas River (upper, confluence of Nacimiento River to Santa Margarita Reservoir)",Salinas River (above Bradley),309ST1347,Salinas River/Paso Robles-309ST1347,Sulfate,,,100,mg/L,WA,"The site specific objective for Sulfate for Salinas River (upper, confluence of Nacimiento River to Santa Margarita Reservoir) is an annual mean of 100 mg/L (Table 3-5, Water Quality Control Plan, Central Coastal Basin).",7402,,,365,Mean,F,,Y
3,CAR3098117720020319112226,"Salinas River (upper, confluence of Nacimiento River to Santa Margarita Reservoir)",Salinas River (above Bradley),309ST1347,Salinas River/Paso Robles-309ST1347,Total Dissolved Solids,,,250,mg/L,WA,"The site specific objective for Total Dissolved Solids for Salinas River (upper, confluence of Nacimiento River to Santa Margarita Reservoir) is an annual mean of 250 mg/L (Table 3-5, Water Quality Control Plan, Central Coastal Basin).",7402,,,365,Mean,F,,Y
3,CAR3098117720020319112226,"Salinas River (upper, confluence of Nacimiento River to Santa Margarita Reservoir)",Salinas River (above Bradley),309SUN,Salinas River upstream Nacimiento @ Bradley Rd,Boron,,,0.2,mg/L,AG,"The site specific objective for Boron for Salinas River (upper, confluence of Nacimiento River to Santa Margarita Reservoir) is an annual mean of 0.2 mg/L (Table 3-5, Water Quality Control Plan, Central Coastal Basin).",7402,,,365,Mean,F,,Y
3,CAR3098117720020319112226,"Salinas River (upper, confluence of Nacimiento River to Santa Margarita Reservoir)",Salinas River (above Bradley),309SUN,Salinas River upstream Nacimiento @ Bradley Rd,Chloride,,,20,mg/L,WA,"The site specific objective for Chloride for Salinas River (upper, confluence of Nacimiento River to Santa Margarita Reservoir) is an annual mean of 20 mg/L (Table 3-5, Water Quality Control Plan, Central Coastal Basin).",7402,,,365,Mean,F,,Y
3,CAR3098117720020319112226,"Salinas River (upper, confluence of Nacimiento River to Santa Margarita Reservoir)",Salinas River (above Bradley),309SUN,Salinas River upstream Nacimiento @ Bradley Rd,Sodium,,,20,mg/L,WA,"The site specific objective for Sodium for Salinas River (upper, confluence of Nacimiento River to Santa Margarita Reservoir) is an annual mean of 20 mg/L (Table 3-5, Water Quality Control Plan, Central Coastal Basin).",7402,,,365,Mean,F,,Y
3,CAR3098117720020319112226,"Salinas River (upper, confluence of Nacimiento River to Santa Margarita Reservoir)",Salinas River (above Bradley),309SUN,Salinas River upstream Nacimiento @ Bradley Rd,Sulfate,,,100,mg/L,WA,"The site specific objective for Sulfate for Salinas River (upper, confluence of Nacimiento River to Santa Margarita Reservoir) is an annual mean of 100 mg/L (Table 3-5, Water Quality Control Plan, Central Coastal Basin).",7402,,,365,Mean,F,,Y
3,CAR3098117720020319112226,"Salinas River (upper, confluence of Nacimiento River to Santa Margarita Reservoir)",Salinas River (above Bradley),309SUN,Salinas River upstream Nacimiento @ Bradley Rd,Total Dissolved Solids,,,250,mg/L,WA,"The site specific objective for Total Dissolved Solids for Salinas River (upper, confluence of Nacimiento River to Santa Margarita Reservoir) is an annual mean of 250 mg/L (Table 3-5, Water Quality Control Plan, Central Coastal Basin).",7402,,,365,Mean,F,,Y
3,CAR3098122820020124134039,San Antonio River (above San Antonio Reservoir),San Antonio River,309ANT,San Antonio River at Interlake Road Bridge,Boron,,,0.2,mg/L,AG,"The site specific objective for Boron for San Antonio River (above San Antonio Reservoir) is an annual mean of 0.2 mg/L (Table 3-5, Water Quality Control Plan, Central Coastal Basin).",7402,,,365,Mean,F,,Y
3,CAR3098122820020124134039,San Antonio River (above San Antonio Reservoir),San Antonio River,309ANT,San Antonio River at Interlake Road Bridge,Chloride,,,20,mg/L,WA,"The site specific objective for Chloride for San Antonio River (above San Antonio Reservoir) is an annual mean of 20 mg/L (Table 3-5, Water Quality Control Plan, Central Coastal Basin).",7402,,,365,Mean,F,,Y
3,CAR3098122820020124134039,San Antonio River (above San Antonio Reservoir),San Antonio River,309ANT,San Antonio River at Interlake Road Bridge,Sodium,,,20,mg/L,WA,"The site specific objective for Sodium for San Antonio River (above San Antonio Reservoir) is an annual mean of 20 mg/L (Table 3-5, Water Quality Control Plan, Central Coastal Basin).",7402,,,365,Mean,F,,Y
3,CAR3098122820020124134039,San Antonio River (above San Antonio Reservoir),San Antonio River,309ANT,San Antonio River at Interlake Road Bridge,Sulfate,,,80,mg/L,WA,"The site specific objective for Sulfate for San Antonio River (above San Antonio Reservoir) is an annual mean of 80 mg/L (Table 3-5, Water Quality Control Plan, Central Coastal Basin).",7402,,,365,Mean,F,,Y
3,CAR3098122820020124134039,San Antonio River (above San Antonio Reservoir),San Antonio River,309ANT,San Antonio River at Interlake Road Bridge,Total Dissolved Solids,,,250,mg/L,WA,"The site specific objective for Total Dissolved Solids for San Antonio River (above San Antonio Reservoir) is an annual mean of 250 mg/L (Table 3-5, Water Quality Control Plan, Central Coastal Basin).",7402,,,365,Mean,F,,Y
3,CAR3098122820020124134039,San Antonio River (above San Antonio Reservoir),San Antonio River,309PS0116,San Antonio River ~0.5mi above Bear Cyn. Cr.,Boron,,,0.2,mg/L,AG,"The site specific objective for Boron for San Antonio River (above San Antonio Reservoir) is an annual mean of 0.2 mg/L (Table 3-5, Water Quality Control Plan, Central Coastal Basin).",7402,,,365,Mean,F,,Y
3,CAR3098122820020124134039,San Antonio River (above San Antonio Reservoir),San Antonio River,309PS0116,San Antonio River ~0.5mi above Bear Cyn. Cr.,Chloride,,,20,mg/L,WA,"The site specific objective for Chloride for San Antonio River (above San Antonio Reservoir) is an annual mean of 20 mg/L (Table 3-5, Water Quality Control Plan, Central Coastal Basin).",7402,,,365,Mean,F,,Y
3,CAR3098122820020124134039,San Antonio River (above San Antonio Reservoir),San Antonio River,309PS0116,San Antonio River ~0.5mi above Bear Cyn. Cr.,Sodium,,,20,mg/L,WA,"The site specific objective for Sodium for San Antonio River (above San Antonio Reservoir) is an annual mean of 20 mg/L (Table 3-5, Water Quality Control Plan, Central Coastal Basin).",7402,,,365,Mean,F,,Y
3,CAR3098122820020124134039,San Antonio River (above San Antonio Reservoir),San Antonio River,309PS0116,San Antonio River ~0.5mi above Bear Cyn. Cr.,Sulfate,,,80,mg/L,WA,"The site specific objective for Sulfate for San Antonio River (above San Antonio Reservoir) is an annual mean of 80 mg/L (Table 3-5, Water Quality Control Plan, Central Coastal Basin).",7402,,,365,Mean,F,,Y
3,CAR3098122820020124134039,San Antonio River (above San Antonio Reservoir),San Antonio River,309PS0116,San Antonio River ~0.5mi above Bear Cyn. Cr.,Total Dissolved Solids,,,250,mg/L,WA,"The site specific objective for Total Dissolved Solids for San Antonio River (above San Antonio Reservoir) is an annual mean of 250 mg/L (Table 3-5, Water Quality Control Plan, Central Coastal Basin).",7402,,,365,Mean,F,,Y
3,CAR3098122820020124134039,San Antonio River (above San Antonio Reservoir),San Antonio River,309PS0527,"San Antonio River, below Ft. Hunter Liggett",Boron,,,0.2,mg/L,AG,"The site specific objective for Boron for San Antonio River (above San Antonio Reservoir) is an annual mean of 0.2 mg/L (Table 3-5, Water Quality Control Plan, Central Coastal Basin).",7402,,,365,Mean,F,,Y
3,CAR3098122820020124134039,San Antonio River (above San Antonio Reservoir),San Antonio River,309PS0527,"San Antonio River, below Ft. Hunter Liggett",Chloride,,,20,mg/L,WA,"The site specific objective for Chloride for San Antonio River (above San Antonio Reservoir) is an annual mean of 20 mg/L (Table 3-5, Water Quality Control Plan, Central Coastal Basin).",7402,,,365,Mean,F,,Y
3,CAR3098122820020124134039,San Antonio River (above San Antonio Reservoir),San Antonio River,309PS0527,"San Antonio River, below Ft. Hunter Liggett",Sodium,,,20,mg/L,WA,"The site specific objective for Sodium for San Antonio River (above San Antonio Reservoir) is an annual mean of 20 mg/L (Table 3-5, Water Quality Control Plan, Central Coastal Basin).",7402,,,365,Mean,F,,Y
3,CAR3098122820020124134039,San Antonio River (above San Antonio Reservoir),San Antonio River,309PS0527,"San Antonio River, below Ft. Hunter Liggett",Sulfate,,,80,mg/L,WA,"The site specific objective for Sulfate for San Antonio River (above San Antonio Reservoir) is an annual mean of 80 mg/L (Table 3-5, Water Quality Control Plan, Central Coastal Basin).",7402,,,365,Mean,F,,Y
3,CAR3098122820020124134039,San Antonio River (above San Antonio Reservoir),San Antonio River,309PS0527,"San Antonio River, below Ft. Hunter Liggett",Total Dissolved Solids,,,250,mg/L,WA,"The site specific objective for Total Dissolved Solids for San Antonio River (above San Antonio Reservoir) is an annual mean of 250 mg/L (Table 3-5, Water Quality Control Plan, Central Coastal Basin).",7402,,,365,Mean,F,,Y
3,CAR3098122820020124134039,San Antonio River (above San Antonio Reservoir),San Antonio River,309SARANF,San Antonio River,Boron,,,0.2,mg/L,AG,"The site specific objective for Boron for San Antonio River (above San Antonio Reservoir) is an annual mean of 0.2 mg/L (Table 3-5, Water Quality Control Plan, Central Coastal Basin).",7402,,,365,Mean,F,,Y
3,CAR3098122820020124134039,San Antonio River (above San Antonio Reservoir),San Antonio River,309SARANF,San Antonio River,Chloride,,,20,mg/L,WA,"The site specific objective for Chloride for San Antonio River (above San Antonio Reservoir) is an annual mean of 20 mg/L (Table 3-5, Water Quality Control Plan, Central Coastal Basin).",7402,,,365,Mean,F,,Y
3,CAR3098122820020124134039,San Antonio River (above San Antonio Reservoir),San Antonio River,309SARANF,San Antonio River,Sodium,,,20,mg/L,WA,"The site specific objective for Sodium for San Antonio River (above San Antonio Reservoir) is an annual mean of 20 mg/L (Table 3-5, Water Quality Control Plan, Central Coastal Basin).",7402,,,365,Mean,F,,Y
3,CAR3098122820020124134039,San Antonio River (above San Antonio Reservoir),San Antonio River,309SARANF,San Antonio River,Sulfate,,,80,mg/L,WA,"The site specific objective for Sulfate for San Antonio River (above San Antonio Reservoir) is an annual mean of 80 mg/L (Table 3-5, Water Quality Control Plan, Central Coastal Basin).",7402,,,365,Mean,F,,Y
3,CAR3098122820020124134039,San Antonio River (above San Antonio Reservoir),San Antonio River,309SARANF,San Antonio River,Total Dissolved Solids,,,250,mg/L,WA,"The site specific objective for Total Dissolved Solids for San Antonio River (above San Antonio Reservoir) is an annual mean of 250 mg/L (Table 3-5, Water Quality Control Plan, Central Coastal Basin).",7402,,,365,Mean,F,,Y
3,CAR3098122820020124134039,San Antonio River (above San Antonio Reservoir),San Antonio River,309SARNLW,San Antonio River nr. Lockwood,Boron,,,0.2,mg/L,AG,"The site specific objective for Boron for San Antonio River (above San Antonio Reservoir) is an annual mean of 0.2 mg/L (Table 3-5, Water Quality Control Plan, Central Coastal Basin).",7402,,,365,Mean,F,,Y
3,CAR3098122820020124134039,San Antonio River (above San Antonio Reservoir),San Antonio River,309SARNLW,San Antonio River nr. Lockwood,Chloride,,,20,mg/L,WA,"The site specific objective for Chloride for San Antonio River (above San Antonio Reservoir) is an annual mean of 20 mg/L (Table 3-5, Water Quality Control Plan, Central Coastal Basin).",7402,,,365,Mean,F,,Y
3,CAR3098122820020124134039,San Antonio River (above San Antonio Reservoir),San Antonio River,309SARNLW,San Antonio River nr. Lockwood,Sodium,,,20,mg/L,WA,"The site specific objective for Sodium for San Antonio River (above San Antonio Reservoir) is an annual mean of 20 mg/L (Table 3-5, Water Quality Control Plan, Central Coastal Basin).",7402,,,365,Mean,F,,Y
3,CAR3098122820020124134039,San Antonio River (above San Antonio Reservoir),San Antonio River,309SARNLW,San Antonio River nr. Lockwood,Sulfate,,,80,mg/L,WA,"The site specific objective for Sulfate for San Antonio River (above San Antonio Reservoir) is an annual mean of 80 mg/L (Table 3-5, Water Quality Control Plan, Central Coastal Basin).",7402,,,365,Mean,F,,Y
3,CAR3098122820020124134039,San Antonio River (above San Antonio Reservoir),San Antonio River,309SARNLW,San Antonio River nr. Lockwood,Total Dissolved Solids,,,250,mg/L,WA,"The site specific objective for Total Dissolved Solids for San Antonio River (above San Antonio Reservoir) is an annual mean of 250 mg/L (Table 3-5, Water Quality Control Plan, Central Coastal Basin).",7402,,,365,Mean,F,,Y
3,CAR3098122820020124134039,San Antonio River (above San Antonio Reservoir),San Antonio River,309SED064,San Antonio River - Above Interlake bridge 64,Boron,,,0.2,mg/L,AG,"The site specific objective for Boron for San Antonio River (above San Antonio Reservoir) is an annual mean of 0.2 mg/L (Table 3-5, Water Quality Control Plan, Central Coastal Basin).",7402,,,365,Mean,F,,Y
3,CAR3098122820020124134039,San Antonio River (above San Antonio Reservoir),San Antonio River,309SED064,San Antonio River - Above Interlake bridge 64,Chloride,,,20,mg/L,WA,"The site specific objective for Chloride for San Antonio River (above San Antonio Reservoir) is an annual mean of 20 mg/L (Table 3-5, Water Quality Control Plan, Central Coastal Basin).",7402,,,365,Mean,F,,Y
3,CAR3098122820020124134039,San Antonio River (above San Antonio Reservoir),San Antonio River,309SED064,San Antonio River - Above Interlake bridge 64,Sodium,,,20,mg/L,WA,"The site specific objective for Sodium for San Antonio River (above San Antonio Reservoir) is an annual mean of 20 mg/L (Table 3-5, Water Quality Control Plan, Central Coastal Basin).",7402,,,365,Mean,F,,Y
3,CAR3098122820020124134039,San Antonio River (above San Antonio Reservoir),San Antonio River,309SED064,San Antonio River - Above Interlake bridge 64,Sulfate,,,80,mg/L,WA,"The site specific objective for Sulfate for San Antonio River (above San Antonio Reservoir) is an annual mean of 80 mg/L (Table 3-5, Water Quality Control Plan, Central Coastal Basin).",7402,,,365,Mean,F,,Y
3,CAR3098122820020124134039,San Antonio River (above San Antonio Reservoir),San Antonio River,309SED064,San Antonio River - Above Interlake bridge 64,Total Dissolved Solids,,,250,mg/L,WA,"The site specific objective for Total Dissolved Solids for San Antonio River (above San Antonio Reservoir) is an annual mean of 250 mg/L (Table 3-5, Water Quality Control Plan, Central Coastal Basin).",7402,,,365,Mean,F,,Y
3,CAR3098122820020124134039,San Antonio River (above San Antonio Reservoir),San Antonio River,USGS-11149900,SAN ANTONIO R NR LOCKWOOD CA,Boron,,,0.2,mg/L,AG,"The site specific objective for Boron for San Antonio River (above San Antonio Reservoir) is an annual mean of 0.2 mg/L (Table 3-5, Water Quality Control Plan, Central Coastal Basin).",7402,,,365,Mean,F,,Y
3,CAR3098122820020124134039,San Antonio River (above San Antonio Reservoir),San Antonio River,USGS-11149900,SAN ANTONIO R NR LOCKWOOD CA,Chloride,,,20,mg/L,WA,"The site specific objective for Chloride for San Antonio River (above San Antonio Reservoir) is an annual mean of 20 mg/L (Table 3-5, Water Quality Control Plan, Central Coastal Basin).",7402,,,365,Mean,F,,Y
3,CAR3098122820020124134039,San Antonio River (above San Antonio Reservoir),San Antonio River,USGS-11149900,SAN ANTONIO R NR LOCKWOOD CA,Sodium,,,20,mg/L,WA,"The site specific objective for Sodium for San Antonio River (above San Antonio Reservoir) is an annual mean of 20 mg/L (Table 3-5, Water Quality Control Plan, Central Coastal Basin).",7402,,,365,Mean,F,,Y
3,CAR3098122820020124134039,San Antonio River (above San Antonio Reservoir),San Antonio River,USGS-11149900,SAN ANTONIO R NR LOCKWOOD CA,Sulfate,,,80,mg/L,WA,"The site specific objective for Sulfate for San Antonio River (above San Antonio Reservoir) is an annual mean of 80 mg/L (Table 3-5, Water Quality Control Plan, Central Coastal Basin).",7402,,,365,Mean,F,,Y
3,CAR3098122820020124134039,San Antonio River (above San Antonio Reservoir),San Antonio River,USGS-11149900,SAN ANTONIO R NR LOCKWOOD CA,Total Dissolved Solids,,,250,mg/L,WA,"The site specific objective for Total Dissolved Solids for San Antonio River (above San Antonio Reservoir) is an annual mean of 250 mg/L (Table 3-5, Water Quality Control Plan, Central Coastal Basin).",7402,,,365,Mean,F,,Y
3,CAR3102201219980825120817,Chorro Creek,Chorro Creek,310-UCF-41,upper Chorro Flats at Chorro Creek and Morro Creek Roads,Boron,,,0.2,mg/L,AG,"The site specific objective for Boron for Chorro Creek is an annual mean of 0.2 mg/L (Table 3-5, Water Quality Control Plan, Central Coastal Basin).",7402,,,365,Mean,F,,Y
3,CAR3102201219980825120817,Chorro Creek,Chorro Creek,310-UCF-41,upper Chorro Flats at Chorro Creek and Morro Creek Roads,Chloride,,,50,mg/L,WA,"The site specific objective for Chloride for Chorro Creek is an annual mean of 50 mg/L (Table 3-5, Water Quality Control Plan, Central Coastal Basin).",7402,,,365,Mean,F,,Y
3,CAR3102201219980825120817,Chorro Creek,Chorro Creek,310-UCF-41,upper Chorro Flats at Chorro Creek and Morro Creek Roads,Sodium,,,50,mg/L,WA,"The site specific objective for Sodium for Chorro Creek is an annual mean of 50 mg/L (Table 3-5, Water Quality Control Plan, Central Coastal Basin).",7402,,,365,Mean,F,,Y
3,CAR3102201219980825120817,Chorro Creek,Chorro Creek,310-UCF-41,upper Chorro Flats at Chorro Creek and Morro Creek Roads,Sulfate,,,50,mg/L,WA,"The site specific objective for Sulfate for Chorro Creek is an annual mean of 50 mg/L (Table 3-5, Water Quality Control Plan, Central Coastal Basin).",7402,,,365,Mean,F,,Y
3,CAR3102201219980825120817,Chorro Creek,Chorro Creek,310-UCF-41,upper Chorro Flats at Chorro Creek and Morro Creek Roads,Total Dissolved Solids,,,500,mg/L,WA,"The site specific objective for Total Dissolved Solids for Chorro Creek is an annual mean of 500 mg/L (Table 3-5, Water Quality Control Plan, Central Coastal Basin).",7402,,,365,Mean,F,,Y
3,CAR3102201219980825120817,Chorro Creek,Chorro Creek,310ACR,Chorro Creek 1.0 miles upstream of  310UCR,Boron,,,0.2,mg/L,AG,"The site specific objective for Boron for Chorro Creek is an annual mean of 0.2 mg/L (Table 3-5, Water Quality Control Plan, Central Coastal Basin).",7402,,,365,Mean,F,,Y
3,CAR3102201219980825120817,Chorro Creek,Chorro Creek,310ACR,Chorro Creek 1.0 miles upstream of  310UCR,Chloride,,,50,mg/L,WA,"The site specific objective for Chloride for Chorro Creek is an annual mean of 50 mg/L (Table 3-5, Water Quality Control Plan, Central Coastal Basin).",7402,,,365,Mean,F,,Y
3,CAR3102201219980825120817,Chorro Creek,Chorro Creek,310ACR,Chorro Creek 1.0 miles upstream of  310UCR,Sodium,,,50,mg/L,WA,"The site specific objective for Sodium for Chorro Creek is an annual mean of 50 mg/L (Table 3-5, Water Quality Control Plan, Central Coastal Basin).",7402,,,365,Mean,F,,Y
3,CAR3102201219980825120817,Chorro Creek,Chorro Creek,310ACR,Chorro Creek 1.0 miles upstream of  310UCR,Sulfate,,,50,mg/L,WA,"The site specific objective for Sulfate for Chorro Creek is an annual mean of 50 mg/L (Table 3-5, Water Quality Control Plan, Central Coastal Basin).",7402,,,365,Mean,F,,Y
3,CAR3102201219980825120817,Chorro Creek,Chorro Creek,310ACR,Chorro Creek 1.0 miles upstream of  310UCR,Total Dissolved Solids,,,500,mg/L,WA,"The site specific objective for Total Dissolved Solids for Chorro Creek is an annual mean of 500 mg/L (Table 3-5, Water Quality Control Plan, Central Coastal Basin).",7402,,,365,Mean,F,,Y
3,CAR3102201219980825120817,Chorro Creek,Chorro Creek,310CAN,Chorro Creek at Canet Road,Boron,,,0.2,mg/L,AG,"The site specific objective for Boron for Chorro Creek is an annual mean of 0.2 mg/L (Table 3-5, Water Quality Control Plan, Central Coastal Basin).",7402,,,365,Mean,F,,Y
3,CAR3102201219980825120817,Chorro Creek,Chorro Creek,310CAN,Chorro Creek at Canet Road,Chloride,,,50,mg/L,WA,"The site specific objective for Chloride for Chorro Creek is an annual mean of 50 mg/L (Table 3-5, Water Quality Control Plan, Central Coastal Basin).",7402,,,365,Mean,F,,Y
3,CAR3102201219980825120817,Chorro Creek,Chorro Creek,310CAN,Chorro Creek at Canet Road,Sodium,,,50,mg/L,WA,"The site specific objective for Sodium for Chorro Creek is an annual mean of 50 mg/L (Table 3-5, Water Quality Control Plan, Central Coastal Basin).",7402,,,365,Mean,F,,Y
3,CAR3102201219980825120817,Chorro Creek,Chorro Creek,310CAN,Chorro Creek at Canet Road,Sulfate,,,50,mg/L,WA,"The site specific objective for Sulfate for Chorro Creek is an annual mean of 50 mg/L (Table 3-5, Water Quality Control Plan, Central Coastal Basin).",7402,,,365,Mean,F,,Y
3,CAR3102201219980825120817,Chorro Creek,Chorro Creek,310CAN,Chorro Creek at Canet Road,Total Dissolved Solids,,,500,mg/L,WA,"The site specific objective for Total Dissolved Solids for Chorro Creek is an annual mean of 500 mg/L (Table 3-5, Water Quality Control Plan, Central Coastal Basin).",7402,,,365,Mean,F,,Y
3,CAR3102201219980825120817,Chorro Creek,Chorro Creek,310CCC,Chorro Creek upstream from Chorro Flats,Boron,,,0.2,mg/L,AG,"The site specific objective for Boron for Chorro Creek is an annual mean of 0.2 mg/L (Table 3-5, Water Quality Control Plan, Central Coastal Basin).",7402,,,365,Mean,F,,Y
3,CAR3102201219980825120817,Chorro Creek,Chorro Creek,310CCC,Chorro Creek upstream from Chorro Flats,Chloride,,,50,mg/L,WA,"The site specific objective for Chloride for Chorro Creek is an annual mean of 50 mg/L (Table 3-5, Water Quality Control Plan, Central Coastal Basin).",7402,,,365,Mean,F,,Y
3,CAR3102201219980825120817,Chorro Creek,Chorro Creek,310CCC,Chorro Creek upstream from Chorro Flats,Sodium,,,50,mg/L,WA,"The site specific objective for Sodium for Chorro Creek is an annual mean of 50 mg/L (Table 3-5, Water Quality Control Plan, Central Coastal Basin).",7402,,,365,Mean,F,,Y
3,CAR3102201219980825120817,Chorro Creek,Chorro Creek,310CCC,Chorro Creek upstream from Chorro Flats,Sulfate,,,50,mg/L,WA,"The site specific objective for Sulfate for Chorro Creek is an annual mean of 50 mg/L (Table 3-5, Water Quality Control Plan, Central Coastal Basin).",7402,,,365,Mean,F,,Y
3,CAR3102201219980825120817,Chorro Creek,Chorro Creek,310CCC,Chorro Creek upstream from Chorro Flats,Total Dissolved Solids,,,500,mg/L,WA,"The site specific objective for Total Dissolved Solids for Chorro Creek is an annual mean of 500 mg/L (Table 3-5, Water Quality Control Plan, Central Coastal Basin).",7402,,,365,Mean,F,,Y
3,CAR3102201219980825120817,Chorro Creek,Chorro Creek,310CER,"Chorro Creek above Ecological Reserve, ~0.3mi above San Luisito Creek",Boron,,,0.2,mg/L,AG,"The site specific objective for Boron for Chorro Creek is an annual mean of 0.2 mg/L (Table 3-5, Water Quality Control Plan, Central Coastal Basin).",7402,,,365,Mean,F,,Y
3,CAR3102201219980825120817,Chorro Creek,Chorro Creek,310CER,"Chorro Creek above Ecological Reserve, ~0.3mi above San Luisito Creek",Chloride,,,50,mg/L,WA,"The site specific objective for Chloride for Chorro Creek is an annual mean of 50 mg/L (Table 3-5, Water Quality Control Plan, Central Coastal Basin).",7402,,,365,Mean,F,,Y
3,CAR3102201219980825120817,Chorro Creek,Chorro Creek,310CER,"Chorro Creek above Ecological Reserve, ~0.3mi above San Luisito Creek",Sodium,,,50,mg/L,WA,"The site specific objective for Sodium for Chorro Creek is an annual mean of 50 mg/L (Table 3-5, Water Quality Control Plan, Central Coastal Basin).",7402,,,365,Mean,F,,Y
3,CAR3102201219980825120817,Chorro Creek,Chorro Creek,310CER,"Chorro Creek above Ecological Reserve, ~0.3mi above San Luisito Creek",Sulfate,,,50,mg/L,WA,"The site specific objective for Sulfate for Chorro Creek is an annual mean of 50 mg/L (Table 3-5, Water Quality Control Plan, Central Coastal Basin).",7402,,,365,Mean,F,,Y
3,CAR3102201219980825120817,Chorro Creek,Chorro Creek,310CER,"Chorro Creek above Ecological Reserve, ~0.3mi above San Luisito Creek",Total Dissolved Solids,,,500,mg/L,WA,"The site specific objective for Total Dissolved Solids for Chorro Creek is an annual mean of 500 mg/L (Table 3-5, Water Quality Control Plan, Central Coastal Basin).",7402,,,365,Mean,F,,Y
3,CAR3102201219980825120817,Chorro Creek,Chorro Creek,310CHD,Chorro Creek below Chorro Creek Dam,Boron,,,0.2,mg/L,AG,"The site specific objective for Boron for Chorro Creek is an annual mean of 0.2 mg/L (Table 3-5, Water Quality Control Plan, Central Coastal Basin).",7402,,,365,Mean,F,,Y
3,CAR3102201219980825120817,Chorro Creek,Chorro Creek,310CHD,Chorro Creek below Chorro Creek Dam,Chloride,,,50,mg/L,WA,"The site specific objective for Chloride for Chorro Creek is an annual mean of 50 mg/L (Table 3-5, Water Quality Control Plan, Central Coastal Basin).",7402,,,365,Mean,F,,Y
3,CAR3102201219980825120817,Chorro Creek,Chorro Creek,310CHD,Chorro Creek below Chorro Creek Dam,Sodium,,,50,mg/L,WA,"The site specific objective for Sodium for Chorro Creek is an annual mean of 50 mg/L (Table 3-5, Water Quality Control Plan, Central Coastal Basin).",7402,,,365,Mean,F,,Y
3,CAR3102201219980825120817,Chorro Creek,Chorro Creek,310CHD,Chorro Creek below Chorro Creek Dam,Sulfate,,,50,mg/L,WA,"The site specific objective for Sulfate for Chorro Creek is an annual mean of 50 mg/L (Table 3-5, Water Quality Control Plan, Central Coastal Basin).",7402,,,365,Mean,F,,Y
3,CAR3102201219980825120817,Chorro Creek,Chorro Creek,310CHD,Chorro Creek below Chorro Creek Dam,Total Dissolved Solids,,,500,mg/L,WA,"The site specific objective for Total Dissolved Solids for Chorro Creek is an annual mean of 500 mg/L (Table 3-5, Water Quality Control Plan, Central Coastal Basin).",7402,,,365,Mean,F,,Y
3,CAR3102201219980825120817,Chorro Creek,Chorro Creek,310CHO,Chorro Creek at Camp SLO,Boron,,,0.2,mg/L,AG,"The site specific objective for Boron for Chorro Creek is an annual mean of 0.2 mg/L (Table 3-5, Water Quality Control Plan, Central Coastal Basin).",7402,,,365,Mean,F,,Y
3,CAR3102201219980825120817,Chorro Creek,Chorro Creek,310CHO,Chorro Creek at Camp SLO,Chloride,,,50,mg/L,WA,"The site specific objective for Chloride for Chorro Creek is an annual mean of 50 mg/L (Table 3-5, Water Quality Control Plan, Central Coastal Basin).",7402,,,365,Mean,F,,Y
3,CAR3102201219980825120817,Chorro Creek,Chorro Creek,310CHO,Chorro Creek at Camp SLO,Sodium,,,50,mg/L,WA,"The site specific objective for Sodium for Chorro Creek is an annual mean of 50 mg/L (Table 3-5, Water Quality Control Plan, Central Coastal Basin).",7402,,,365,Mean,F,,Y
3,CAR3102201219980825120817,Chorro Creek,Chorro Creek,310CHO,Chorro Creek at Camp SLO,Sulfate,,,50,mg/L,WA,"The site specific objective for Sulfate for Chorro Creek is an annual mean of 50 mg/L (Table 3-5, Water Quality Control Plan, Central Coastal Basin).",7402,,,365,Mean,F,,Y
3,CAR3102201219980825120817,Chorro Creek,Chorro Creek,310CHO,Chorro Creek at Camp SLO,Total Dissolved Solids,,,500,mg/L,WA,"The site specific objective for Total Dissolved Solids for Chorro Creek is an annual mean of 500 mg/L (Table 3-5, Water Quality Control Plan, Central Coastal Basin).",7402,,,365,Mean,F,,Y
3,CAR3102201219980825120817,Chorro Creek,Chorro Creek,310RRCHO141,Chorro Creek at Hollister Rd,Boron,,,0.2,mg/L,AG,"The site specific objective for Boron for Chorro Creek is an annual mean of 0.2 mg/L (Table 3-5, Water Quality Control Plan, Central Coastal Basin).",7402,,,365,Mean,F,,Y
3,CAR3102201219980825120817,Chorro Creek,Chorro Creek,310RRCHO141,Chorro Creek at Hollister Rd,Chloride,,,50,mg/L,WA,"The site specific objective for Chloride for Chorro Creek is an annual mean of 50 mg/L (Table 3-5, Water Quality Control Plan, Central Coastal Basin).",7402,,,365,Mean,F,,Y
3,CAR3102201219980825120817,Chorro Creek,Chorro Creek,310RRCHO141,Chorro Creek at Hollister Rd,Sodium,,,50,mg/L,WA,"The site specific objective for Sodium for Chorro Creek is an annual mean of 50 mg/L (Table 3-5, Water Quality Control Plan, Central Coastal Basin).",7402,,,365,Mean,F,,Y
3,CAR3102201219980825120817,Chorro Creek,Chorro Creek,310RRCHO141,Chorro Creek at Hollister Rd,Sulfate,,,50,mg/L,WA,"The site specific objective for Sulfate for Chorro Creek is an annual mean of 50 mg/L (Table 3-5, Water Quality Control Plan, Central Coastal Basin).",7402,,,365,Mean,F,,Y
3,CAR3102201219980825120817,Chorro Creek,Chorro Creek,310RRCHO141,Chorro Creek at Hollister Rd,Total Dissolved Solids,,,500,mg/L,WA,"The site specific objective for Total Dissolved Solids for Chorro Creek is an annual mean of 500 mg/L (Table 3-5, Water Quality Control Plan, Central Coastal Basin).",7402,,,365,Mean,F,,Y
3,CAR3102201219980825120817,Chorro Creek,Chorro Creek,310RRCHO183,Chorro Creek at Canet Rd,Boron,,,0.2,mg/L,AG,"The site specific objective for Boron for Chorro Creek is an annual mean of 0.2 mg/L (Table 3-5, Water Quality Control Plan, Central Coastal Basin).",7402,,,365,Mean,F,,Y
3,CAR3102201219980825120817,Chorro Creek,Chorro Creek,310RRCHO183,Chorro Creek at Canet Rd,Chloride,,,50,mg/L,WA,"The site specific objective for Chloride for Chorro Creek is an annual mean of 50 mg/L (Table 3-5, Water Quality Control Plan, Central Coastal Basin).",7402,,,365,Mean,F,,Y
3,CAR3102201219980825120817,Chorro Creek,Chorro Creek,310RRCHO183,Chorro Creek at Canet Rd,Sodium,,,50,mg/L,WA,"The site specific objective for Sodium for Chorro Creek is an annual mean of 50 mg/L (Table 3-5, Water Quality Control Plan, Central Coastal Basin).",7402,,,365,Mean,F,,Y
3,CAR3102201219980825120817,Chorro Creek,Chorro Creek,310RRCHO183,Chorro Creek at Canet Rd,Sulfate,,,50,mg/L,WA,"The site specific objective for Sulfate for Chorro Creek is an annual mean of 50 mg/L (Table 3-5, Water Quality Control Plan, Central Coastal Basin).",7402,,,365,Mean,F,,Y
3,CAR3102201219980825120817,Chorro Creek,Chorro Creek,310RRCHO183,Chorro Creek at Canet Rd,Total Dissolved Solids,,,500,mg/L,WA,"The site specific objective for Total Dissolved Solids for Chorro Creek is an annual mean of 500 mg/L (Table 3-5, Water Quality Control Plan, Central Coastal Basin).",7402,,,365,Mean,F,,Y
3,CAR3102201219980825120817,Chorro Creek,Chorro Creek,310RRCHO44,Chorro Creek at S. Bay Blvd.,Boron,,,0.2,mg/L,AG,"The site specific objective for Boron for Chorro Creek is an annual mean of 0.2 mg/L (Table 3-5, Water Quality Control Plan, Central Coastal Basin).",7402,,,365,Mean,F,,Y
3,CAR3102201219980825120817,Chorro Creek,Chorro Creek,310RRCHO44,Chorro Creek at S. Bay Blvd.,Chloride,,,50,mg/L,WA,"The site specific objective for Chloride for Chorro Creek is an annual mean of 50 mg/L (Table 3-5, Water Quality Control Plan, Central Coastal Basin).",7402,,,365,Mean,F,,Y
3,CAR3102201219980825120817,Chorro Creek,Chorro Creek,310RRCHO44,Chorro Creek at S. Bay Blvd.,Sodium,,,50,mg/L,WA,"The site specific objective for Sodium for Chorro Creek is an annual mean of 50 mg/L (Table 3-5, Water Quality Control Plan, Central Coastal Basin).",7402,,,365,Mean,F,,Y
3,CAR3102201219980825120817,Chorro Creek,Chorro Creek,310RRCHO44,Chorro Creek at S. Bay Blvd.,Sulfate,,,50,mg/L,WA,"The site specific objective for Sulfate for Chorro Creek is an annual mean of 50 mg/L (Table 3-5, Water Quality Control Plan, Central Coastal Basin).",7402,,,365,Mean,F,,Y
3,CAR3102201219980825120817,Chorro Creek,Chorro Creek,310RRCHO44,Chorro Creek at S. Bay Blvd.,Total Dissolved Solids,,,500,mg/L,WA,"The site specific objective for Total Dissolved Solids for Chorro Creek is an annual mean of 500 mg/L (Table 3-5, Water Quality Control Plan, Central Coastal Basin).",7402,,,365,Mean,F,,Y
3,CAR3102201219980825120817,Chorro Creek,Chorro Creek,310TWB,Chorro Creek at South Bay Boulevard,Boron,,,0.2,mg/L,AG,"The site specific objective for Boron for Chorro Creek is an annual mean of 0.2 mg/L (Table 3-5, Water Quality Control Plan, Central Coastal Basin).",7402,,,365,Mean,F,,Y
3,CAR3102201219980825120817,Chorro Creek,Chorro Creek,310TWB,Chorro Creek at South Bay Boulevard,Chloride,,,50,mg/L,WA,"The site specific objective for Chloride for Chorro Creek is an annual mean of 50 mg/L (Table 3-5, Water Quality Control Plan, Central Coastal Basin).",7402,,,365,Mean,F,,Y
3,CAR3102201219980825120817,Chorro Creek,Chorro Creek,310TWB,Chorro Creek at South Bay Boulevard,Sodium,,,50,mg/L,WA,"The site specific objective for Sodium for Chorro Creek is an annual mean of 50 mg/L (Table 3-5, Water Quality Control Plan, Central Coastal Basin).",7402,,,365,Mean,F,,Y
3,CAR3102201219980825120817,Chorro Creek,Chorro Creek,310TWB,Chorro Creek at South Bay Boulevard,Sulfate,,,50,mg/L,WA,"The site specific objective for Sulfate for Chorro Creek is an annual mean of 50 mg/L (Table 3-5, Water Quality Control Plan, Central Coastal Basin).",7402,,,365,Mean,F,,Y
3,CAR3102201219980825120817,Chorro Creek,Chorro Creek,310TWB,Chorro Creek at South Bay Boulevard,Total Dissolved Solids,,,500,mg/L,WA,"The site specific objective for Total Dissolved Solids for Chorro Creek is an annual mean of 500 mg/L (Table 3-5, Water Quality Control Plan, Central Coastal Basin).",7402,,,365,Mean,F,,Y
3,CAR3102201219980825120817,Chorro Creek,Chorro Creek,310UCD,Upper Chorro Creek above Chorro Reservoir,Boron,,,0.2,mg/L,AG,"The site specific objective for Boron for Chorro Creek is an annual mean of 0.2 mg/L (Table 3-5, Water Quality Control Plan, Central Coastal Basin).",7402,,,365,Mean,F,,Y
3,CAR3102201219980825120817,Chorro Creek,Chorro Creek,310UCD,Upper Chorro Creek above Chorro Reservoir,Chloride,,,50,mg/L,WA,"The site specific objective for Chloride for Chorro Creek is an annual mean of 50 mg/L (Table 3-5, Water Quality Control Plan, Central Coastal Basin).",7402,,,365,Mean,F,,Y
3,CAR3102201219980825120817,Chorro Creek,Chorro Creek,310UCD,Upper Chorro Creek above Chorro Reservoir,Sodium,,,50,mg/L,WA,"The site specific objective for Sodium for Chorro Creek is an annual mean of 50 mg/L (Table 3-5, Water Quality Control Plan, Central Coastal Basin).",7402,,,365,Mean,F,,Y
3,CAR3102201219980825120817,Chorro Creek,Chorro Creek,310UCD,Upper Chorro Creek above Chorro Reservoir,Sulfate,,,50,mg/L,WA,"The site specific objective for Sulfate for Chorro Creek is an annual mean of 50 mg/L (Table 3-5, Water Quality Control Plan, Central Coastal Basin).",7402,,,365,Mean,F,,Y
3,CAR3102201219980825120817,Chorro Creek,Chorro Creek,310UCD,Upper Chorro Creek above Chorro Reservoir,Total Dissolved Solids,,,500,mg/L,WA,"The site specific objective for Total Dissolved Solids for Chorro Creek is an annual mean of 500 mg/L (Table 3-5, Water Quality Control Plan, Central Coastal Basin).",7402,,,365,Mean,F,,Y
3,CAR3102201219980825120817,Chorro Creek,Chorro Creek,310UCR,Chorro Creek @ upper Chorro Creek Ecological Reserve,Boron,,,0.2,mg/L,AG,"The site specific objective for Boron for Chorro Creek is an annual mean of 0.2 mg/L (Table 3-5, Water Quality Control Plan, Central Coastal Basin).",7402,,,365,Mean,F,,Y
3,CAR3102201219980825120817,Chorro Creek,Chorro Creek,310UCR,Chorro Creek @ upper Chorro Creek Ecological Reserve,Chloride,,,50,mg/L,WA,"The site specific objective for Chloride for Chorro Creek is an annual mean of 50 mg/L (Table 3-5, Water Quality Control Plan, Central Coastal Basin).",7402,,,365,Mean,F,,Y
3,CAR3102201219980825120817,Chorro Creek,Chorro Creek,310UCR,Chorro Creek @ upper Chorro Creek Ecological Reserve,Sodium,,,50,mg/L,WA,"The site specific objective for Sodium for Chorro Creek is an annual mean of 50 mg/L (Table 3-5, Water Quality Control Plan, Central Coastal Basin).",7402,,,365,Mean,F,,Y
3,CAR3102201219980825120817,Chorro Creek,Chorro Creek,310UCR,Chorro Creek @ upper Chorro Creek Ecological Reserve,Sulfate,,,50,mg/L,WA,"The site specific objective for Sulfate for Chorro Creek is an annual mean of 50 mg/L (Table 3-5, Water Quality Control Plan, Central Coastal Basin).",7402,,,365,Mean,F,,Y
3,CAR3102201219980825120817,Chorro Creek,Chorro Creek,310UCR,Chorro Creek @ upper Chorro Creek Ecological Reserve,Total Dissolved Solids,,,500,mg/L,WA,"The site specific objective for Total Dissolved Solids for Chorro Creek is an annual mean of 500 mg/L (Table 3-5, Water Quality Control Plan, Central Coastal Basin).",7402,,,365,Mean,F,,Y
3,CAR3102201219980825120817,Chorro Creek,Chorro Creek,USGS-352127120484501,CHORRO C A CHORRO C RD NR MORRO BAY CA,Boron,,,0.2,mg/L,AG,"The site specific objective for Boron for Chorro Creek is an annual mean of 0.2 mg/L (Table 3-5, Water Quality Control Plan, Central Coastal Basin).",7402,,,365,Mean,F,,Y
3,CAR3102201219980825120817,Chorro Creek,Chorro Creek,USGS-352127120484501,CHORRO C A CHORRO C RD NR MORRO BAY CA,Chloride,,,50,mg/L,WA,"The site specific objective for Chloride for Chorro Creek is an annual mean of 50 mg/L (Table 3-5, Water Quality Control Plan, Central Coastal Basin).",7402,,,365,Mean,F,,Y
3,CAR3102201219980825120817,Chorro Creek,Chorro Creek,USGS-352127120484501,CHORRO C A CHORRO C RD NR MORRO BAY CA,Sodium,,,50,mg/L,WA,"The site specific objective for Sodium for Chorro Creek is an annual mean of 50 mg/L (Table 3-5, Water Quality Control Plan, Central Coastal Basin).",7402,,,365,Mean,F,,Y
3,CAR3102201219980825120817,Chorro Creek,Chorro Creek,USGS-352127120484501,CHORRO C A CHORRO C RD NR MORRO BAY CA,Sulfate,,,50,mg/L,WA,"The site specific objective for Sulfate for Chorro Creek is an annual mean of 50 mg/L (Table 3-5, Water Quality Control Plan, Central Coastal Basin).",7402,,,365,Mean,F,,Y
3,CAR3102201219980825120817,Chorro Creek,Chorro Creek,USGS-352127120484501,CHORRO C A CHORRO C RD NR MORRO BAY CA,Total Dissolved Solids,,,500,mg/L,WA,"The site specific objective for Total Dissolved Solids for Chorro Creek is an annual mean of 500 mg/L (Table 3-5, Water Quality Control Plan, Central Coastal Basin).",7402,,,365,Mean,F,,Y
3,CAR3102401119980824143123,San Luis Obispo Creek (above Osos Street),San Luis Obispo Creek,180SLO026,Upper SLO Creek,Boron,,,0.2,mg/L,AG,"The site specific objective for Boron for San Luis Obispo Creek (above Osos Street) is an annual mean of 0.2 mg/L (Table 3-5, Water Quality Control Plan, Central Coastal Basin).",7402,,,365,Mean,F,,Y
3,CAR3102401119980824143123,San Luis Obispo Creek (above Osos Street),San Luis Obispo Creek,180SLO026,Upper SLO Creek,Chloride,,,100,mg/L,WA,"The site specific objective for Chloride for San Luis Obispo Creek (above Osos Street) is an annual mean of 100 mg/L (Table 3-5, Water Quality Control Plan, Central Coastal Basin).",7402,,,365,Mean,F,,Y
3,CAR3102401119980824143123,San Luis Obispo Creek (above Osos Street),San Luis Obispo Creek,180SLO026,Upper SLO Creek,Sodium,,,50,mg/L,WA,"The site specific objective for Sodium for San Luis Obispo Creek (above Osos Street) is an annual mean of 50 mg/L (Table 3-5, Water Quality Control Plan, Central Coastal Basin).",7402,,,365,Mean,F,,Y
3,CAR3102401119980824143123,San Luis Obispo Creek (above Osos Street),San Luis Obispo Creek,180SLO026,Upper SLO Creek,Sulfate,,,100,mg/L,WA,"The site specific objective for Sulfate for San Luis Obispo Creek (above Osos Street) is an annual mean of 100 mg/L (Table 3-5, Water Quality Control Plan, Central Coastal Basin).",7402,,,365,Mean,F,,Y
3,CAR3102401119980824143123,San Luis Obispo Creek (above Osos Street),San Luis Obispo Creek,180SLO026,Upper SLO Creek,Total Dissolved Solids,,,650,mg/L,WA,"The site specific objective for Total Dissolved Solids for San Luis Obispo Creek (above Osos Street) is an annual mean of 650 mg/L (Table 3-5, Water Quality Control Plan, Central Coastal Basin).",7402,,,365,Mean,F,,Y
3,CAR3102401119980824143123,San Luis Obispo Creek (above Osos Street),San Luis Obispo Creek,180SLO042,SLO Creek,Boron,,,0.2,mg/L,AG,"The site specific objective for Boron for San Luis Obispo Creek (above Osos Street) is an annual mean of 0.2 mg/L (Table 3-5, Water Quality Control Plan, Central Coastal Basin).",7402,,,365,Mean,F,,Y
3,CAR3102401119980824143123,San Luis Obispo Creek (above Osos Street),San Luis Obispo Creek,180SLO042,SLO Creek,Chloride,,,100,mg/L,WA,"The site specific objective for Chloride for San Luis Obispo Creek (above Osos Street) is an annual mean of 100 mg/L (Table 3-5, Water Quality Control Plan, Central Coastal Basin).",7402,,,365,Mean,F,,Y
3,CAR3102401119980824143123,San Luis Obispo Creek (above Osos Street),San Luis Obispo Creek,180SLO042,SLO Creek,Sodium,,,50,mg/L,WA,"The site specific objective for Sodium for San Luis Obispo Creek (above Osos Street) is an annual mean of 50 mg/L (Table 3-5, Water Quality Control Plan, Central Coastal Basin).",7402,,,365,Mean,F,,Y
3,CAR3102401119980824143123,San Luis Obispo Creek (above Osos Street),San Luis Obispo Creek,180SLO042,SLO Creek,Sulfate,,,100,mg/L,WA,"The site specific objective for Sulfate for San Luis Obispo Creek (above Osos Street) is an annual mean of 100 mg/L (Table 3-5, Water Quality Control Plan, Central Coastal Basin).",7402,,,365,Mean,F,,Y
3,CAR3102401119980824143123,San Luis Obispo Creek (above Osos Street),San Luis Obispo Creek,180SLO042,SLO Creek,Total Dissolved Solids,,,650,mg/L,WA,"The site specific objective for Total Dissolved Solids for San Luis Obispo Creek (above Osos Street) is an annual mean of 650 mg/L (Table 3-5, Water Quality Control Plan, Central Coastal Basin).",7402,,,365,Mean,F,,Y
3,CAR3102401119980824143123,San Luis Obispo Creek (above Osos Street),San Luis Obispo Creek,310SLC,San Luis Creek at Cuesta Park,Boron,,,0.2,mg/L,AG,"The site specific objective for Boron for San Luis Obispo Creek (above Osos Street) is an annual mean of 0.2 mg/L (Table 3-5, Water Quality Control Plan, Central Coastal Basin).",7402,,,365,Mean,F,,Y
3,CAR3102401119980824143123,San Luis Obispo Creek (above Osos Street),San Luis Obispo Creek,310SLC,San Luis Creek at Cuesta Park,Chloride,,,100,mg/L,WA,"The site specific objective for Chloride for San Luis Obispo Creek (above Osos Street) is an annual mean of 100 mg/L (Table 3-5, Water Quality Control Plan, Central Coastal Basin).",7402,,,365,Mean,F,,Y
3,CAR3102401119980824143123,San Luis Obispo Creek (above Osos Street),San Luis Obispo Creek,310SLC,San Luis Creek at Cuesta Park,Sodium,,,50,mg/L,WA,"The site specific objective for Sodium for San Luis Obispo Creek (above Osos Street) is an annual mean of 50 mg/L (Table 3-5, Water Quality Control Plan, Central Coastal Basin).",7402,,,365,Mean,F,,Y
3,CAR3102401119980824143123,San Luis Obispo Creek (above Osos Street),San Luis Obispo Creek,310SLC,San Luis Creek at Cuesta Park,Sulfate,,,100,mg/L,WA,"The site specific objective for Sulfate for San Luis Obispo Creek (above Osos Street) is an annual mean of 100 mg/L (Table 3-5, Water Quality Control Plan, Central Coastal Basin).",7402,,,365,Mean,F,,Y
3,CAR3102401119980824143123,San Luis Obispo Creek (above Osos Street),San Luis Obispo Creek,310SLC,San Luis Creek at Cuesta Park,Total Dissolved Solids,,,650,mg/L,WA,"The site specific objective for Total Dissolved Solids for San Luis Obispo Creek (above Osos Street) is an annual mean of 650 mg/L (Table 3-5, Water Quality Control Plan, Central Coastal Basin).",7402,,,365,Mean,F,,Y
3,CAR3102401119980824143123,San Luis Obispo Creek (above Osos Street),San Luis Obispo Creek,310SLOASB,SLO County Gauge #745 (SLO Creek at Andrews St),Boron,,,0.2,mg/L,AG,"The site specific objective for Boron for San Luis Obispo Creek (above Osos Street) is an annual mean of 0.2 mg/L (Table 3-5, Water Quality Control Plan, Central Coastal Basin).",7402,,,365,Mean,F,,Y
3,CAR3102401119980824143123,San Luis Obispo Creek (above Osos Street),San Luis Obispo Creek,310SLOASB,SLO County Gauge #745 (SLO Creek at Andrews St),Chloride,,,100,mg/L,WA,"The site specific objective for Chloride for San Luis Obispo Creek (above Osos Street) is an annual mean of 100 mg/L (Table 3-5, Water Quality Control Plan, Central Coastal Basin).",7402,,,365,Mean,F,,Y
3,CAR3102401119980824143123,San Luis Obispo Creek (above Osos Street),San Luis Obispo Creek,310SLOASB,SLO County Gauge #745 (SLO Creek at Andrews St),Sodium,,,50,mg/L,WA,"The site specific objective for Sodium for San Luis Obispo Creek (above Osos Street) is an annual mean of 50 mg/L (Table 3-5, Water Quality Control Plan, Central Coastal Basin).",7402,,,365,Mean,F,,Y
3,CAR3102401119980824143123,San Luis Obispo Creek (above Osos Street),San Luis Obispo Creek,310SLOASB,SLO County Gauge #745 (SLO Creek at Andrews St),Sulfate,,,100,mg/L,WA,"The site specific objective for Sulfate for San Luis Obispo Creek (above Osos Street) is an annual mean of 100 mg/L (Table 3-5, Water Quality Control Plan, Central Coastal Basin).",7402,,,365,Mean,F,,Y
3,CAR3102401119980824143123,San Luis Obispo Creek (above Osos Street),San Luis Obispo Creek,310SLOASB,SLO County Gauge #745 (SLO Creek at Andrews St),Total Dissolved Solids,,,650,mg/L,WA,"The site specific objective for Total Dissolved Solids for San Luis Obispo Creek (above Osos Street) is an annual mean of 650 mg/L (Table 3-5, Water Quality Control Plan, Central Coastal Basin).",7402,,,365,Mean,F,,Y
3,CAR3102401119980824143123,San Luis Obispo Creek (above Osos Street),San Luis Obispo Creek,310SLOS,San Luis Obispo Creek at Old Stagecoach Rd,Boron,,,0.2,mg/L,AG,"The site specific objective for Boron for San Luis Obispo Creek (above Osos Street) is an annual mean of 0.2 mg/L (Table 3-5, Water Quality Control Plan, Central Coastal Basin).",7402,,,365,Mean,F,,Y
3,CAR3102401119980824143123,San Luis Obispo Creek (above Osos Street),San Luis Obispo Creek,310SLOS,San Luis Obispo Creek at Old Stagecoach Rd,Chloride,,,100,mg/L,WA,"The site specific objective for Chloride for San Luis Obispo Creek (above Osos Street) is an annual mean of 100 mg/L (Table 3-5, Water Quality Control Plan, Central Coastal Basin).",7402,,,365,Mean,F,,Y
3,CAR3102401119980824143123,San Luis Obispo Creek (above Osos Street),San Luis Obispo Creek,310SLOS,San Luis Obispo Creek at Old Stagecoach Rd,Sodium,,,50,mg/L,WA,"The site specific objective for Sodium for San Luis Obispo Creek (above Osos Street) is an annual mean of 50 mg/L (Table 3-5, Water Quality Control Plan, Central Coastal Basin).",7402,,,365,Mean,F,,Y
3,CAR3102401119980824143123,San Luis Obispo Creek (above Osos Street),San Luis Obispo Creek,310SLOS,San Luis Obispo Creek at Old Stagecoach Rd,Sulfate,,,100,mg/L,WA,"The site specific objective for Sulfate for San Luis Obispo Creek (above Osos Street) is an annual mean of 100 mg/L (Table 3-5, Water Quality Control Plan, Central Coastal Basin).",7402,,,365,Mean,F,,Y
3,CAR3102401119980824143123,San Luis Obispo Creek (above Osos Street),San Luis Obispo Creek,310SLOS,San Luis Obispo Creek at Old Stagecoach Rd,Total Dissolved Solids,,,650,mg/L,WA,"The site specific objective for Total Dissolved Solids for San Luis Obispo Creek (above Osos Street) is an annual mean of 650 mg/L (Table 3-5, Water Quality Control Plan, Central Coastal Basin).",7402,,,365,Mean,F,,Y
3,CAR3102401119980824143123,San Luis Obispo Creek (above Osos Street),San Luis Obispo Creek,310ST1536,San Luis Obispo Creek 1-310ST1536,Boron,,,0.2,mg/L,AG,"The site specific objective for Boron for San Luis Obispo Creek (above Osos Street) is an annual mean of 0.2 mg/L (Table 3-5, Water Quality Control Plan, Central Coastal Basin).",7402,,,365,Mean,F,,Y
3,CAR3102401119980824143123,San Luis Obispo Creek (above Osos Street),San Luis Obispo Creek,310ST1536,San Luis Obispo Creek 1-310ST1536,Chloride,,,100,mg/L,WA,"The site specific objective for Chloride for San Luis Obispo Creek (above Osos Street) is an annual mean of 100 mg/L (Table 3-5, Water Quality Control Plan, Central Coastal Basin).",7402,,,365,Mean,F,,Y
3,CAR3102401119980824143123,San Luis Obispo Creek (above Osos Street),San Luis Obispo Creek,310ST1536,San Luis Obispo Creek 1-310ST1536,Sodium,,,50,mg/L,WA,"The site specific objective for Sodium for San Luis Obispo Creek (above Osos Street) is an annual mean of 50 mg/L (Table 3-5, Water Quality Control Plan, Central Coastal Basin).",7402,,,365,Mean,F,,Y
3,CAR3102401119980824143123,San Luis Obispo Creek (above Osos Street),San Luis Obispo Creek,310ST1536,San Luis Obispo Creek 1-310ST1536,Sulfate,,,100,mg/L,WA,"The site specific objective for Sulfate for San Luis Obispo Creek (above Osos Street) is an annual mean of 100 mg/L (Table 3-5, Water Quality Control Plan, Central Coastal Basin).",7402,,,365,Mean,F,,Y
3,CAR3102401119980824143123,San Luis Obispo Creek (above Osos Street),San Luis Obispo Creek,310ST1536,San Luis Obispo Creek 1-310ST1536,Total Dissolved Solids,,,650,mg/L,WA,"The site specific objective for Total Dissolved Solids for San Luis Obispo Creek (above Osos Street) is an annual mean of 650 mg/L (Table 3-5, Water Quality Control Plan, Central Coastal Basin).",7402,,,365,Mean,F,,Y
3,CAR3102402119980828115513,San Luis Obispo Creek (below Osos Street),San Luis Obispo Creek,180SLO086,San Luis Obispo Creek,Boron,,,0.2,mg/L,AG,"The site specific objective for Boron for San Luis Obispo Creek (below Osos Street) is an annual mean of 0.2 mg/L (Table 3-5, Water Quality Control Plan, Central Coastal Basin).",7402,,,365,Mean,F,,Y
3,CAR3102402119980828115513,San Luis Obispo Creek (below Osos Street),San Luis Obispo Creek,180SLO086,San Luis Obispo Creek,Chloride,,,100,mg/L,WA,"The site specific objective for Chloride for San Luis Obispo Creek (below Osos Street) is an annual mean of 100 mg/L (Table 3-5, Water Quality Control Plan, Central Coastal Basin).",7402,,,365,Mean,F,,Y
3,CAR3102402119980828115513,San Luis Obispo Creek (below Osos Street),San Luis Obispo Creek,180SLO086,San Luis Obispo Creek,Sodium,,,50,mg/L,WA,"The site specific objective for Sodium for San Luis Obispo Creek (below Osos Street) is an annual mean of 50 mg/L (Table 3-5, Water Quality Control Plan, Central Coastal Basin).",7402,,,365,Mean,F,,Y
3,CAR3102402119980828115513,San Luis Obispo Creek (below Osos Street),San Luis Obispo Creek,180SLO086,San Luis Obispo Creek,Sulfate,,,100,mg/L,WA,"The site specific objective for Sulfate for San Luis Obispo Creek (below Osos Street) is an annual mean of 100 mg/L (Table 3-5, Water Quality Control Plan, Central Coastal Basin).",7402,,,365,Mean,F,,Y
3,CAR3102402119980828115513,San Luis Obispo Creek (below Osos Street),San Luis Obispo Creek,180SLO086,San Luis Obispo Creek,Total Dissolved Solids,,,650,mg/L,WA,"The site specific objective for Total Dissolved Solids for San Luis Obispo Creek (below Osos Street) is an annual mean of 650 mg/L (Table 3-5, Water Quality Control Plan, Central Coastal Basin).",7402,,,365,Mean,F,,Y
3,CAR3102402119980828115513,San Luis Obispo Creek (below Osos Street),San Luis Obispo Creek,310PS0478,San Luis Obispo Creek above S. Higuera St.,Boron,,,0.2,mg/L,AG,"The site specific objective for Boron for San Luis Obispo Creek (below Osos Street) is an annual mean of 0.2 mg/L (Table 3-5, Water Quality Control Plan, Central Coastal Basin).",7402,,,365,Mean,F,,Y
3,CAR3102402119980828115513,San Luis Obispo Creek (below Osos Street),San Luis Obispo Creek,310PS0478,San Luis Obispo Creek above S. Higuera St.,Chloride,,,100,mg/L,WA,"The site specific objective for Chloride for San Luis Obispo Creek (below Osos Street) is an annual mean of 100 mg/L (Table 3-5, Water Quality Control Plan, Central Coastal Basin).",7402,,,365,Mean,F,,Y
3,CAR3102402119980828115513,San Luis Obispo Creek (below Osos Street),San Luis Obispo Creek,310PS0478,San Luis Obispo Creek above S. Higuera St.,Sodium,,,50,mg/L,WA,"The site specific objective for Sodium for San Luis Obispo Creek (below Osos Street) is an annual mean of 50 mg/L (Table 3-5, Water Quality Control Plan, Central Coastal Basin).",7402,,,365,Mean,F,,Y
3,CAR3102402119980828115513,San Luis Obispo Creek (below Osos Street),San Luis Obispo Creek,310PS0478,San Luis Obispo Creek above S. Higuera St.,Sulfate,,,100,mg/L,WA,"The site specific objective for Sulfate for San Luis Obispo Creek (below Osos Street) is an annual mean of 100 mg/L (Table 3-5, Water Quality Control Plan, Central Coastal Basin).",7402,,,365,Mean,F,,Y
3,CAR3102402119980828115513,San Luis Obispo Creek (below Osos Street),San Luis Obispo Creek,310PS0478,San Luis Obispo Creek above S. Higuera St.,Total Dissolved Solids,,,650,mg/L,WA,"The site specific objective for Total Dissolved Solids for San Luis Obispo Creek (below Osos Street) is an annual mean of 650 mg/L (Table 3-5, Water Quality Control Plan, Central Coastal Basin).",7402,,,365,Mean,F,,Y
3,CAR3102402119980828115513,San Luis Obispo Creek (below Osos Street),San Luis Obispo Creek,310SLB,San Luis Obispo Creek at San Luis Bay Drive,Boron,,,0.2,mg/L,AG,"The site specific objective for Boron for San Luis Obispo Creek (below Osos Street) is an annual mean of 0.2 mg/L (Table 3-5, Water Quality Control Plan, Central Coastal Basin).",7402,,,365,Mean,F,,Y
3,CAR3102402119980828115513,San Luis Obispo Creek (below Osos Street),San Luis Obispo Creek,310SLB,San Luis Obispo Creek at San Luis Bay Drive,Chloride,,,100,mg/L,WA,"The site specific objective for Chloride for San Luis Obispo Creek (below Osos Street) is an annual mean of 100 mg/L (Table 3-5, Water Quality Control Plan, Central Coastal Basin).",7402,,,365,Mean,F,,Y
3,CAR3102402119980828115513,San Luis Obispo Creek (below Osos Street),San Luis Obispo Creek,310SLB,San Luis Obispo Creek at San Luis Bay Drive,Sodium,,,50,mg/L,WA,"The site specific objective for Sodium for San Luis Obispo Creek (below Osos Street) is an annual mean of 50 mg/L (Table 3-5, Water Quality Control Plan, Central Coastal Basin).",7402,,,365,Mean,F,,Y
3,CAR3102402119980828115513,San Luis Obispo Creek (below Osos Street),San Luis Obispo Creek,310SLB,San Luis Obispo Creek at San Luis Bay Drive,Sulfate,,,100,mg/L,WA,"The site specific objective for Sulfate for San Luis Obispo Creek (below Osos Street) is an annual mean of 100 mg/L (Table 3-5, Water Quality Control Plan, Central Coastal Basin).",7402,,,365,Mean,F,,Y
3,CAR3102402119980828115513,San Luis Obispo Creek (below Osos Street),San Luis Obispo Creek,310SLB,San Luis Obispo Creek at San Luis Bay Drive,Total Dissolved Solids,,,650,mg/L,WA,"The site specific objective for Total Dissolved Solids for San Luis Obispo Creek (below Osos Street) is an annual mean of 650 mg/L (Table 3-5, Water Quality Control Plan, Central Coastal Basin).",7402,,,365,Mean,F,,Y
3,CAR3102402119980828115513,San Luis Obispo Creek (below Osos Street),San Luis Obispo Creek,310SLM,San Luis Obispo Creek @ Mission Plaza,Boron,,,0.2,mg/L,AG,"The site specific objective for Boron for San Luis Obispo Creek (below Osos Street) is an annual mean of 0.2 mg/L (Table 3-5, Water Quality Control Plan, Central Coastal Basin).",7402,,,365,Mean,F,,Y
3,CAR3102402119980828115513,San Luis Obispo Creek (below Osos Street),San Luis Obispo Creek,310SLM,San Luis Obispo Creek @ Mission Plaza,Chloride,,,100,mg/L,WA,"The site specific objective for Chloride for San Luis Obispo Creek (below Osos Street) is an annual mean of 100 mg/L (Table 3-5, Water Quality Control Plan, Central Coastal Basin).",7402,,,365,Mean,F,,Y
3,CAR3102402119980828115513,San Luis Obispo Creek (below Osos Street),San Luis Obispo Creek,310SLM,San Luis Obispo Creek @ Mission Plaza,Sodium,,,50,mg/L,WA,"The site specific objective for Sodium for San Luis Obispo Creek (below Osos Street) is an annual mean of 50 mg/L (Table 3-5, Water Quality Control Plan, Central Coastal Basin).",7402,,,365,Mean,F,,Y
3,CAR3102402119980828115513,San Luis Obispo Creek (below Osos Street),San Luis Obispo Creek,310SLM,San Luis Obispo Creek @ Mission Plaza,Sulfate,,,100,mg/L,WA,"The site specific objective for Sulfate for San Luis Obispo Creek (below Osos Street) is an annual mean of 100 mg/L (Table 3-5, Water Quality Control Plan, Central Coastal Basin).",7402,,,365,Mean,F,,Y
3,CAR3102402119980828115513,San Luis Obispo Creek (below Osos Street),San Luis Obispo Creek,310SLM,San Luis Obispo Creek @ Mission Plaza,Total Dissolved Solids,,,650,mg/L,WA,"The site specific objective for Total Dissolved Solids for San Luis Obispo Creek (below Osos Street) is an annual mean of 650 mg/L (Table 3-5, Water Quality Control Plan, Central Coastal Basin).",7402,,,365,Mean,F,,Y
3,CAR3102402119980828115513,San Luis Obispo Creek (below Osos Street),San Luis Obispo Creek,310SLOELK,San Luis Obispo Creek at Elks Ln. County Gauge #740,Boron,,,0.2,mg/L,AG,"The site specific objective for Boron for San Luis Obispo Creek (below Osos Street) is an annual mean of 0.2 mg/L (Table 3-5, Water Quality Control Plan, Central Coastal Basin).",7402,,,365,Mean,F,,Y
3,CAR3102402119980828115513,San Luis Obispo Creek (below Osos Street),San Luis Obispo Creek,310SLOELK,San Luis Obispo Creek at Elks Ln. County Gauge #740,Chloride,,,100,mg/L,WA,"The site specific objective for Chloride for San Luis Obispo Creek (below Osos Street) is an annual mean of 100 mg/L (Table 3-5, Water Quality Control Plan, Central Coastal Basin).",7402,,,365,Mean,F,,Y
3,CAR3102402119980828115513,San Luis Obispo Creek (below Osos Street),San Luis Obispo Creek,310SLOELK,San Luis Obispo Creek at Elks Ln. County Gauge #740,Sodium,,,50,mg/L,WA,"The site specific objective for Sodium for San Luis Obispo Creek (below Osos Street) is an annual mean of 50 mg/L (Table 3-5, Water Quality Control Plan, Central Coastal Basin).",7402,,,365,Mean,F,,Y
3,CAR3102402119980828115513,San Luis Obispo Creek (below Osos Street),San Luis Obispo Creek,310SLOELK,San Luis Obispo Creek at Elks Ln. County Gauge #740,Sulfate,,,100,mg/L,WA,"The site specific objective for Sulfate for San Luis Obispo Creek (below Osos Street) is an annual mean of 100 mg/L (Table 3-5, Water Quality Control Plan, Central Coastal Basin).",7402,,,365,Mean,F,,Y
3,CAR3102402119980828115513,San Luis Obispo Creek (below Osos Street),San Luis Obispo Creek,310SLOELK,San Luis Obispo Creek at Elks Ln. County Gauge #740,Total Dissolved Solids,,,650,mg/L,WA,"The site specific objective for Total Dissolved Solids for San Luis Obispo Creek (below Osos Street) is an annual mean of 650 mg/L (Table 3-5, Water Quality Control Plan, Central Coastal Basin).",7402,,,365,Mean,F,,Y
3,CAR3102402119980828115513,San Luis Obispo Creek (below Osos Street),San Luis Obispo Creek,310SLV,San Luis Obispo Ck at Los Osos Valley Road,Boron,,,0.2,mg/L,AG,"The site specific objective for Boron for San Luis Obispo Creek (below Osos Street) is an annual mean of 0.2 mg/L (Table 3-5, Water Quality Control Plan, Central Coastal Basin).",7402,,,365,Mean,F,,Y
3,CAR3102402119980828115513,San Luis Obispo Creek (below Osos Street),San Luis Obispo Creek,310SLV,San Luis Obispo Ck at Los Osos Valley Road,Chloride,,,100,mg/L,WA,"The site specific objective for Chloride for San Luis Obispo Creek (below Osos Street) is an annual mean of 100 mg/L (Table 3-5, Water Quality Control Plan, Central Coastal Basin).",7402,,,365,Mean,F,,Y
3,CAR3102402119980828115513,San Luis Obispo Creek (below Osos Street),San Luis Obispo Creek,310SLV,San Luis Obispo Ck at Los Osos Valley Road,Sodium,,,50,mg/L,WA,"The site specific objective for Sodium for San Luis Obispo Creek (below Osos Street) is an annual mean of 50 mg/L (Table 3-5, Water Quality Control Plan, Central Coastal Basin).",7402,,,365,Mean,F,,Y
3,CAR3102402119980828115513,San Luis Obispo Creek (below Osos Street),San Luis Obispo Creek,310SLV,San Luis Obispo Ck at Los Osos Valley Road,Sulfate,,,100,mg/L,WA,"The site specific objective for Sulfate for San Luis Obispo Creek (below Osos Street) is an annual mean of 100 mg/L (Table 3-5, Water Quality Control Plan, Central Coastal Basin).",7402,,,365,Mean,F,,Y
3,CAR3102402119980828115513,San Luis Obispo Creek (below Osos Street),San Luis Obispo Creek,310SLV,San Luis Obispo Ck at Los Osos Valley Road,Total Dissolved Solids,,,650,mg/L,WA,"The site specific objective for Total Dissolved Solids for San Luis Obispo Creek (below Osos Street) is an annual mean of 650 mg/L (Table 3-5, Water Quality Control Plan, Central Coastal Basin).",7402,,,365,Mean,F,,Y
3,CAR3102402119980828115513,San Luis Obispo Creek (below Osos Street),San Luis Obispo Creek,310SLVUS,San Luis Obispo Ck upstream of Los Osos Valley Road Bridge,Boron,,,0.2,mg/L,AG,"The site specific objective for Boron for San Luis Obispo Creek (below Osos Street) is an annual mean of 0.2 mg/L (Table 3-5, Water Quality Control Plan, Central Coastal Basin).",7402,,,365,Mean,F,,Y
3,CAR3102402119980828115513,San Luis Obispo Creek (below Osos Street),San Luis Obispo Creek,310SLVUS,San Luis Obispo Ck upstream of Los Osos Valley Road Bridge,Chloride,,,100,mg/L,WA,"The site specific objective for Chloride for San Luis Obispo Creek (below Osos Street) is an annual mean of 100 mg/L (Table 3-5, Water Quality Control Plan, Central Coastal Basin).",7402,,,365,Mean,F,,Y
3,CAR3102402119980828115513,San Luis Obispo Creek (below Osos Street),San Luis Obispo Creek,310SLVUS,San Luis Obispo Ck upstream of Los Osos Valley Road Bridge,Sodium,,,50,mg/L,WA,"The site specific objective for Sodium for San Luis Obispo Creek (below Osos Street) is an annual mean of 50 mg/L (Table 3-5, Water Quality Control Plan, Central Coastal Basin).",7402,,,365,Mean,F,,Y
3,CAR3102402119980828115513,San Luis Obispo Creek (below Osos Street),San Luis Obispo Creek,310SLVUS,San Luis Obispo Ck upstream of Los Osos Valley Road Bridge,Sulfate,,,100,mg/L,WA,"The site specific objective for Sulfate for San Luis Obispo Creek (below Osos Street) is an annual mean of 100 mg/L (Table 3-5, Water Quality Control Plan, Central Coastal Basin).",7402,,,365,Mean,F,,Y
3,CAR3102402119980828115513,San Luis Obispo Creek (below Osos Street),San Luis Obispo Creek,310SLVUS,San Luis Obispo Ck upstream of Los Osos Valley Road Bridge,Total Dissolved Solids,,,650,mg/L,WA,"The site specific objective for Total Dissolved Solids for San Luis Obispo Creek (below Osos Street) is an annual mean of 650 mg/L (Table 3-5, Water Quality Control Plan, Central Coastal Basin).",7402,,,365,Mean,F,,Y
3,CAR3102402119980828115513,San Luis Obispo Creek (below Osos Street),San Luis Obispo Creek,310ST1538,San Luis Obispo Creek/d/s SLO-310ST1538,Boron,,,0.2,mg/L,AG,"The site specific objective for Boron for San Luis Obispo Creek (below Osos Street) is an annual mean of 0.2 mg/L (Table 3-5, Water Quality Control Plan, Central Coastal Basin).",7402,,,365,Mean,F,,Y
3,CAR3102402119980828115513,San Luis Obispo Creek (below Osos Street),San Luis Obispo Creek,310ST1538,San Luis Obispo Creek/d/s SLO-310ST1538,Chloride,,,100,mg/L,WA,"The site specific objective for Chloride for San Luis Obispo Creek (below Osos Street) is an annual mean of 100 mg/L (Table 3-5, Water Quality Control Plan, Central Coastal Basin).",7402,,,365,Mean,F,,Y
3,CAR3102402119980828115513,San Luis Obispo Creek (below Osos Street),San Luis Obispo Creek,310ST1538,San Luis Obispo Creek/d/s SLO-310ST1538,Sodium,,,50,mg/L,WA,"The site specific objective for Sodium for San Luis Obispo Creek (below Osos Street) is an annual mean of 50 mg/L (Table 3-5, Water Quality Control Plan, Central Coastal Basin).",7402,,,365,Mean,F,,Y
3,CAR3102402119980828115513,San Luis Obispo Creek (below Osos Street),San Luis Obispo Creek,310ST1538,San Luis Obispo Creek/d/s SLO-310ST1538,Sulfate,,,100,mg/L,WA,"The site specific objective for Sulfate for San Luis Obispo Creek (below Osos Street) is an annual mean of 100 mg/L (Table 3-5, Water Quality Control Plan, Central Coastal Basin).",7402,,,365,Mean,F,,Y
3,CAR3102402119980828115513,San Luis Obispo Creek (below Osos Street),San Luis Obispo Creek,310ST1538,San Luis Obispo Creek/d/s SLO-310ST1538,Total Dissolved Solids,,,650,mg/L,WA,"The site specific objective for Total Dissolved Solids for San Luis Obispo Creek (below Osos Street) is an annual mean of 650 mg/L (Table 3-5, Water Quality Control Plan, Central Coastal Basin).",7402,,,365,Mean,F,,Y
3,CAR3102402119980828115513,San Luis Obispo Creek (below Osos Street),San Luis Obispo Creek,601879,RSW-004,Boron,,,0.2,mg/L,AG,"The site specific objective for Boron for San Luis Obispo Creek (below Osos Street) is an annual mean of 0.2 mg/L (Table 3-5, Water Quality Control Plan, Central Coastal Basin).",7402,,,365,Mean,F,,Y
3,CAR3102402119980828115513,San Luis Obispo Creek (below Osos Street),San Luis Obispo Creek,601879,RSW-004,Chloride,,,100,mg/L,WA,"The site specific objective for Chloride for San Luis Obispo Creek (below Osos Street) is an annual mean of 100 mg/L (Table 3-5, Water Quality Control Plan, Central Coastal Basin).",7402,,,365,Mean,F,,Y
3,CAR3102402119980828115513,San Luis Obispo Creek (below Osos Street),San Luis Obispo Creek,601879,RSW-004,Sodium,,,50,mg/L,WA,"The site specific objective for Sodium for San Luis Obispo Creek (below Osos Street) is an annual mean of 50 mg/L (Table 3-5, Water Quality Control Plan, Central Coastal Basin).",7402,,,365,Mean,F,,Y
3,CAR3102402119980828115513,San Luis Obispo Creek (below Osos Street),San Luis Obispo Creek,601879,RSW-004,Sulfate,,,100,mg/L,WA,"The site specific objective for Sulfate for San Luis Obispo Creek (below Osos Street) is an annual mean of 100 mg/L (Table 3-5, Water Quality Control Plan, Central Coastal Basin).",7402,,,365,Mean,F,,Y
3,CAR3102402119980828115513,San Luis Obispo Creek (below Osos Street),San Luis Obispo Creek,601879,RSW-004,Total Dissolved Solids,,,650,mg/L,WA,"The site specific objective for Total Dissolved Solids for San Luis Obispo Creek (below Osos Street) is an annual mean of 650 mg/L (Table 3-5, Water Quality Control Plan, Central Coastal Basin).",7402,,,365,Mean,F,,Y
3,CAR3102402119980828115513,San Luis Obispo Creek (below Osos Street),San Luis Obispo Creek,601880,RSW-005,Boron,,,0.2,mg/L,AG,"The site specific objective for Boron for San Luis Obispo Creek (below Osos Street) is an annual mean of 0.2 mg/L (Table 3-5, Water Quality Control Plan, Central Coastal Basin).",7402,,,365,Mean,F,,Y
3,CAR3102402119980828115513,San Luis Obispo Creek (below Osos Street),San Luis Obispo Creek,601880,RSW-005,Chloride,,,100,mg/L,WA,"The site specific objective for Chloride for San Luis Obispo Creek (below Osos Street) is an annual mean of 100 mg/L (Table 3-5, Water Quality Control Plan, Central Coastal Basin).",7402,,,365,Mean,F,,Y
3,CAR3102402119980828115513,San Luis Obispo Creek (below Osos Street),San Luis Obispo Creek,601880,RSW-005,Sodium,,,50,mg/L,WA,"The site specific objective for Sodium for San Luis Obispo Creek (below Osos Street) is an annual mean of 50 mg/L (Table 3-5, Water Quality Control Plan, Central Coastal Basin).",7402,,,365,Mean,F,,Y
3,CAR3102402119980828115513,San Luis Obispo Creek (below Osos Street),San Luis Obispo Creek,601880,RSW-005,Sulfate,,,100,mg/L,WA,"The site specific objective for Sulfate for San Luis Obispo Creek (below Osos Street) is an annual mean of 100 mg/L (Table 3-5, Water Quality Control Plan, Central Coastal Basin).",7402,,,365,Mean,F,,Y
3,CAR3102402119980828115513,San Luis Obispo Creek (below Osos Street),San Luis Obispo Creek,601880,RSW-005,Total Dissolved Solids,,,650,mg/L,WA,"The site specific objective for Total Dissolved Solids for San Luis Obispo Creek (below Osos Street) is an annual mean of 650 mg/L (Table 3-5, Water Quality Control Plan, Central Coastal Basin).",7402,,,365,Mean,F,,Y
3,CAR3102402119980828115513,San Luis Obispo Creek (below Osos Street),San Luis Obispo Creek,601881,RSW-007,Boron,,,0.2,mg/L,AG,"The site specific objective for Boron for San Luis Obispo Creek (below Osos Street) is an annual mean of 0.2 mg/L (Table 3-5, Water Quality Control Plan, Central Coastal Basin).",7402,,,365,Mean,F,,Y
3,CAR3102402119980828115513,San Luis Obispo Creek (below Osos Street),San Luis Obispo Creek,601881,RSW-007,Chloride,,,100,mg/L,WA,"The site specific objective for Chloride for San Luis Obispo Creek (below Osos Street) is an annual mean of 100 mg/L (Table 3-5, Water Quality Control Plan, Central Coastal Basin).",7402,,,365,Mean,F,,Y
3,CAR3102402119980828115513,San Luis Obispo Creek (below Osos Street),San Luis Obispo Creek,601881,RSW-007,Sodium,,,50,mg/L,WA,"The site specific objective for Sodium for San Luis Obispo Creek (below Osos Street) is an annual mean of 50 mg/L (Table 3-5, Water Quality Control Plan, Central Coastal Basin).",7402,,,365,Mean,F,,Y
3,CAR3102402119980828115513,San Luis Obispo Creek (below Osos Street),San Luis Obispo Creek,601881,RSW-007,Sulfate,,,100,mg/L,WA,"The site specific objective for Sulfate for San Luis Obispo Creek (below Osos Street) is an annual mean of 100 mg/L (Table 3-5, Water Quality Control Plan, Central Coastal Basin).",7402,,,365,Mean,F,,Y
3,CAR3102402119980828115513,San Luis Obispo Creek (below Osos Street),San Luis Obispo Creek,601881,RSW-007,Total Dissolved Solids,,,650,mg/L,WA,"The site specific objective for Total Dissolved Solids for San Luis Obispo Creek (below Osos Street) is an annual mean of 650 mg/L (Table 3-5, Water Quality Control Plan, Central Coastal Basin).",7402,,,365,Mean,F,,Y
3,CAR3102402119980828115513,San Luis Obispo Creek (below Osos Street),San Luis Obispo Creek,601882,RSW-008,Boron,,,0.2,mg/L,AG,"The site specific objective for Boron for San Luis Obispo Creek (below Osos Street) is an annual mean of 0.2 mg/L (Table 3-5, Water Quality Control Plan, Central Coastal Basin).",7402,,,365,Mean,F,,Y
3,CAR3102402119980828115513,San Luis Obispo Creek (below Osos Street),San Luis Obispo Creek,601882,RSW-008,Chloride,,,100,mg/L,WA,"The site specific objective for Chloride for San Luis Obispo Creek (below Osos Street) is an annual mean of 100 mg/L (Table 3-5, Water Quality Control Plan, Central Coastal Basin).",7402,,,365,Mean,F,,Y
3,CAR3102402119980828115513,San Luis Obispo Creek (below Osos Street),San Luis Obispo Creek,601882,RSW-008,Sodium,,,50,mg/L,WA,"The site specific objective for Sodium for San Luis Obispo Creek (below Osos Street) is an annual mean of 50 mg/L (Table 3-5, Water Quality Control Plan, Central Coastal Basin).",7402,,,365,Mean,F,,Y
3,CAR3102402119980828115513,San Luis Obispo Creek (below Osos Street),San Luis Obispo Creek,601882,RSW-008,Sulfate,,,100,mg/L,WA,"The site specific objective for Sulfate for San Luis Obispo Creek (below Osos Street) is an annual mean of 100 mg/L (Table 3-5, Water Quality Control Plan, Central Coastal Basin).",7402,,,365,Mean,F,,Y
3,CAR3102402119980828115513,San Luis Obispo Creek (below Osos Street),San Luis Obispo Creek,601882,RSW-008,Total Dissolved Solids,,,650,mg/L,WA,"The site specific objective for Total Dissolved Solids for San Luis Obispo Creek (below Osos Street) is an annual mean of 650 mg/L (Table 3-5, Water Quality Control Plan, Central Coastal Basin).",7402,,,365,Mean,F,,Y
3,CAR3102402119980828115513,San Luis Obispo Creek (below Osos Street),San Luis Obispo Creek,USGS-351436120405201,SAN LUIS OBISPO C A LOS OSOS VLY RD NR SAN LUIS OB,Boron,,,0.2,mg/L,AG,"The site specific objective for Boron for San Luis Obispo Creek (below Osos Street) is an annual mean of 0.2 mg/L (Table 3-5, Water Quality Control Plan, Central Coastal Basin).",7402,,,365,Mean,F,,Y
3,CAR3102402119980828115513,San Luis Obispo Creek (below Osos Street),San Luis Obispo Creek,USGS-351436120405201,SAN LUIS OBISPO C A LOS OSOS VLY RD NR SAN LUIS OB,Chloride,,,100,mg/L,WA,"The site specific objective for Chloride for San Luis Obispo Creek (below Osos Street) is an annual mean of 100 mg/L (Table 3-5, Water Quality Control Plan, Central Coastal Basin).",7402,,,365,Mean,F,,Y
3,CAR3102402119980828115513,San Luis Obispo Creek (below Osos Street),San Luis Obispo Creek,USGS-351436120405201,SAN LUIS OBISPO C A LOS OSOS VLY RD NR SAN LUIS OB,Sodium,,,50,mg/L,WA,"The site specific objective for Sodium for San Luis Obispo Creek (below Osos Street) is an annual mean of 50 mg/L (Table 3-5, Water Quality Control Plan, Central Coastal Basin).",7402,,,365,Mean,F,,Y
3,CAR3102402119980828115513,San Luis Obispo Creek (below Osos Street),San Luis Obispo Creek,USGS-351436120405201,SAN LUIS OBISPO C A LOS OSOS VLY RD NR SAN LUIS OB,Sulfate,,,100,mg/L,WA,"The site specific objective for Sulfate for San Luis Obispo Creek (below Osos Street) is an annual mean of 100 mg/L (Table 3-5, Water Quality Control Plan, Central Coastal Basin).",7402,,,365,Mean,F,,Y
3,CAR3102402119980828115513,San Luis Obispo Creek (below Osos Street),San Luis Obispo Creek,USGS-351436120405201,SAN LUIS OBISPO C A LOS OSOS VLY RD NR SAN LUIS OB,Total Dissolved Solids,,,650,mg/L,WA,"The site specific objective for Total Dissolved Solids for San Luis Obispo Creek (below Osos Street) is an annual mean of 650 mg/L (Table 3-5, Water Quality Control Plan, Central Coastal Basin).",7402,,,365,Mean,F,,Y
3,CAR3103101320080611165311,Arroyo Grande Creek (above Lopez Lake),Arroyo Grande Creek,,,Boron,,,0.2,mg/L,AG,"The site specific objective for Boron for Arroyo Grande Creek (above Lopez Lake) is an annual mean of 0.2 mg/L (Table 3-5, Water Quality Control Plan, Central Coastal Basin).",7402,,,365,Mean,F,,Y
3,CAR3103101320080611165311,Arroyo Grande Creek (above Lopez Lake),Arroyo Grande Creek,,,Chloride,,,50,mg/L,WA,"The site specific objective for Chloride for Arroyo Grande Creek (above Lopez Lake) is an annual mean of 50 mg/L (Table 3-5, Water Quality Control Plan, Central Coastal Basin).",7402,,,365,Mean,F,,Y
3,CAR3103101320080611165311,Arroyo Grande Creek (above Lopez Lake),Arroyo Grande Creek,,,Sodium,,,50,mg/L,WA,"The site specific objective for Sodium for Arroyo Grande Creek (above Lopez Lake) is an annual mean of 50 mg/L (Table 3-5, Water Quality Control Plan, Central Coastal Basin).",7402,,,365,Mean,F,,Y
3,CAR3103101320080611165311,Arroyo Grande Creek (above Lopez Lake),Arroyo Grande Creek,,,Sulfate,,,200,mg/L,WA,"The site specific objective for Sulfate for Arroyo Grande Creek (above Lopez Lake) is an annual mean of 200 mg/L (Table 3-5, Water Quality Control Plan, Central Coastal Basin).",7402,,,365,Mean,F,,Y
3,CAR3103101320080611165311,Arroyo Grande Creek (above Lopez Lake),Arroyo Grande Creek,,,Total Dissolved Solids,,,800,mg/L,WA,"The site specific objective for Total Dissolved Solids for Arroyo Grande Creek (above Lopez Lake) is an annual mean of 800 mg/L (Table 3-5, Water Quality Control Plan, Central Coastal Basin).",7402,,,365,Mean,F,,Y
3,CAR3103101419980804113947,Arroyo Grande Creek (below Lopez Lake),Arroyo Grande Creek,310-ARROY-41,Arroyo del Puerto at bridge in San Simeon,Boron,,,0.2,mg/L,AG,"The site specific objective for Boron for Arroyo Grande Creek (below Lopez Lake) is an annual mean of 0.2 mg/L (Table 3-5, Water Quality Control Plan, Central Coastal Basin).",7402,,,365,Mean,F,,Y
3,CAR3103101419980804113947,Arroyo Grande Creek (below Lopez Lake),Arroyo Grande Creek,310-ARROY-41,Arroyo del Puerto at bridge in San Simeon,Chloride,,,50,mg/L,WA,"The site specific objective for Chloride for Arroyo Grande Creek (below Lopez Lake) is an annual mean of 50 mg/L (Table 3-5, Water Quality Control Plan, Central Coastal Basin).",7402,,,365,Mean,F,,Y
3,CAR3103101419980804113947,Arroyo Grande Creek (below Lopez Lake),Arroyo Grande Creek,310-ARROY-41,Arroyo del Puerto at bridge in San Simeon,Sodium,,,50,mg/L,WA,"The site specific objective for Sodium for Arroyo Grande Creek (below Lopez Lake) is an annual mean of 50 mg/L (Table 3-5, Water Quality Control Plan, Central Coastal Basin).",7402,,,365,Mean,F,,Y
3,CAR3103101419980804113947,Arroyo Grande Creek (below Lopez Lake),Arroyo Grande Creek,310-ARROY-41,Arroyo del Puerto at bridge in San Simeon,Sulfate,,,200,mg/L,WA,"The site specific objective for Sulfate for Arroyo Grande Creek (below Lopez Lake) is an annual mean of 200 mg/L (Table 3-5, Water Quality Control Plan, Central Coastal Basin).",7402,,,365,Mean,F,,Y
3,CAR3103101419980804113947,Arroyo Grande Creek (below Lopez Lake),Arroyo Grande Creek,310-ARROY-41,Arroyo del Puerto at bridge in San Simeon,Total Dissolved Solids,,,800,mg/L,WA,"The site specific objective for Total Dissolved Solids for Arroyo Grande Creek (below Lopez Lake) is an annual mean of 800 mg/L (Table 3-5, Water Quality Control Plan, Central Coastal Basin).",7402,,,365,Mean,F,,Y
3,CAR3103101419980804113947,Arroyo Grande Creek (below Lopez Lake),Arroyo Grande Creek,310AGB,Arroyo Grande at Bittle Park,Boron,,,0.2,mg/L,AG,"The site specific objective for Boron for Arroyo Grande Creek (below Lopez Lake) is an annual mean of 0.2 mg/L (Table 3-5, Water Quality Control Plan, Central Coastal Basin).",7402,,,365,Mean,F,,Y
3,CAR3103101419980804113947,Arroyo Grande Creek (below Lopez Lake),Arroyo Grande Creek,310AGB,Arroyo Grande at Bittle Park,Chloride,,,50,mg/L,WA,"The site specific objective for Chloride for Arroyo Grande Creek (below Lopez Lake) is an annual mean of 50 mg/L (Table 3-5, Water Quality Control Plan, Central Coastal Basin).",7402,,,365,Mean,F,,Y
3,CAR3103101419980804113947,Arroyo Grande Creek (below Lopez Lake),Arroyo Grande Creek,310AGB,Arroyo Grande at Bittle Park,Sodium,,,50,mg/L,WA,"The site specific objective for Sodium for Arroyo Grande Creek (below Lopez Lake) is an annual mean of 50 mg/L (Table 3-5, Water Quality Control Plan, Central Coastal Basin).",7402,,,365,Mean,F,,Y
3,CAR3103101419980804113947,Arroyo Grande Creek (below Lopez Lake),Arroyo Grande Creek,310AGB,Arroyo Grande at Bittle Park,Sulfate,,,200,mg/L,WA,"The site specific objective for Sulfate for Arroyo Grande Creek (below Lopez Lake) is an annual mean of 200 mg/L (Table 3-5, Water Quality Control Plan, Central Coastal Basin).",7402,,,365,Mean,F,,Y
3,CAR3103101419980804113947,Arroyo Grande Creek (below Lopez Lake),Arroyo Grande Creek,310AGB,Arroyo Grande at Bittle Park,Total Dissolved Solids,,,800,mg/L,WA,"The site specific objective for Total Dissolved Solids for Arroyo Grande Creek (below Lopez Lake) is an annual mean of 800 mg/L (Table 3-5, Water Quality Control Plan, Central Coastal Basin).",7402,,,365,Mean,F,,Y
3,CAR3103101419980804113947,Arroyo Grande Creek (below Lopez Lake),Arroyo Grande Creek,310AGCECC,Arroyo Grande Creek at Cecchetti Rd. County Gauge #735,Boron,,,0.2,mg/L,AG,"The site specific objective for Boron for Arroyo Grande Creek (below Lopez Lake) is an annual mean of 0.2 mg/L (Table 3-5, Water Quality Control Plan, Central Coastal Basin).",7402,,,365,Mean,F,,Y
3,CAR3103101419980804113947,Arroyo Grande Creek (below Lopez Lake),Arroyo Grande Creek,310AGCECC,Arroyo Grande Creek at Cecchetti Rd. County Gauge #735,Chloride,,,50,mg/L,WA,"The site specific objective for Chloride for Arroyo Grande Creek (below Lopez Lake) is an annual mean of 50 mg/L (Table 3-5, Water Quality Control Plan, Central Coastal Basin).",7402,,,365,Mean,F,,Y
3,CAR3103101419980804113947,Arroyo Grande Creek (below Lopez Lake),Arroyo Grande Creek,310AGCECC,Arroyo Grande Creek at Cecchetti Rd. County Gauge #735,Sodium,,,50,mg/L,WA,"The site specific objective for Sodium for Arroyo Grande Creek (below Lopez Lake) is an annual mean of 50 mg/L (Table 3-5, Water Quality Control Plan, Central Coastal Basin).",7402,,,365,Mean,F,,Y
3,CAR3103101419980804113947,Arroyo Grande Creek (below Lopez Lake),Arroyo Grande Creek,310AGCECC,Arroyo Grande Creek at Cecchetti Rd. County Gauge #735,Sulfate,,,200,mg/L,WA,"The site specific objective for Sulfate for Arroyo Grande Creek (below Lopez Lake) is an annual mean of 200 mg/L (Table 3-5, Water Quality Control Plan, Central Coastal Basin).",7402,,,365,Mean,F,,Y
3,CAR3103101419980804113947,Arroyo Grande Creek (below Lopez Lake),Arroyo Grande Creek,310AGCECC,Arroyo Grande Creek at Cecchetti Rd. County Gauge #735,Total Dissolved Solids,,,800,mg/L,WA,"The site specific objective for Total Dissolved Solids for Arroyo Grande Creek (below Lopez Lake) is an annual mean of 800 mg/L (Table 3-5, Water Quality Control Plan, Central Coastal Basin).",7402,,,365,Mean,F,,Y
3,CAR3103101419980804113947,Arroyo Grande Creek (below Lopez Lake),Arroyo Grande Creek,310AGF,Arroyo Grande at Fair Oaks Bridge,Boron,,,0.2,mg/L,AG,"The site specific objective for Boron for Arroyo Grande Creek (below Lopez Lake) is an annual mean of 0.2 mg/L (Table 3-5, Water Quality Control Plan, Central Coastal Basin).",7402,,,365,Mean,F,,Y
3,CAR3103101419980804113947,Arroyo Grande Creek (below Lopez Lake),Arroyo Grande Creek,310AGF,Arroyo Grande at Fair Oaks Bridge,Chloride,,,50,mg/L,WA,"The site specific objective for Chloride for Arroyo Grande Creek (below Lopez Lake) is an annual mean of 50 mg/L (Table 3-5, Water Quality Control Plan, Central Coastal Basin).",7402,,,365,Mean,F,,Y
3,CAR3103101419980804113947,Arroyo Grande Creek (below Lopez Lake),Arroyo Grande Creek,310AGF,Arroyo Grande at Fair Oaks Bridge,Sodium,,,50,mg/L,WA,"The site specific objective for Sodium for Arroyo Grande Creek (below Lopez Lake) is an annual mean of 50 mg/L (Table 3-5, Water Quality Control Plan, Central Coastal Basin).",7402,,,365,Mean,F,,Y
3,CAR3103101419980804113947,Arroyo Grande Creek (below Lopez Lake),Arroyo Grande Creek,310AGF,Arroyo Grande at Fair Oaks Bridge,Sulfate,,,200,mg/L,WA,"The site specific objective for Sulfate for Arroyo Grande Creek (below Lopez Lake) is an annual mean of 200 mg/L (Table 3-5, Water Quality Control Plan, Central Coastal Basin).",7402,,,365,Mean,F,,Y
3,CAR3103101419980804113947,Arroyo Grande Creek (below Lopez Lake),Arroyo Grande Creek,310AGF,Arroyo Grande at Fair Oaks Bridge,Total Dissolved Solids,,,800,mg/L,WA,"The site specific objective for Total Dissolved Solids for Arroyo Grande Creek (below Lopez Lake) is an annual mean of 800 mg/L (Table 3-5, Water Quality Control Plan, Central Coastal Basin).",7402,,,365,Mean,F,,Y
3,CAR3103101419980804113947,Arroyo Grande Creek (below Lopez Lake),Arroyo Grande Creek,310AGR,Arroyo Grande Creek Lagoon,Boron,,,0.2,mg/L,AG,"The site specific objective for Boron for Arroyo Grande Creek (below Lopez Lake) is an annual mean of 0.2 mg/L (Table 3-5, Water Quality Control Plan, Central Coastal Basin).",7402,,,365,Mean,F,,Y
3,CAR3103101419980804113947,Arroyo Grande Creek (below Lopez Lake),Arroyo Grande Creek,310AGR,Arroyo Grande Creek Lagoon,Chloride,,,50,mg/L,WA,"The site specific objective for Chloride for Arroyo Grande Creek (below Lopez Lake) is an annual mean of 50 mg/L (Table 3-5, Water Quality Control Plan, Central Coastal Basin).",7402,,,365,Mean,F,,Y
3,CAR3103101419980804113947,Arroyo Grande Creek (below Lopez Lake),Arroyo Grande Creek,310AGR,Arroyo Grande Creek Lagoon,Sodium,,,50,mg/L,WA,"The site specific objective for Sodium for Arroyo Grande Creek (below Lopez Lake) is an annual mean of 50 mg/L (Table 3-5, Water Quality Control Plan, Central Coastal Basin).",7402,,,365,Mean,F,,Y
3,CAR3103101419980804113947,Arroyo Grande Creek (below Lopez Lake),Arroyo Grande Creek,310AGR,Arroyo Grande Creek Lagoon,Sulfate,,,200,mg/L,WA,"The site specific objective for Sulfate for Arroyo Grande Creek (below Lopez Lake) is an annual mean of 200 mg/L (Table 3-5, Water Quality Control Plan, Central Coastal Basin).",7402,,,365,Mean,F,,Y
3,CAR3103101419980804113947,Arroyo Grande Creek (below Lopez Lake),Arroyo Grande Creek,310AGR,Arroyo Grande Creek Lagoon,Total Dissolved Solids,,,800,mg/L,WA,"The site specific objective for Total Dissolved Solids for Arroyo Grande Creek (below Lopez Lake) is an annual mean of 800 mg/L (Table 3-5, Water Quality Control Plan, Central Coastal Basin).",7402,,,365,Mean,F,,Y
3,CAR3103101419980804113947,Arroyo Grande Creek (below Lopez Lake),Arroyo Grande Creek,310AGS,Arroyo Grande Creek @ Strother Park,Boron,,,0.2,mg/L,AG,"The site specific objective for Boron for Arroyo Grande Creek (below Lopez Lake) is an annual mean of 0.2 mg/L (Table 3-5, Water Quality Control Plan, Central Coastal Basin).",7402,,,365,Mean,F,,Y
3,CAR3103101419980804113947,Arroyo Grande Creek (below Lopez Lake),Arroyo Grande Creek,310AGS,Arroyo Grande Creek @ Strother Park,Chloride,,,50,mg/L,WA,"The site specific objective for Chloride for Arroyo Grande Creek (below Lopez Lake) is an annual mean of 50 mg/L (Table 3-5, Water Quality Control Plan, Central Coastal Basin).",7402,,,365,Mean,F,,Y
3,CAR3103101419980804113947,Arroyo Grande Creek (below Lopez Lake),Arroyo Grande Creek,310AGS,Arroyo Grande Creek @ Strother Park,Sodium,,,50,mg/L,WA,"The site specific objective for Sodium for Arroyo Grande Creek (below Lopez Lake) is an annual mean of 50 mg/L (Table 3-5, Water Quality Control Plan, Central Coastal Basin).",7402,,,365,Mean,F,,Y
3,CAR3103101419980804113947,Arroyo Grande Creek (below Lopez Lake),Arroyo Grande Creek,310AGS,Arroyo Grande Creek @ Strother Park,Sulfate,,,200,mg/L,WA,"The site specific objective for Sulfate for Arroyo Grande Creek (below Lopez Lake) is an annual mean of 200 mg/L (Table 3-5, Water Quality Control Plan, Central Coastal Basin).",7402,,,365,Mean,F,,Y
3,CAR3103101419980804113947,Arroyo Grande Creek (below Lopez Lake),Arroyo Grande Creek,310AGS,Arroyo Grande Creek @ Strother Park,Total Dissolved Solids,,,800,mg/L,WA,"The site specific objective for Total Dissolved Solids for Arroyo Grande Creek (below Lopez Lake) is an annual mean of 800 mg/L (Table 3-5, Water Quality Control Plan, Central Coastal Basin).",7402,,,365,Mean,F,,Y
3,CAR3103101419980804113947,Arroyo Grande Creek (below Lopez Lake),Arroyo Grande Creek,310AGV,Arroyo Grande Creek,Boron,,,0.2,mg/L,AG,"The site specific objective for Boron for Arroyo Grande Creek (below Lopez Lake) is an annual mean of 0.2 mg/L (Table 3-5, Water Quality Control Plan, Central Coastal Basin).",7402,,,365,Mean,F,,Y
3,CAR3103101419980804113947,Arroyo Grande Creek (below Lopez Lake),Arroyo Grande Creek,310AGV,Arroyo Grande Creek,Chloride,,,50,mg/L,WA,"The site specific objective for Chloride for Arroyo Grande Creek (below Lopez Lake) is an annual mean of 50 mg/L (Table 3-5, Water Quality Control Plan, Central Coastal Basin).",7402,,,365,Mean,F,,Y
3,CAR3103101419980804113947,Arroyo Grande Creek (below Lopez Lake),Arroyo Grande Creek,310AGV,Arroyo Grande Creek,Sodium,,,50,mg/L,WA,"The site specific objective for Sodium for Arroyo Grande Creek (below Lopez Lake) is an annual mean of 50 mg/L (Table 3-5, Water Quality Control Plan, Central Coastal Basin).",7402,,,365,Mean,F,,Y
3,CAR3103101419980804113947,Arroyo Grande Creek (below Lopez Lake),Arroyo Grande Creek,310AGV,Arroyo Grande Creek,Sulfate,,,200,mg/L,WA,"The site specific objective for Sulfate for Arroyo Grande Creek (below Lopez Lake) is an annual mean of 200 mg/L (Table 3-5, Water Quality Control Plan, Central Coastal Basin).",7402,,,365,Mean,F,,Y
3,CAR3103101419980804113947,Arroyo Grande Creek (below Lopez Lake),Arroyo Grande Creek,310AGV,Arroyo Grande Creek,Total Dissolved Solids,,,800,mg/L,WA,"The site specific objective for Total Dissolved Solids for Arroyo Grande Creek (below Lopez Lake) is an annual mean of 800 mg/L (Table 3-5, Water Quality Control Plan, Central Coastal Basin).",7402,,,365,Mean,F,,Y
3,CAR3103101419980804113947,Arroyo Grande Creek (below Lopez Lake),Arroyo Grande Creek,310ARG,Arroyo Grande Creek at 22nd Street,Boron,,,0.2,mg/L,AG,"The site specific objective for Boron for Arroyo Grande Creek (below Lopez Lake) is an annual mean of 0.2 mg/L (Table 3-5, Water Quality Control Plan, Central Coastal Basin).",7402,,,365,Mean,F,,Y
3,CAR3103101419980804113947,Arroyo Grande Creek (below Lopez Lake),Arroyo Grande Creek,310ARG,Arroyo Grande Creek at 22nd Street,Chloride,,,50,mg/L,WA,"The site specific objective for Chloride for Arroyo Grande Creek (below Lopez Lake) is an annual mean of 50 mg/L (Table 3-5, Water Quality Control Plan, Central Coastal Basin).",7402,,,365,Mean,F,,Y
3,CAR3103101419980804113947,Arroyo Grande Creek (below Lopez Lake),Arroyo Grande Creek,310ARG,Arroyo Grande Creek at 22nd Street,Sodium,,,50,mg/L,WA,"The site specific objective for Sodium for Arroyo Grande Creek (below Lopez Lake) is an annual mean of 50 mg/L (Table 3-5, Water Quality Control Plan, Central Coastal Basin).",7402,,,365,Mean,F,,Y
3,CAR3103101419980804113947,Arroyo Grande Creek (below Lopez Lake),Arroyo Grande Creek,310ARG,Arroyo Grande Creek at 22nd Street,Sulfate,,,200,mg/L,WA,"The site specific objective for Sulfate for Arroyo Grande Creek (below Lopez Lake) is an annual mean of 200 mg/L (Table 3-5, Water Quality Control Plan, Central Coastal Basin).",7402,,,365,Mean,F,,Y
3,CAR3103101419980804113947,Arroyo Grande Creek (below Lopez Lake),Arroyo Grande Creek,310ARG,Arroyo Grande Creek at 22nd Street,Total Dissolved Solids,,,800,mg/L,WA,"The site specific objective for Total Dissolved Solids for Arroyo Grande Creek (below Lopez Lake) is an annual mean of 800 mg/L (Table 3-5, Water Quality Control Plan, Central Coastal Basin).",7402,,,365,Mean,F,,Y
3,CAR3103101419980804113947,Arroyo Grande Creek (below Lopez Lake),Arroyo Grande Creek,310PS0062,Arroyo Grande Creek ~0.75mi above Hwy 1,Boron,,,0.2,mg/L,AG,"The site specific objective for Boron for Arroyo Grande Creek (below Lopez Lake) is an annual mean of 0.2 mg/L (Table 3-5, Water Quality Control Plan, Central Coastal Basin).",7402,,,365,Mean,F,,Y
3,CAR3103101419980804113947,Arroyo Grande Creek (below Lopez Lake),Arroyo Grande Creek,310PS0062,Arroyo Grande Creek ~0.75mi above Hwy 1,Chloride,,,50,mg/L,WA,"The site specific objective for Chloride for Arroyo Grande Creek (below Lopez Lake) is an annual mean of 50 mg/L (Table 3-5, Water Quality Control Plan, Central Coastal Basin).",7402,,,365,Mean,F,,Y
3,CAR3103101419980804113947,Arroyo Grande Creek (below Lopez Lake),Arroyo Grande Creek,310PS0062,Arroyo Grande Creek ~0.75mi above Hwy 1,Sodium,,,50,mg/L,WA,"The site specific objective for Sodium for Arroyo Grande Creek (below Lopez Lake) is an annual mean of 50 mg/L (Table 3-5, Water Quality Control Plan, Central Coastal Basin).",7402,,,365,Mean,F,,Y
3,CAR3103101419980804113947,Arroyo Grande Creek (below Lopez Lake),Arroyo Grande Creek,310PS0062,Arroyo Grande Creek ~0.75mi above Hwy 1,Sulfate,,,200,mg/L,WA,"The site specific objective for Sulfate for Arroyo Grande Creek (below Lopez Lake) is an annual mean of 200 mg/L (Table 3-5, Water Quality Control Plan, Central Coastal Basin).",7402,,,365,Mean,F,,Y
3,CAR3103101419980804113947,Arroyo Grande Creek (below Lopez Lake),Arroyo Grande Creek,310PS0062,Arroyo Grande Creek ~0.75mi above Hwy 1,Total Dissolved Solids,,,800,mg/L,WA,"The site specific objective for Total Dissolved Solids for Arroyo Grande Creek (below Lopez Lake) is an annual mean of 800 mg/L (Table 3-5, Water Quality Control Plan, Central Coastal Basin).",7402,,,365,Mean,F,,Y
3,CAR3103101419980804113947,Arroyo Grande Creek (below Lopez Lake),Arroyo Grande Creek,310ST0080,Arroyo Grande Creek Lagoon_310ST0080_03SWSBIO-310ST0080,Boron,,,0.2,mg/L,AG,"The site specific objective for Boron for Arroyo Grande Creek (below Lopez Lake) is an annual mean of 0.2 mg/L (Table 3-5, Water Quality Control Plan, Central Coastal Basin).",7402,,,365,Mean,F,,Y
3,CAR3103101419980804113947,Arroyo Grande Creek (below Lopez Lake),Arroyo Grande Creek,310ST0080,Arroyo Grande Creek Lagoon_310ST0080_03SWSBIO-310ST0080,Chloride,,,50,mg/L,WA,"The site specific objective for Chloride for Arroyo Grande Creek (below Lopez Lake) is an annual mean of 50 mg/L (Table 3-5, Water Quality Control Plan, Central Coastal Basin).",7402,,,365,Mean,F,,Y
3,CAR3103101419980804113947,Arroyo Grande Creek (below Lopez Lake),Arroyo Grande Creek,310ST0080,Arroyo Grande Creek Lagoon_310ST0080_03SWSBIO-310ST0080,Sodium,,,50,mg/L,WA,"The site specific objective for Sodium for Arroyo Grande Creek (below Lopez Lake) is an annual mean of 50 mg/L (Table 3-5, Water Quality Control Plan, Central Coastal Basin).",7402,,,365,Mean,F,,Y
3,CAR3103101419980804113947,Arroyo Grande Creek (below Lopez Lake),Arroyo Grande Creek,310ST0080,Arroyo Grande Creek Lagoon_310ST0080_03SWSBIO-310ST0080,Sulfate,,,200,mg/L,WA,"The site specific objective for Sulfate for Arroyo Grande Creek (below Lopez Lake) is an annual mean of 200 mg/L (Table 3-5, Water Quality Control Plan, Central Coastal Basin).",7402,,,365,Mean,F,,Y
3,CAR3103101419980804113947,Arroyo Grande Creek (below Lopez Lake),Arroyo Grande Creek,310ST0080,Arroyo Grande Creek Lagoon_310ST0080_03SWSBIO-310ST0080,Total Dissolved Solids,,,800,mg/L,WA,"The site specific objective for Total Dissolved Solids for Arroyo Grande Creek (below Lopez Lake) is an annual mean of 800 mg/L (Table 3-5, Water Quality Control Plan, Central Coastal Basin).",7402,,,365,Mean,F,,Y
3,CAR3103101419980804113947,Arroyo Grande Creek (below Lopez Lake),Arroyo Grande Creek,310TAR,Trib to Arroyo Grande Creek @ 22nd St,Boron,,,0.2,mg/L,AG,"The site specific objective for Boron for Arroyo Grande Creek (below Lopez Lake) is an annual mean of 0.2 mg/L (Table 3-5, Water Quality Control Plan, Central Coastal Basin).",7402,,,365,Mean,F,,Y
3,CAR3103101419980804113947,Arroyo Grande Creek (below Lopez Lake),Arroyo Grande Creek,310TAR,Trib to Arroyo Grande Creek @ 22nd St,Chloride,,,50,mg/L,WA,"The site specific objective for Chloride for Arroyo Grande Creek (below Lopez Lake) is an annual mean of 50 mg/L (Table 3-5, Water Quality Control Plan, Central Coastal Basin).",7402,,,365,Mean,F,,Y
3,CAR3103101419980804113947,Arroyo Grande Creek (below Lopez Lake),Arroyo Grande Creek,310TAR,Trib to Arroyo Grande Creek @ 22nd St,Sodium,,,50,mg/L,WA,"The site specific objective for Sodium for Arroyo Grande Creek (below Lopez Lake) is an annual mean of 50 mg/L (Table 3-5, Water Quality Control Plan, Central Coastal Basin).",7402,,,365,Mean,F,,Y
3,CAR3103101419980804113947,Arroyo Grande Creek (below Lopez Lake),Arroyo Grande Creek,310TAR,Trib to Arroyo Grande Creek @ 22nd St,Sulfate,,,200,mg/L,WA,"The site specific objective for Sulfate for Arroyo Grande Creek (below Lopez Lake) is an annual mean of 200 mg/L (Table 3-5, Water Quality Control Plan, Central Coastal Basin).",7402,,,365,Mean,F,,Y
3,CAR3103101419980804113947,Arroyo Grande Creek (below Lopez Lake),Arroyo Grande Creek,310TAR,Trib to Arroyo Grande Creek @ 22nd St,Total Dissolved Solids,,,800,mg/L,WA,"The site specific objective for Total Dissolved Solids for Arroyo Grande Creek (below Lopez Lake) is an annual mean of 800 mg/L (Table 3-5, Water Quality Control Plan, Central Coastal Basin).",7402,,,365,Mean,F,,Y
3,CAR3103101419980804113947,Arroyo Grande Creek (below Lopez Lake),Arroyo Grande Creek,310USG,Arroyo Grande Creek @ old USGS gage,Boron,,,0.2,mg/L,AG,"The site specific objective for Boron for Arroyo Grande Creek (below Lopez Lake) is an annual mean of 0.2 mg/L (Table 3-5, Water Quality Control Plan, Central Coastal Basin).",7402,,,365,Mean,F,,Y
3,CAR3103101419980804113947,Arroyo Grande Creek (below Lopez Lake),Arroyo Grande Creek,310USG,Arroyo Grande Creek @ old USGS gage,Chloride,,,50,mg/L,WA,"The site specific objective for Chloride for Arroyo Grande Creek (below Lopez Lake) is an annual mean of 50 mg/L (Table 3-5, Water Quality Control Plan, Central Coastal Basin).",7402,,,365,Mean,F,,Y
3,CAR3103101419980804113947,Arroyo Grande Creek (below Lopez Lake),Arroyo Grande Creek,310USG,Arroyo Grande Creek @ old USGS gage,Sodium,,,50,mg/L,WA,"The site specific objective for Sodium for Arroyo Grande Creek (below Lopez Lake) is an annual mean of 50 mg/L (Table 3-5, Water Quality Control Plan, Central Coastal Basin).",7402,,,365,Mean,F,,Y
3,CAR3103101419980804113947,Arroyo Grande Creek (below Lopez Lake),Arroyo Grande Creek,310USG,Arroyo Grande Creek @ old USGS gage,Sulfate,,,200,mg/L,WA,"The site specific objective for Sulfate for Arroyo Grande Creek (below Lopez Lake) is an annual mean of 200 mg/L (Table 3-5, Water Quality Control Plan, Central Coastal Basin).",7402,,,365,Mean,F,,Y
3,CAR3103101419980804113947,Arroyo Grande Creek (below Lopez Lake),Arroyo Grande Creek,310USG,Arroyo Grande Creek @ old USGS gage,Total Dissolved Solids,,,800,mg/L,WA,"The site specific objective for Total Dissolved Solids for Arroyo Grande Creek (below Lopez Lake) is an annual mean of 800 mg/L (Table 3-5, Water Quality Control Plan, Central Coastal Basin).",7402,,,365,Mean,F,,Y
3,CAR3103101419980804113947,Arroyo Grande Creek (below Lopez Lake),Arroyo Grande Creek,ArroyoGrandeCrHwy 1,Arroyo Grande Creek at Hwy 1,Boron,,,0.2,mg/L,AG,"The site specific objective for Boron for Arroyo Grande Creek (below Lopez Lake) is an annual mean of 0.2 mg/L (Table 3-5, Water Quality Control Plan, Central Coastal Basin).",7402,,,365,Mean,F,,Y
3,CAR3103101419980804113947,Arroyo Grande Creek (below Lopez Lake),Arroyo Grande Creek,ArroyoGrandeCrHwy 1,Arroyo Grande Creek at Hwy 1,Chloride,,,50,mg/L,WA,"The site specific objective for Chloride for Arroyo Grande Creek (below Lopez Lake) is an annual mean of 50 mg/L (Table 3-5, Water Quality Control Plan, Central Coastal Basin).",7402,,,365,Mean,F,,Y
3,CAR3103101419980804113947,Arroyo Grande Creek (below Lopez Lake),Arroyo Grande Creek,ArroyoGrandeCrHwy 1,Arroyo Grande Creek at Hwy 1,Sodium,,,50,mg/L,WA,"The site specific objective for Sodium for Arroyo Grande Creek (below Lopez Lake) is an annual mean of 50 mg/L (Table 3-5, Water Quality Control Plan, Central Coastal Basin).",7402,,,365,Mean,F,,Y
3,CAR3103101419980804113947,Arroyo Grande Creek (below Lopez Lake),Arroyo Grande Creek,ArroyoGrandeCrHwy 1,Arroyo Grande Creek at Hwy 1,Sulfate,,,200,mg/L,WA,"The site specific objective for Sulfate for Arroyo Grande Creek (below Lopez Lake) is an annual mean of 200 mg/L (Table 3-5, Water Quality Control Plan, Central Coastal Basin).",7402,,,365,Mean,F,,Y
3,CAR3103101419980804113947,Arroyo Grande Creek (below Lopez Lake),Arroyo Grande Creek,ArroyoGrandeCrHwy 1,Arroyo Grande Creek at Hwy 1,Total Dissolved Solids,,,800,mg/L,WA,"The site specific objective for Total Dissolved Solids for Arroyo Grande Creek (below Lopez Lake) is an annual mean of 800 mg/L (Table 3-5, Water Quality Control Plan, Central Coastal Basin).",7402,,,365,Mean,F,,Y
3,CAR3103101419980804113947,Arroyo Grande Creek (below Lopez Lake),Arroyo Grande Creek,SD174,Traffic Way,Boron,,,0.2,mg/L,AG,"The site specific objective for Boron for Arroyo Grande Creek (below Lopez Lake) is an annual mean of 0.2 mg/L (Table 3-5, Water Quality Control Plan, Central Coastal Basin).",7402,,,365,Mean,F,,Y
3,CAR3103101419980804113947,Arroyo Grande Creek (below Lopez Lake),Arroyo Grande Creek,SD174,Traffic Way,Chloride,,,50,mg/L,WA,"The site specific objective for Chloride for Arroyo Grande Creek (below Lopez Lake) is an annual mean of 50 mg/L (Table 3-5, Water Quality Control Plan, Central Coastal Basin).",7402,,,365,Mean,F,,Y
3,CAR3103101419980804113947,Arroyo Grande Creek (below Lopez Lake),Arroyo Grande Creek,SD174,Traffic Way,Sodium,,,50,mg/L,WA,"The site specific objective for Sodium for Arroyo Grande Creek (below Lopez Lake) is an annual mean of 50 mg/L (Table 3-5, Water Quality Control Plan, Central Coastal Basin).",7402,,,365,Mean,F,,Y
3,CAR3103101419980804113947,Arroyo Grande Creek (below Lopez Lake),Arroyo Grande Creek,SD174,Traffic Way,Sulfate,,,200,mg/L,WA,"The site specific objective for Sulfate for Arroyo Grande Creek (below Lopez Lake) is an annual mean of 200 mg/L (Table 3-5, Water Quality Control Plan, Central Coastal Basin).",7402,,,365,Mean,F,,Y
3,CAR3103101419980804113947,Arroyo Grande Creek (below Lopez Lake),Arroyo Grande Creek,SD174,Traffic Way,Total Dissolved Solids,,,800,mg/L,WA,"The site specific objective for Total Dissolved Solids for Arroyo Grande Creek (below Lopez Lake) is an annual mean of 800 mg/L (Table 3-5, Water Quality Control Plan, Central Coastal Basin).",7402,,,365,Mean,F,,Y
3,CAR3103101419980804113947,Arroyo Grande Creek (below Lopez Lake),Arroyo Grande Creek,SD70,Creek View Ct,Boron,,,0.2,mg/L,AG,"The site specific objective for Boron for Arroyo Grande Creek (below Lopez Lake) is an annual mean of 0.2 mg/L (Table 3-5, Water Quality Control Plan, Central Coastal Basin).",7402,,,365,Mean,F,,Y
3,CAR3103101419980804113947,Arroyo Grande Creek (below Lopez Lake),Arroyo Grande Creek,SD70,Creek View Ct,Chloride,,,50,mg/L,WA,"The site specific objective for Chloride for Arroyo Grande Creek (below Lopez Lake) is an annual mean of 50 mg/L (Table 3-5, Water Quality Control Plan, Central Coastal Basin).",7402,,,365,Mean,F,,Y
3,CAR3103101419980804113947,Arroyo Grande Creek (below Lopez Lake),Arroyo Grande Creek,SD70,Creek View Ct,Sodium,,,50,mg/L,WA,"The site specific objective for Sodium for Arroyo Grande Creek (below Lopez Lake) is an annual mean of 50 mg/L (Table 3-5, Water Quality Control Plan, Central Coastal Basin).",7402,,,365,Mean,F,,Y
3,CAR3103101419980804113947,Arroyo Grande Creek (below Lopez Lake),Arroyo Grande Creek,SD70,Creek View Ct,Sulfate,,,200,mg/L,WA,"The site specific objective for Sulfate for Arroyo Grande Creek (below Lopez Lake) is an annual mean of 200 mg/L (Table 3-5, Water Quality Control Plan, Central Coastal Basin).",7402,,,365,Mean,F,,Y
3,CAR3103101419980804113947,Arroyo Grande Creek (below Lopez Lake),Arroyo Grande Creek,SD70,Creek View Ct,Total Dissolved Solids,,,800,mg/L,WA,"The site specific objective for Total Dissolved Solids for Arroyo Grande Creek (below Lopez Lake) is an annual mean of 800 mg/L (Table 3-5, Water Quality Control Plan, Central Coastal Basin).",7402,,,365,Mean,F,,Y
3,CAR3121003020020124144528,Sisquoc River,Sisquoc River (Near Garey),312SED113,Sisquoc River - Above Dam 113,Boron,,,0.2,mg/L,AG,"The site specific objective for Boron for Sisquoc River is an annual mean of 0.2 mg/L (Table 3-5, Water Quality Control Plan, Central Coastal Basin).",7402,,,365,Mean,F,,Y
3,CAR3121003020020124144528,Sisquoc River,Sisquoc River (Near Garey),312SED113,Sisquoc River - Above Dam 113,Chloride,,,20,mg/L,WA,"The site specific objective for Chloride for Sisquoc River is an annual mean of 20 mg/L (Table 3-5, Water Quality Control Plan, Central Coastal Basin).",7402,,,365,Mean,F,,Y
3,CAR3121003020020124144528,Sisquoc River,Sisquoc River (Near Garey),312SED113,Sisquoc River - Above Dam 113,Sodium,,,50,mg/L,WA,"The site specific objective for Sodium for Sisquoc River is an annual mean of 50 mg/L (Table 3-5, Water Quality Control Plan, Central Coastal Basin).",7402,,,365,Mean,F,,Y
3,CAR3121003020020124144528,Sisquoc River,Sisquoc River (Near Garey),312SED113,Sisquoc River - Above Dam 113,Sulfate,,,250,mg/L,WA,"The site specific objective for Sulfate for Sisquoc River is an annual mean of 250 mg/L (Table 3-5, Water Quality Control Plan, Central Coastal Basin).",7402,,,365,Mean,F,,Y
3,CAR3121003020020124144528,Sisquoc River,Sisquoc River (Near Garey),312SED113,Sisquoc River - Above Dam 113,Total Dissolved Solids,,,600,mg/L,WA,"The site specific objective for Total Dissolved Solids for Sisquoc River is an annual mean of 600 mg/L (Table 3-5, Water Quality Control Plan, Central Coastal Basin).",7402,,,365,Mean,F,,Y
3,CAR3121003020020124144528,Sisquoc River,Sisquoc River (Near Garey),312SIS,Sisquoc River At Santa Maria Mesa Road,Boron,,,0.2,mg/L,AG,"The site specific objective for Boron for Sisquoc River is an annual mean of 0.2 mg/L (Table 3-5, Water Quality Control Plan, Central Coastal Basin).",7402,,,365,Mean,F,,Y
3,CAR3121003020020124144528,Sisquoc River,Sisquoc River (Near Garey),312SIS,Sisquoc River At Santa Maria Mesa Road,Chloride,,,20,mg/L,WA,"The site specific objective for Chloride for Sisquoc River is an annual mean of 20 mg/L (Table 3-5, Water Quality Control Plan, Central Coastal Basin).",7402,,,365,Mean,F,,Y
3,CAR3121003020020124144528,Sisquoc River,Sisquoc River (Near Garey),312SIS,Sisquoc River At Santa Maria Mesa Road,Sodium,,,50,mg/L,WA,"The site specific objective for Sodium for Sisquoc River is an annual mean of 50 mg/L (Table 3-5, Water Quality Control Plan, Central Coastal Basin).",7402,,,365,Mean,F,,Y
3,CAR3121003020020124144528,Sisquoc River,Sisquoc River (Near Garey),312SIS,Sisquoc River At Santa Maria Mesa Road,Sulfate,,,250,mg/L,WA,"The site specific objective for Sulfate for Sisquoc River is an annual mean of 250 mg/L (Table 3-5, Water Quality Control Plan, Central Coastal Basin).",7402,,,365,Mean,F,,Y
3,CAR3121003020020124144528,Sisquoc River,Sisquoc River (Near Garey),312SIS,Sisquoc River At Santa Maria Mesa Road,Total Dissolved Solids,,,600,mg/L,WA,"The site specific objective for Total Dissolved Solids for Sisquoc River is an annual mean of 600 mg/L (Table 3-5, Water Quality Control Plan, Central Coastal Basin).",7402,,,365,Mean,F,,Y
3,CAR3121003020020124144528,Sisquoc River,Sisquoc River (Near Garey),312SIV,Sisquoc River upstream Tepusquet at USGS gage,Boron,,,0.2,mg/L,AG,"The site specific objective for Boron for Sisquoc River is an annual mean of 0.2 mg/L (Table 3-5, Water Quality Control Plan, Central Coastal Basin).",7402,,,365,Mean,F,,Y
3,CAR3121003020020124144528,Sisquoc River,Sisquoc River (Near Garey),312SIV,Sisquoc River upstream Tepusquet at USGS gage,Chloride,,,20,mg/L,WA,"The site specific objective for Chloride for Sisquoc River is an annual mean of 20 mg/L (Table 3-5, Water Quality Control Plan, Central Coastal Basin).",7402,,,365,Mean,F,,Y
3,CAR3121003020020124144528,Sisquoc River,Sisquoc River (Near Garey),312SIV,Sisquoc River upstream Tepusquet at USGS gage,Sodium,,,50,mg/L,WA,"The site specific objective for Sodium for Sisquoc River is an annual mean of 50 mg/L (Table 3-5, Water Quality Control Plan, Central Coastal Basin).",7402,,,365,Mean,F,,Y
3,CAR3121003020020124144528,Sisquoc River,Sisquoc River (Near Garey),312SIV,Sisquoc River upstream Tepusquet at USGS gage,Sulfate,,,250,mg/L,WA,"The site specific objective for Sulfate for Sisquoc River is an annual mean of 250 mg/L (Table 3-5, Water Quality Control Plan, Central Coastal Basin).",7402,,,365,Mean,F,,Y
3,CAR3121003020020124144528,Sisquoc River,Sisquoc River (Near Garey),312SIV,Sisquoc River upstream Tepusquet at USGS gage,Total Dissolved Solids,,,600,mg/L,WA,"The site specific objective for Total Dissolved Solids for Sisquoc River is an annual mean of 600 mg/L (Table 3-5, Water Quality Control Plan, Central Coastal Basin).",7402,,,365,Mean,F,,Y
3,CAR3121003020020124144528,Sisquoc River,Sisquoc River (Near Garey),312SQRABP,Sisquoc River ~2.3 mi above Big Pine Cyn.,Boron,,,0.2,mg/L,AG,"The site specific objective for Boron for Sisquoc River is an annual mean of 0.2 mg/L (Table 3-5, Water Quality Control Plan, Central Coastal Basin).",7402,,,365,Mean,F,,Y
3,CAR3121003020020124144528,Sisquoc River,Sisquoc River (Near Garey),312SQRABP,Sisquoc River ~2.3 mi above Big Pine Cyn.,Chloride,,,20,mg/L,WA,"The site specific objective for Chloride for Sisquoc River is an annual mean of 20 mg/L (Table 3-5, Water Quality Control Plan, Central Coastal Basin).",7402,,,365,Mean,F,,Y
3,CAR3121003020020124144528,Sisquoc River,Sisquoc River (Near Garey),312SQRABP,Sisquoc River ~2.3 mi above Big Pine Cyn.,Sodium,,,50,mg/L,WA,"The site specific objective for Sodium for Sisquoc River is an annual mean of 50 mg/L (Table 3-5, Water Quality Control Plan, Central Coastal Basin).",7402,,,365,Mean,F,,Y
3,CAR3121003020020124144528,Sisquoc River,Sisquoc River (Near Garey),312SQRABP,Sisquoc River ~2.3 mi above Big Pine Cyn.,Sulfate,,,250,mg/L,WA,"The site specific objective for Sulfate for Sisquoc River is an annual mean of 250 mg/L (Table 3-5, Water Quality Control Plan, Central Coastal Basin).",7402,,,365,Mean,F,,Y
3,CAR3121003020020124144528,Sisquoc River,Sisquoc River (Near Garey),312SQRABP,Sisquoc River ~2.3 mi above Big Pine Cyn.,Total Dissolved Solids,,,600,mg/L,WA,"The site specific objective for Total Dissolved Solids for Sisquoc River is an annual mean of 600 mg/L (Table 3-5, Water Quality Control Plan, Central Coastal Basin).",7402,,,365,Mean,F,,Y
3,CAR3121003020020124144528,Sisquoc River,Sisquoc River (Near Garey),312TEP,Sisquoc River at Tepusquet Rd. bridge,Boron,,,0.2,mg/L,AG,"The site specific objective for Boron for Sisquoc River is an annual mean of 0.2 mg/L (Table 3-5, Water Quality Control Plan, Central Coastal Basin).",7402,,,365,Mean,F,,Y
3,CAR3121003020020124144528,Sisquoc River,Sisquoc River (Near Garey),312TEP,Sisquoc River at Tepusquet Rd. bridge,Chloride,,,20,mg/L,WA,"The site specific objective for Chloride for Sisquoc River is an annual mean of 20 mg/L (Table 3-5, Water Quality Control Plan, Central Coastal Basin).",7402,,,365,Mean,F,,Y
3,CAR3121003020020124144528,Sisquoc River,Sisquoc River (Near Garey),312TEP,Sisquoc River at Tepusquet Rd. bridge,Sodium,,,50,mg/L,WA,"The site specific objective for Sodium for Sisquoc River is an annual mean of 50 mg/L (Table 3-5, Water Quality Control Plan, Central Coastal Basin).",7402,,,365,Mean,F,,Y
3,CAR3121003020020124144528,Sisquoc River,Sisquoc River (Near Garey),312TEP,Sisquoc River at Tepusquet Rd. bridge,Sulfate,,,250,mg/L,WA,"The site specific objective for Sulfate for Sisquoc River is an annual mean of 250 mg/L (Table 3-5, Water Quality Control Plan, Central Coastal Basin).",7402,,,365,Mean,F,,Y
3,CAR3121003020020124144528,Sisquoc River,Sisquoc River (Near Garey),312TEP,Sisquoc River at Tepusquet Rd. bridge,Total Dissolved Solids,,,600,mg/L,WA,"The site specific objective for Total Dissolved Solids for Sisquoc River is an annual mean of 600 mg/L (Table 3-5, Water Quality Control Plan, Central Coastal Basin).",7402,,,365,Mean,F,,Y
3,CAR3121003020020124144528,Sisquoc River,Sisquoc River (Near Garey),USGS-11138500,SISQUOC R NR SISQUOC CA,Boron,,,0.2,mg/L,AG,"The site specific objective for Boron for Sisquoc River is an annual mean of 0.2 mg/L (Table 3-5, Water Quality Control Plan, Central Coastal Basin).",7402,,,365,Mean,F,,Y
3,CAR3121003020020124144528,Sisquoc River,Sisquoc River (Near Garey),USGS-11138500,SISQUOC R NR SISQUOC CA,Chloride,,,20,mg/L,WA,"The site specific objective for Chloride for Sisquoc River is an annual mean of 20 mg/L (Table 3-5, Water Quality Control Plan, Central Coastal Basin).",7402,,,365,Mean,F,,Y
3,CAR3121003020020124144528,Sisquoc River,Sisquoc River (Near Garey),USGS-11138500,SISQUOC R NR SISQUOC CA,Sodium,,,50,mg/L,WA,"The site specific objective for Sodium for Sisquoc River is an annual mean of 50 mg/L (Table 3-5, Water Quality Control Plan, Central Coastal Basin).",7402,,,365,Mean,F,,Y
3,CAR3121003020020124144528,Sisquoc River,Sisquoc River (Near Garey),USGS-11138500,SISQUOC R NR SISQUOC CA,Sulfate,,,250,mg/L,WA,"The site specific objective for Sulfate for Sisquoc River is an annual mean of 250 mg/L (Table 3-5, Water Quality Control Plan, Central Coastal Basin).",7402,,,365,Mean,F,,Y
3,CAR3121003020020124144528,Sisquoc River,Sisquoc River (Near Garey),USGS-11138500,SISQUOC R NR SISQUOC CA,Total Dissolved Solids,,,600,mg/L,WA,"The site specific objective for Total Dissolved Solids for Sisquoc River is an annual mean of 600 mg/L (Table 3-5, Water Quality Control Plan, Central Coastal Basin).",7402,,,365,Mean,F,,Y
3,CAR3123008520080611174339,Cuyama River (below Twitchell Reservoir),Cuyama River (Near Garey),312CUT,Cuyama River below Twitchell @ White Rock Lane,Boron,,,0.3,mg/L,AG,"The site specific objective for Boron for Cuyama River (below Twitchell Reservoir) is an annual mean of 0.3 mg/L (Table 3-5, Water Quality Control Plan, Central Coastal Basin).",7402,,,365,Mean,F,,Y
3,CAR3123008520080611174339,Cuyama River (below Twitchell Reservoir),Cuyama River (Near Garey),312CUT,Cuyama River below Twitchell @ White Rock Lane,Chloride,,,50,mg/L,WA,"The site specific objective for Chloride for Cuyama River (below Twitchell Reservoir) is an annual mean of 50 mg/L (Table 3-5, Water Quality Control Plan, Central Coastal Basin).",7402,,,365,Mean,F,,Y
3,CAR3123008520080611174339,Cuyama River (below Twitchell Reservoir),Cuyama River (Near Garey),312CUT,Cuyama River below Twitchell @ White Rock Lane,Sodium,,,70,mg/L,WA,"The site specific objective for Sodium for Cuyama River (below Twitchell Reservoir) is an annual mean of 70 mg/L (Table 3-5, Water Quality Control Plan, Central Coastal Basin).",7402,,,365,Mean,F,,Y
3,CAR3123008520080611174339,Cuyama River (below Twitchell Reservoir),Cuyama River (Near Garey),312CUT,Cuyama River below Twitchell @ White Rock Lane,Sulfate,,,400,mg/L,WA,"The site specific objective for Sulfate for Cuyama River (below Twitchell Reservoir) is an annual mean of 400 mg/L (Table 3-5, Water Quality Control Plan, Central Coastal Basin).",7402,,,365,Mean,F,,Y
3,CAR3123008520080611174339,Cuyama River (below Twitchell Reservoir),Cuyama River (Near Garey),312CUT,Cuyama River below Twitchell @ White Rock Lane,Total Dissolved Solids,,,900,mg/L,WA,"The site specific objective for Total Dissolved Solids for Cuyama River (below Twitchell Reservoir) is an annual mean of 900 mg/L (Table 3-5, Water Quality Control Plan, Central Coastal Basin).",7402,,,365,Mean,F,,Y
3,CAR3141005019980827094226,Santa Ynez River (Cachuma Lake to below city of Lompoc),Solvang,314CE0200,Santa Ynez River ~2.3mi above Hwy 101,Boron,,,0.4,mg/L,AG,"The site specific objective for Boron for Santa Ynez River (Cachuma Lake to below city of Lompoc) is an annual mean of 0.4 mg/L (Table 3-5, Water Quality Control Plan, Central Coastal Basin).",7402,,,365,Mean,F,"smk 8/2026 - SSO for the ""Solvang"" portion of the Santa Ynez River makes sense as this station is in close proximity to Solvang. --Duplicate station-pollutant. SSO only applies to par of this mapped segment and station 314SYC",Y
3,CAR3141005019980827094226,Santa Ynez River (Cachuma Lake to below city of Lompoc),Solvang,314CE0200,Santa Ynez River ~2.3mi above Hwy 101,Chloride,,,50,mg/L,WA,"The site specific objective for Chloride for Santa Ynez River (Cachuma Lake to below city of Lompoc) is an annual mean of 50 mg/L (Table 3-5, Water Quality Control Plan, Central Coastal Basin).",7402,,,365,Mean,F,"smk 8/2026 - SSO for the ""Solvang"" portion of the Santa Ynez River makes sense as this station is in close proximity to Solvang. --Duplicate station-pollutant. SSO only applies to par of this mapped segment and station 314SYC",Y
3,CAR3141005019980827094226,Santa Ynez River (Cachuma Lake to below city of Lompoc),Solvang,314CE0200,Santa Ynez River ~2.3mi above Hwy 101,Sodium,,,60,mg/L,WA,"The site specific objective for Sodium for Santa Ynez River (Cachuma Lake to below city of Lompoc) is an annual mean of 60 mg/L (Table 3-5, Water Quality Control Plan, Central Coastal Basin).",7402,,,365,Mean,F,"smk 8/2026 - SSO for the ""Solvang"" portion of the Santa Ynez River makes sense as this station is in close proximity to Solvang. --Duplicate station-pollutant. SSO only applies to par of this mapped segment and station 314SYC",Y
3,CAR3141005019980827094226,Santa Ynez River (Cachuma Lake to below city of Lompoc),Solvang,314CE0200,Santa Ynez River ~2.3mi above Hwy 101,Sulfate,,,250,mg/L,WA,"The site specific objective for Sulfate for Santa Ynez River (Cachuma Lake to below city of Lompoc) is an annual mean of 250 mg/L (Table 3-5, Water Quality Control Plan, Central Coastal Basin).",7402,,,365,Mean,F,"smk 8/2026 - SSO for the ""Solvang"" portion of the Santa Ynez River makes sense as this station is in close proximity to Solvang. --Duplicate station-pollutant. SSO only applies to par of this mapped segment and station 314SYC",Y
3,CAR3141005019980827094226,Santa Ynez River (Cachuma Lake to below city of Lompoc),Solvang,314CE0200,Santa Ynez River ~2.3mi above Hwy 101,Total Dissolved Solids,,,700,mg/L,WA,"The site specific objective for Total Dissolved Solids for Santa Ynez River (Cachuma Lake to below city of Lompoc) is an annual mean of 700 mg/L (Table 3-5, Water Quality Control Plan, Central Coastal Basin).",7402,,,365,Mean,F,"smk 8/2026 - SSO for the ""Solvang"" portion of the Santa Ynez River makes sense as this station is in close proximity to Solvang. --Duplicate station-pollutant. SSO only applies to par of this mapped segment and station 314SYC",Y
3,CAR3141005019980827094226,Santa Ynez River (Cachuma Lake to below city of Lompoc),Lompoc,314SYL,Santa Ynez River at Highway 246,Boron,,,0.4,mg/L,AG,"The site specific objective for Boron for Santa Ynez River (Cachuma Lake to below city of Lompoc) is an annual mean of 0.4 mg/L (Table 3-5, Water Quality Control Plan, Central Coastal Basin).",7402,,,365,Mean,F,"smk 8/2026 - This site should apply to the ""Lompoc"" section of the Santa Ynez in the Basin Plan based on its proximity to Lompoc. Do not use the SSO numbers for ""Solvang.""  --Duplicate station-pollutant. SSO only applies to par of this mapped segment and sites 314SYF, 314SYL.",Y
3,CAR3141005019980827094226,Santa Ynez River (Cachuma Lake to below city of Lompoc),Lompoc,314SYL,Santa Ynez River at Highway 246,Chloride,,,100,mg/L,WA,"The site specific objective for Chloride for Santa Ynez River (Cachuma Lake to below city of Lompoc) is an annual mean of 100 mg/L (Table 3-5, Water Quality Control Plan, Central Coastal Basin).",7402,,,365,Mean,F,"smk 8/2026 - This site should apply to the ""Lompoc"" section of the Santa Ynez in the Basin Plan based on its proximity to Lompoc. Do not use the SSO numbers for ""Solvang.""  --Duplicate station-pollutant. SSO only applies to par of this mapped segment and sites 314SYF, 314SYL.",Y
3,CAR3141005019980827094226,Santa Ynez River (Cachuma Lake to below city of Lompoc),Lompoc,314SYL,Santa Ynez River at Highway 246,Sodium,,,100,mg/L,WA,"The site specific objective for Sodium for Santa Ynez River (Cachuma Lake to below city of Lompoc) is an annual mean of 100 mg/L (Table 3-5, Water Quality Control Plan, Central Coastal Basin).",7402,,,365,Mean,F,"smk 8/2026 - This site should apply to the ""Lompoc"" section of the Santa Ynez in the Basin Plan based on its proximity to Lompoc. Do not use the SSO numbers for ""Solvang.""  --Duplicate station-pollutant. SSO only applies to par of this mapped segment and sites 314SYF, 314SYL.",Y
3,CAR3141005019980827094226,Santa Ynez River (Cachuma Lake to below city of Lompoc),Lompoc,314SYL,Santa Ynez River at Highway 246,Sulfate,,,350,mg/L,WA,"The site specific objective for Sulfate for Santa Ynez River (Cachuma Lake to below city of Lompoc) is an annual mean of 350 mg/L (Table 3-5, Water Quality Control Plan, Central Coastal Basin).",7402,,,365,Mean,F,"smk 8/2026 - This site should apply to the ""Lompoc"" section of the Santa Ynez in the Basin Plan based on its proximity to Lompoc. Do not use the SSO numbers for ""Solvang.""  --Duplicate station-pollutant. SSO only applies to par of this mapped segment and sites 314SYF, 314SYL.",Y
3,CAR3141005019980827094226,Santa Ynez River (Cachuma Lake to below city of Lompoc),Lompoc,314SYL,Santa Ynez River at Highway 246,Total Dissolved Solids,,,1000,mg/L,WA,"The site specific objective for Total Dissolved Solids for Santa Ynez River (Cachuma Lake to below city of Lompoc) is an annual mean of 1000 mg/L (Table 3-5, Water Quality Control Plan, Central Coastal Basin).",7402,,,365,Mean,F,"smk 8/2026 - This site should apply to the ""Lompoc"" section of the Santa Ynez in the Basin Plan based on its proximity to Lompoc. Do not use the SSO numbers for ""Solvang.""  --Duplicate station-pollutant. SSO only applies to par of this mapped segment and sites 314SYF, 314SYL.",Y
3,CAR3141005019980827094226,Santa Ynez River (Cachuma Lake to below city of Lompoc),Lompoc,314SYR,Santa Ynez River at River Park,Boron,,,0.4,mg/L,AG,"The site specific objective for Boron for Santa Ynez River (Cachuma Lake to below city of Lompoc) is an annual mean of 0.4 mg/L (Table 3-5, Water Quality Control Plan, Central Coastal Basin).",7402,,,365,Mean,F,"smk 8/2026 - This site should apply to the ""Lompoc"" section of the Santa Ynez in the Basin Plan based on its proximity to Lompoc. Do not use the SSO numbers for ""Solvang.""  --Duplicate station-pollutant. SSO only applies to par of this mapped segment and sites 314SYF, 314SYL.",Y
3,CAR3141005019980827094226,Santa Ynez River (Cachuma Lake to below city of Lompoc),Lompoc,314SYR,Santa Ynez River at River Park,Chloride,,,100,mg/L,WA,"The site specific objective for Chloride for Santa Ynez River (Cachuma Lake to below city of Lompoc) is an annual mean of 100 mg/L (Table 3-5, Water Quality Control Plan, Central Coastal Basin).",7402,,,365,Mean,F,"smk 8/2026 - This site should apply to the ""Lompoc"" section of the Santa Ynez in the Basin Plan based on its proximity to Lompoc. Do not use the SSO numbers for ""Solvang.""  --Duplicate station-pollutant. SSO only applies to par of this mapped segment and sites 314SYF, 314SYL.",Y
3,CAR3141005019980827094226,Santa Ynez River (Cachuma Lake to below city of Lompoc),Lompoc,314SYR,Santa Ynez River at River Park,Sodium,,,100,mg/L,WA,"The site specific objective for Sodium for Santa Ynez River (Cachuma Lake to below city of Lompoc) is an annual mean of 100 mg/L (Table 3-5, Water Quality Control Plan, Central Coastal Basin).",7402,,,365,Mean,F,"smk 8/2026 - This site should apply to the ""Lompoc"" section of the Santa Ynez in the Basin Plan based on its proximity to Lompoc. Do not use the SSO numbers for ""Solvang.""  --Duplicate station-pollutant. SSO only applies to par of this mapped segment and sites 314SYF, 314SYL.",Y
3,CAR3141005019980827094226,Santa Ynez River (Cachuma Lake to below city of Lompoc),Lompoc,314SYR,Santa Ynez River at River Park,Sulfate,,,350,mg/L,WA,"The site specific objective for Sulfate for Santa Ynez River (Cachuma Lake to below city of Lompoc) is an annual mean of 350 mg/L (Table 3-5, Water Quality Control Plan, Central Coastal Basin).",7402,,,365,Mean,F,"smk 8/2026 - This site should apply to the ""Lompoc"" section of the Santa Ynez in the Basin Plan based on its proximity to Lompoc. Do not use the SSO numbers for ""Solvang.""  --Duplicate station-pollutant. SSO only applies to par of this mapped segment and sites 314SYF, 314SYL.",Y
3,CAR3141005019980827094226,Santa Ynez River (Cachuma Lake to below city of Lompoc),Lompoc,314SYR,Santa Ynez River at River Park,Total Dissolved Solids,,,1000,mg/L,WA,"The site specific objective for Total Dissolved Solids for Santa Ynez River (Cachuma Lake to below city of Lompoc) is an annual mean of 1000 mg/L (Table 3-5, Water Quality Control Plan, Central Coastal Basin).",7402,,,365,Mean,F,"smk 8/2026 - This site should apply to the ""Lompoc"" section of the Santa Ynez in the Basin Plan based on its proximity to Lompoc. Do not use the SSO numbers for ""Solvang.""  --Duplicate station-pollutant. SSO only applies to par of this mapped segment and sites 314SYF, 314SYL.",Y
3,CAR3141005019980827094226,Santa Ynez River (Cachuma Lake to below city of Lompoc),Solvang,314SYRASV,Santa Ynez River at Solvang,Boron,,,0.4,mg/L,AG,"The site specific objective for Boron for Santa Ynez River (Cachuma Lake to below city of Lompoc) is an annual mean of 0.4 mg/L (Table 3-5, Water Quality Control Plan, Central Coastal Basin).",7402,,,365,Mean,F,"smk 8/2026 - This site should apply to the ""Solvang"" section of the Santa Ynez in the Basin Plan based on its proximity to Solvang. Do not use the SSO numbers for ""Lompoc.""  Duplicate station-pollutant. SSO only applies to par of this mapped segment and station 314SYC",Y
3,CAR3141005019980827094226,Santa Ynez River (Cachuma Lake to below city of Lompoc),Solvang,314SYRASV,Santa Ynez River at Solvang,Chloride,,,50,mg/L,WA,"The site specific objective for Chloride for Santa Ynez River (Cachuma Lake to below city of Lompoc) is an annual mean of 50 mg/L (Table 3-5, Water Quality Control Plan, Central Coastal Basin).",7402,,,365,Mean,F,"smk 8/2026 - This site should apply to the ""Solvang"" section of the Santa Ynez in the Basin Plan based on its proximity to Solvang. Do not use the SSO numbers for ""Lompoc.""  Duplicate station-pollutant. SSO only applies to par of this mapped segment and station 314SYC",Y
3,CAR3141005019980827094226,Santa Ynez River (Cachuma Lake to below city of Lompoc),Solvang,314SYRASV,Santa Ynez River at Solvang,Sodium,,,60,mg/L,WA,"The site specific objective for Sodium for Santa Ynez River (Cachuma Lake to below city of Lompoc) is an annual mean of 60 mg/L (Table 3-5, Water Quality Control Plan, Central Coastal Basin).",7402,,,365,Mean,F,"smk 8/2026 - This site should apply to the ""Solvang"" section of the Santa Ynez in the Basin Plan based on its proximity to Solvang. Do not use the SSO numbers for ""Lompoc.""  Duplicate station-pollutant. SSO only applies to par of this mapped segment and station 314SYC",Y
3,CAR3141005019980827094226,Santa Ynez River (Cachuma Lake to below city of Lompoc),Solvang,314SYRASV,Santa Ynez River at Solvang,Sulfate,,,250,mg/L,WA,"The site specific objective for Sulfate for Santa Ynez River (Cachuma Lake to below city of Lompoc) is an annual mean of 250 mg/L (Table 3-5, Water Quality Control Plan, Central Coastal Basin).",7402,,,365,Mean,F,"smk 8/2026 - This site should apply to the ""Solvang"" section of the Santa Ynez in the Basin Plan based on its proximity to Solvang. Do not use the SSO numbers for ""Lompoc.""  Duplicate station-pollutant. SSO only applies to par of this mapped segment and station 314SYC",Y
3,CAR3141005019980827094226,Santa Ynez River (Cachuma Lake to below city of Lompoc),Solvang,314SYRASV,Santa Ynez River at Solvang,Total Dissolved Solids,,,700,mg/L,WA,"The site specific objective for Total Dissolved Solids for Santa Ynez River (Cachuma Lake to below city of Lompoc) is an annual mean of 700 mg/L (Table 3-5, Water Quality Control Plan, Central Coastal Basin).",7402,,,365,Mean,F,"smk 8/2026 - This site should apply to the ""Solvang"" section of the Santa Ynez in the Basin Plan based on its proximity to Solvang. Do not use the SSO numbers for ""Lompoc.""  Duplicate station-pollutant. SSO only applies to par of this mapped segment and station 314SYC",Y
3,CAR3141005019980827094226,Santa Ynez River (Cachuma Lake to below city of Lompoc),Lompoc,776721,RSW-002,Boron,,,0.4,mg/L,AG,"The site specific objective for Boron for Santa Ynez River (Cachuma Lake to below city of Lompoc) is an annual mean of 0.4 mg/L (Table 3-5, Water Quality Control Plan, Central Coastal Basin).",7402,,,365,Mean,F,"smk 8/2026 - This site should apply to the ""Lompoc"" section of the Santa Ynez in the Basin Plan based on its proximity to Lompoc. Do not use the SSO numbers for ""Solvang.""  --Duplicate station-pollutant. SSO only applies to par of this mapped segment and sites 314SYF, 314SYL.",Y
3,CAR3141005019980827094226,Santa Ynez River (Cachuma Lake to below city of Lompoc),Lompoc,776721,RSW-002,Chloride,,,100,mg/L,WA,"The site specific objective for Chloride for Santa Ynez River (Cachuma Lake to below city of Lompoc) is an annual mean of 100 mg/L (Table 3-5, Water Quality Control Plan, Central Coastal Basin).",7402,,,365,Mean,F,"smk 8/2026 - This site should apply to the ""Lompoc"" section of the Santa Ynez in the Basin Plan based on its proximity to Lompoc. Do not use the SSO numbers for ""Solvang.""  --Duplicate station-pollutant. SSO only applies to par of this mapped segment and sites 314SYF, 314SYL.",Y
3,CAR3141005019980827094226,Santa Ynez River (Cachuma Lake to below city of Lompoc),Lompoc,776721,RSW-002,Sodium,,,100,mg/L,WA,"The site specific objective for Sodium for Santa Ynez River (Cachuma Lake to below city of Lompoc) is an annual mean of 100 mg/L (Table 3-5, Water Quality Control Plan, Central Coastal Basin).",7402,,,365,Mean,F,"smk 8/2026 - This site should apply to the ""Lompoc"" section of the Santa Ynez in the Basin Plan based on its proximity to Lompoc. Do not use the SSO numbers for ""Solvang.""  --Duplicate station-pollutant. SSO only applies to par of this mapped segment and sites 314SYF, 314SYL.",Y
3,CAR3141005019980827094226,Santa Ynez River (Cachuma Lake to below city of Lompoc),Lompoc,776721,RSW-002,Sulfate,,,350,mg/L,WA,"The site specific objective for Sulfate for Santa Ynez River (Cachuma Lake to below city of Lompoc) is an annual mean of 350 mg/L (Table 3-5, Water Quality Control Plan, Central Coastal Basin).",7402,,,365,Mean,F,"smk 8/2026 - This site should apply to the ""Lompoc"" section of the Santa Ynez in the Basin Plan based on its proximity to Lompoc. Do not use the SSO numbers for ""Solvang.""  --Duplicate station-pollutant. SSO only applies to par of this mapped segment and sites 314SYF, 314SYL.",Y
3,CAR3141005019980827094226,Santa Ynez River (Cachuma Lake to below city of Lompoc),Lompoc,776721,RSW-002,Total Dissolved Solids,,,1000,mg/L,WA,"The site specific objective for Total Dissolved Solids for Santa Ynez River (Cachuma Lake to below city of Lompoc) is an annual mean of 1000 mg/L (Table 3-5, Water Quality Control Plan, Central Coastal Basin).",7402,,,365,Mean,F,"smk 8/2026 - This site should apply to the ""Lompoc"" section of the Santa Ynez in the Basin Plan based on its proximity to Lompoc. Do not use the SSO numbers for ""Solvang.""  --Duplicate station-pollutant. SSO only applies to par of this mapped segment and sites 314SYF, 314SYL.",Y
3,CAR3141005019980827094226,Santa Ynez River (Cachuma Lake to below city of Lompoc),Solvang,USGS-11128500,SANTA YNEZ R A SOLVANG CA,Boron,,,0.4,mg/L,AG,"The site specific objective for Boron for Santa Ynez River (Cachuma Lake to below city of Lompoc) is an annual mean of 0.4 mg/L (Table 3-5, Water Quality Control Plan, Central Coastal Basin).",7402,,,365,Mean,F,"smk 8/2026 - This station should be associated with the ""Solvang"" part of the Santa Ynez River SSO as is is near Solvang.Duplicate station-pollutant. SSO only applies to par of this mapped segment and sites 314SYF, 314SYL.",Y
3,CAR3141005019980827094226,Santa Ynez River (Cachuma Lake to below city of Lompoc),Solvang,USGS-11128500,SANTA YNEZ R A SOLVANG CA,Chloride,,,50,mg/L,WA,"The site specific objective for Chloride for Santa Ynez River (Cachuma Lake to below city of Lompoc) is an annual mean of 50 mg/L (Table 3-5, Water Quality Control Plan, Central Coastal Basin).",7402,,,365,Mean,F,"smk 8/2026 - This station should be associated with the ""Solvang"" part of the Santa Ynez River SSO as is is near Solvang.Duplicate station-pollutant. SSO only applies to par of this mapped segment and sites 314SYF, 314SYL.",Y
3,CAR3141005019980827094226,Santa Ynez River (Cachuma Lake to below city of Lompoc),Solvang,USGS-11128500,SANTA YNEZ R A SOLVANG CA,Sodium,,,60,mg/L,WA,"The site specific objective for Sodium for Santa Ynez River (Cachuma Lake to below city of Lompoc) is an annual mean of 60 mg/L (Table 3-5, Water Quality Control Plan, Central Coastal Basin).",7402,,,365,Mean,F,"smk 8/2026 - This station should be associated with the ""Solvang"" part of the Santa Ynez River SSO as is is near Solvang.Duplicate station-pollutant. SSO only applies to par of this mapped segment and sites 314SYF, 314SYL.",Y
3,CAR3141005019980827094226,Santa Ynez River (Cachuma Lake to below city of Lompoc),Solvang,USGS-11128500,SANTA YNEZ R A SOLVANG CA,Sulfate,,,250,mg/L,WA,"The site specific objective for Sulfate for Santa Ynez River (Cachuma Lake to below city of Lompoc) is an annual mean of 250 mg/L (Table 3-5, Water Quality Control Plan, Central Coastal Basin).",7402,,,365,Mean,F,"smk 8/2026 - This station should be associated with the ""Solvang"" part of the Santa Ynez River SSO as is is near Solvang.Duplicate station-pollutant. SSO only applies to par of this mapped segment and sites 314SYF, 314SYL.",Y
3,CAR3141005019980827094226,Santa Ynez River (Cachuma Lake to below city of Lompoc),Solvang,USGS-11128500,SANTA YNEZ R A SOLVANG CA,Total Dissolved Solids,,,700,mg/L,WA,"The site specific objective for Total Dissolved Solids for Santa Ynez River (Cachuma Lake to below city of Lompoc) is an annual mean of 700 mg/L (Table 3-5, Water Quality Control Plan, Central Coastal Basin).",7402,,,365,Mean,F,"smk 8/2026 - This station should be associated with the ""Solvang"" part of the Santa Ynez River SSO as is is near Solvang.Duplicate station-pollutant. SSO only applies to par of this mapped segment and sites 314SYF, 314SYL.",Y
3,CAR3141005019980827094226,Santa Ynez River (Cachuma Lake to below city of Lompoc),Lompoc,USGS-11133000,SANTA YNEZ R A NARROWS NR LOMPOC CA,Boron,,,0.4,mg/L,AG,"The site specific objective for Boron for Santa Ynez River (Cachuma Lake to below city of Lompoc) is an annual mean of 0.4 mg/L (Table 3-5, Water Quality Control Plan, Central Coastal Basin).",7402,,,365,Mean,F,"smk 8/2026 - This site should apply to the ""Lompoc"" section of the Santa Ynez in the Basin Plan based on its proximity to Lompoc. (This might be a bit of a stretch, but it is quite close to the city, so seems reasonable to apply this.  Do not use the SSO numbers for ""Solvang.""  --Duplicate station-pollutant. SSO only applies to par of this mapped segment and sites 314SYF, 314SYL.",Y
3,CAR3141005019980827094226,Santa Ynez River (Cachuma Lake to below city of Lompoc),Lompoc,USGS-11133000,SANTA YNEZ R A NARROWS NR LOMPOC CA,Chloride,,,100,mg/L,WA,"The site specific objective for Chloride for Santa Ynez River (Cachuma Lake to below city of Lompoc) is an annual mean of 100 mg/L (Table 3-5, Water Quality Control Plan, Central Coastal Basin).",7402,,,365,Mean,F,"smk 8/2026 - This site should apply to the ""Lompoc"" section of the Santa Ynez in the Basin Plan based on its proximity to Lompoc. (This might be a bit of a stretch, but it is quite close to the city, so seems reasonable to apply this.  Do not use the SSO numbers for ""Solvang.""  --Duplicate station-pollutant. SSO only applies to par of this mapped segment and sites 314SYF, 314SYL.",Y
3,CAR3141005019980827094226,Santa Ynez River (Cachuma Lake to below city of Lompoc),Lompoc,USGS-11133000,SANTA YNEZ R A NARROWS NR LOMPOC CA,Sodium,,,100,mg/L,WA,"The site specific objective for Sodium for Santa Ynez River (Cachuma Lake to below city of Lompoc) is an annual mean of 100 mg/L (Table 3-5, Water Quality Control Plan, Central Coastal Basin).",7402,,,365,Mean,F,"smk 8/2026 - This site should apply to the ""Lompoc"" section of the Santa Ynez in the Basin Plan based on its proximity to Lompoc. (This might be a bit of a stretch, but it is quite close to the city, so seems reasonable to apply this.  Do not use the SSO numbers for ""Solvang.""  --Duplicate station-pollutant. SSO only applies to par of this mapped segment and sites 314SYF, 314SYL.",Y
3,CAR3141005019980827094226,Santa Ynez River (Cachuma Lake to below city of Lompoc),Lompoc,USGS-11133000,SANTA YNEZ R A NARROWS NR LOMPOC CA,Sulfate,,,350,mg/L,WA,"The site specific objective for Sulfate for Santa Ynez River (Cachuma Lake to below city of Lompoc) is an annual mean of 350 mg/L (Table 3-5, Water Quality Control Plan, Central Coastal Basin).",7402,,,365,Mean,F,"smk 8/2026 - This site should apply to the ""Lompoc"" section of the Santa Ynez in the Basin Plan based on its proximity to Lompoc. (This might be a bit of a stretch, but it is quite close to the city, so seems reasonable to apply this.  Do not use the SSO numbers for ""Solvang.""  --Duplicate station-pollutant. SSO only applies to par of this mapped segment and sites 314SYF, 314SYL.",Y
3,CAR3141005019980827094226,Santa Ynez River (Cachuma Lake to below city of Lompoc),Lompoc,USGS-11133000,SANTA YNEZ R A NARROWS NR LOMPOC CA,Total Dissolved Solids,,,1000,mg/L,WA,"The site specific objective for Total Dissolved Solids for Santa Ynez River (Cachuma Lake to below city of Lompoc) is an annual mean of 1000 mg/L (Table 3-5, Water Quality Control Plan, Central Coastal Basin).",7402,,,365,Mean,F,"smk 8/2026 - This site should apply to the ""Lompoc"" section of the Santa Ynez in the Basin Plan based on its proximity to Lompoc. (This might be a bit of a stretch, but it is quite close to the city, so seems reasonable to apply this.  Do not use the SSO numbers for ""Solvang.""  --Duplicate station-pollutant. SSO only applies to par of this mapped segment and sites 314SYF, 314SYL.",Y
3,CAR3142001120020124143542,Santa Rosa Creek (San Luis Obispo County),Santa Rosa Creek,180BUR089,Burton Bridge,Boron,,,0.2,mg/L,AG,"The site specific objective for Boron for Santa Rosa Creek (San Luis Obispo County) is an annual mean of 0.2 mg/L (Table 3-5, Water Quality Control Plan, Central Coastal Basin).",7402,,,365,Mean,F,,Y
3,CAR3142001120020124143542,Santa Rosa Creek (San Luis Obispo County),Santa Rosa Creek,180BUR089,Burton Bridge,Chloride,,,50,mg/L,WA,"The site specific objective for Chloride for Santa Rosa Creek (San Luis Obispo County) is an annual mean of 50 mg/L (Table 3-5, Water Quality Control Plan, Central Coastal Basin).",7402,,,365,Mean,F,,Y
3,CAR3142001120020124143542,Santa Rosa Creek (San Luis Obispo County),Santa Rosa Creek,180BUR089,Burton Bridge,Sodium,,,50,mg/L,WA,"The site specific objective for Sodium for Santa Rosa Creek (San Luis Obispo County) is an annual mean of 50 mg/L (Table 3-5, Water Quality Control Plan, Central Coastal Basin).",7402,,,365,Mean,F,,Y
3,CAR3142001120020124143542,Santa Rosa Creek (San Luis Obispo County),Santa Rosa Creek,180BUR089,Burton Bridge,Sulfate,,,80,mg/L,WA,"The site specific objective for Sulfate for Santa Rosa Creek (San Luis Obispo County) is an annual mean of 80 mg/L (Table 3-5, Water Quality Control Plan, Central Coastal Basin).",7402,,,365,Mean,F,,Y
3,CAR3142001120020124143542,Santa Rosa Creek (San Luis Obispo County),Santa Rosa Creek,180BUR089,Burton Bridge,Total Dissolved Solids,,,500,mg/L,WA,"The site specific objective for Total Dissolved Solids for Santa Rosa Creek (San Luis Obispo County) is an annual mean of 500 mg/L (Table 3-5, Water Quality Control Plan, Central Coastal Basin).",7402,,,365,Mean,F,,Y
3,CAR3142001120020124143542,Santa Rosa Creek (San Luis Obispo County),Santa Rosa Creek,310-SANTA-41,Santa Rosa Creek at Hwy 1 MBNMS,Boron,,,0.2,mg/L,AG,"The site specific objective for Boron for Santa Rosa Creek (San Luis Obispo County) is an annual mean of 0.2 mg/L (Table 3-5, Water Quality Control Plan, Central Coastal Basin).",7402,,,365,Mean,F,,Y
3,CAR3142001120020124143542,Santa Rosa Creek (San Luis Obispo County),Santa Rosa Creek,310-SANTA-41,Santa Rosa Creek at Hwy 1 MBNMS,Chloride,,,50,mg/L,WA,"The site specific objective for Chloride for Santa Rosa Creek (San Luis Obispo County) is an annual mean of 50 mg/L (Table 3-5, Water Quality Control Plan, Central Coastal Basin).",7402,,,365,Mean,F,,Y
3,CAR3142001120020124143542,Santa Rosa Creek (San Luis Obispo County),Santa Rosa Creek,310-SANTA-41,Santa Rosa Creek at Hwy 1 MBNMS,Sodium,,,50,mg/L,WA,"The site specific objective for Sodium for Santa Rosa Creek (San Luis Obispo County) is an annual mean of 50 mg/L (Table 3-5, Water Quality Control Plan, Central Coastal Basin).",7402,,,365,Mean,F,,Y
3,CAR3142001120020124143542,Santa Rosa Creek (San Luis Obispo County),Santa Rosa Creek,310-SANTA-41,Santa Rosa Creek at Hwy 1 MBNMS,Sulfate,,,80,mg/L,WA,"The site specific objective for Sulfate for Santa Rosa Creek (San Luis Obispo County) is an annual mean of 80 mg/L (Table 3-5, Water Quality Control Plan, Central Coastal Basin).",7402,,,365,Mean,F,,Y
3,CAR3142001120020124143542,Santa Rosa Creek (San Luis Obispo County),Santa Rosa Creek,310-SANTA-41,Santa Rosa Creek at Hwy 1 MBNMS,Total Dissolved Solids,,,500,mg/L,WA,"The site specific objective for Total Dissolved Solids for Santa Rosa Creek (San Luis Obispo County) is an annual mean of 500 mg/L (Table 3-5, Water Quality Control Plan, Central Coastal Basin).",7402,,,365,Mean,F,,Y
3,CAR3142001120020124143542,Santa Rosa Creek (San Luis Obispo County),Santa Rosa Creek,310-SANTA-42,Santa Rosa Creek at Ferrasci Road,Boron,,,0.2,mg/L,AG,"The site specific objective for Boron for Santa Rosa Creek (San Luis Obispo County) is an annual mean of 0.2 mg/L (Table 3-5, Water Quality Control Plan, Central Coastal Basin).",7402,,,365,Mean,F,,Y
3,CAR3142001120020124143542,Santa Rosa Creek (San Luis Obispo County),Santa Rosa Creek,310-SANTA-42,Santa Rosa Creek at Ferrasci Road,Chloride,,,50,mg/L,WA,"The site specific objective for Chloride for Santa Rosa Creek (San Luis Obispo County) is an annual mean of 50 mg/L (Table 3-5, Water Quality Control Plan, Central Coastal Basin).",7402,,,365,Mean,F,,Y
3,CAR3142001120020124143542,Santa Rosa Creek (San Luis Obispo County),Santa Rosa Creek,310-SANTA-42,Santa Rosa Creek at Ferrasci Road,Sodium,,,50,mg/L,WA,"The site specific objective for Sodium for Santa Rosa Creek (San Luis Obispo County) is an annual mean of 50 mg/L (Table 3-5, Water Quality Control Plan, Central Coastal Basin).",7402,,,365,Mean,F,,Y
3,CAR3142001120020124143542,Santa Rosa Creek (San Luis Obispo County),Santa Rosa Creek,310-SANTA-42,Santa Rosa Creek at Ferrasci Road,Sulfate,,,80,mg/L,WA,"The site specific objective for Sulfate for Santa Rosa Creek (San Luis Obispo County) is an annual mean of 80 mg/L (Table 3-5, Water Quality Control Plan, Central Coastal Basin).",7402,,,365,Mean,F,,Y
3,CAR3142001120020124143542,Santa Rosa Creek (San Luis Obispo County),Santa Rosa Creek,310-SANTA-42,Santa Rosa Creek at Ferrasci Road,Total Dissolved Solids,,,500,mg/L,WA,"The site specific objective for Total Dissolved Solids for Santa Rosa Creek (San Luis Obispo County) is an annual mean of 500 mg/L (Table 3-5, Water Quality Control Plan, Central Coastal Basin).",7402,,,365,Mean,F,,Y
3,CAR3142001120020124143542,Santa Rosa Creek (San Luis Obispo County),Santa Rosa Creek,310-SANTA-43,Santa Rosa Creek at Windsor,Boron,,,0.2,mg/L,AG,"The site specific objective for Boron for Santa Rosa Creek (San Luis Obispo County) is an annual mean of 0.2 mg/L (Table 3-5, Water Quality Control Plan, Central Coastal Basin).",7402,,,365,Mean,F,,Y
3,CAR3142001120020124143542,Santa Rosa Creek (San Luis Obispo County),Santa Rosa Creek,310-SANTA-43,Santa Rosa Creek at Windsor,Chloride,,,50,mg/L,WA,"The site specific objective for Chloride for Santa Rosa Creek (San Luis Obispo County) is an annual mean of 50 mg/L (Table 3-5, Water Quality Control Plan, Central Coastal Basin).",7402,,,365,Mean,F,,Y
3,CAR3142001120020124143542,Santa Rosa Creek (San Luis Obispo County),Santa Rosa Creek,310-SANTA-43,Santa Rosa Creek at Windsor,Sodium,,,50,mg/L,WA,"The site specific objective for Sodium for Santa Rosa Creek (San Luis Obispo County) is an annual mean of 50 mg/L (Table 3-5, Water Quality Control Plan, Central Coastal Basin).",7402,,,365,Mean,F,,Y
3,CAR3142001120020124143542,Santa Rosa Creek (San Luis Obispo County),Santa Rosa Creek,310-SANTA-43,Santa Rosa Creek at Windsor,Sulfate,,,80,mg/L,WA,"The site specific objective for Sulfate for Santa Rosa Creek (San Luis Obispo County) is an annual mean of 80 mg/L (Table 3-5, Water Quality Control Plan, Central Coastal Basin).",7402,,,365,Mean,F,,Y
3,CAR3142001120020124143542,Santa Rosa Creek (San Luis Obispo County),Santa Rosa Creek,310-SANTA-43,Santa Rosa Creek at Windsor,Total Dissolved Solids,,,500,mg/L,WA,"The site specific objective for Total Dissolved Solids for Santa Rosa Creek (San Luis Obispo County) is an annual mean of 500 mg/L (Table 3-5, Water Quality Control Plan, Central Coastal Basin).",7402,,,365,Mean,F,,Y
3,CAR3142001120020124143542,Santa Rosa Creek (San Luis Obispo County),Santa Rosa Creek,310SED066,Santa Rosa Creek - Behind high school 66,Boron,,,0.2,mg/L,AG,"The site specific objective for Boron for Santa Rosa Creek (San Luis Obispo County) is an annual mean of 0.2 mg/L (Table 3-5, Water Quality Control Plan, Central Coastal Basin).",7402,,,365,Mean,F,,Y
3,CAR3142001120020124143542,Santa Rosa Creek (San Luis Obispo County),Santa Rosa Creek,310SED066,Santa Rosa Creek - Behind high school 66,Chloride,,,50,mg/L,WA,"The site specific objective for Chloride for Santa Rosa Creek (San Luis Obispo County) is an annual mean of 50 mg/L (Table 3-5, Water Quality Control Plan, Central Coastal Basin).",7402,,,365,Mean,F,,Y
3,CAR3142001120020124143542,Santa Rosa Creek (San Luis Obispo County),Santa Rosa Creek,310SED066,Santa Rosa Creek - Behind high school 66,Sodium,,,50,mg/L,WA,"The site specific objective for Sodium for Santa Rosa Creek (San Luis Obispo County) is an annual mean of 50 mg/L (Table 3-5, Water Quality Control Plan, Central Coastal Basin).",7402,,,365,Mean,F,,Y
3,CAR3142001120020124143542,Santa Rosa Creek (San Luis Obispo County),Santa Rosa Creek,310SED066,Santa Rosa Creek - Behind high school 66,Sulfate,,,80,mg/L,WA,"The site specific objective for Sulfate for Santa Rosa Creek (San Luis Obispo County) is an annual mean of 80 mg/L (Table 3-5, Water Quality Control Plan, Central Coastal Basin).",7402,,,365,Mean,F,,Y
3,CAR3142001120020124143542,Santa Rosa Creek (San Luis Obispo County),Santa Rosa Creek,310SED066,Santa Rosa Creek - Behind high school 66,Total Dissolved Solids,,,500,mg/L,WA,"The site specific objective for Total Dissolved Solids for Santa Rosa Creek (San Luis Obispo County) is an annual mean of 500 mg/L (Table 3-5, Water Quality Control Plan, Central Coastal Basin).",7402,,,365,Mean,F,,Y
3,CAR3142001120020124143542,Santa Rosa Creek (San Luis Obispo County),Santa Rosa Creek,310SRCWE1,Santa Rosa Creek Windsor Bridge,Boron,,,0.2,mg/L,AG,"The site specific objective for Boron for Santa Rosa Creek (San Luis Obispo County) is an annual mean of 0.2 mg/L (Table 3-5, Water Quality Control Plan, Central Coastal Basin).",7402,,,365,Mean,F,,Y
3,CAR3142001120020124143542,Santa Rosa Creek (San Luis Obispo County),Santa Rosa Creek,310SRCWE1,Santa Rosa Creek Windsor Bridge,Chloride,,,50,mg/L,WA,"The site specific objective for Chloride for Santa Rosa Creek (San Luis Obispo County) is an annual mean of 50 mg/L (Table 3-5, Water Quality Control Plan, Central Coastal Basin).",7402,,,365,Mean,F,,Y
3,CAR3142001120020124143542,Santa Rosa Creek (San Luis Obispo County),Santa Rosa Creek,310SRCWE1,Santa Rosa Creek Windsor Bridge,Sodium,,,50,mg/L,WA,"The site specific objective for Sodium for Santa Rosa Creek (San Luis Obispo County) is an annual mean of 50 mg/L (Table 3-5, Water Quality Control Plan, Central Coastal Basin).",7402,,,365,Mean,F,,Y
3,CAR3142001120020124143542,Santa Rosa Creek (San Luis Obispo County),Santa Rosa Creek,310SRCWE1,Santa Rosa Creek Windsor Bridge,Sulfate,,,80,mg/L,WA,"The site specific objective for Sulfate for Santa Rosa Creek (San Luis Obispo County) is an annual mean of 80 mg/L (Table 3-5, Water Quality Control Plan, Central Coastal Basin).",7402,,,365,Mean,F,,Y
3,CAR3142001120020124143542,Santa Rosa Creek (San Luis Obispo County),Santa Rosa Creek,310SRCWE1,Santa Rosa Creek Windsor Bridge,Total Dissolved Solids,,,500,mg/L,WA,"The site specific objective for Total Dissolved Solids for Santa Rosa Creek (San Luis Obispo County) is an annual mean of 500 mg/L (Table 3-5, Water Quality Control Plan, Central Coastal Basin).",7402,,,365,Mean,F,,Y
3,CAR3142001120020124143542,Santa Rosa Creek (San Luis Obispo County),Santa Rosa Creek,310SRCWE2,Santa Rosa Creek WE2,Boron,,,0.2,mg/L,AG,"The site specific objective for Boron for Santa Rosa Creek (San Luis Obispo County) is an annual mean of 0.2 mg/L (Table 3-5, Water Quality Control Plan, Central Coastal Basin).",7402,,,365,Mean,F,,Y
3,CAR3142001120020124143542,Santa Rosa Creek (San Luis Obispo County),Santa Rosa Creek,310SRCWE2,Santa Rosa Creek WE2,Chloride,,,50,mg/L,WA,"The site specific objective for Chloride for Santa Rosa Creek (San Luis Obispo County) is an annual mean of 50 mg/L (Table 3-5, Water Quality Control Plan, Central Coastal Basin).",7402,,,365,Mean,F,,Y
3,CAR3142001120020124143542,Santa Rosa Creek (San Luis Obispo County),Santa Rosa Creek,310SRCWE2,Santa Rosa Creek WE2,Sodium,,,50,mg/L,WA,"The site specific objective for Sodium for Santa Rosa Creek (San Luis Obispo County) is an annual mean of 50 mg/L (Table 3-5, Water Quality Control Plan, Central Coastal Basin).",7402,,,365,Mean,F,,Y
3,CAR3142001120020124143542,Santa Rosa Creek (San Luis Obispo County),Santa Rosa Creek,310SRCWE2,Santa Rosa Creek WE2,Sulfate,,,80,mg/L,WA,"The site specific objective for Sulfate for Santa Rosa Creek (San Luis Obispo County) is an annual mean of 80 mg/L (Table 3-5, Water Quality Control Plan, Central Coastal Basin).",7402,,,365,Mean,F,,Y
3,CAR3142001120020124143542,Santa Rosa Creek (San Luis Obispo County),Santa Rosa Creek,310SRCWE2,Santa Rosa Creek WE2,Total Dissolved Solids,,,500,mg/L,WA,"The site specific objective for Total Dissolved Solids for Santa Rosa Creek (San Luis Obispo County) is an annual mean of 500 mg/L (Table 3-5, Water Quality Control Plan, Central Coastal Basin).",7402,,,365,Mean,F,,Y
3,CAR3142001120020124143542,Santa Rosa Creek (San Luis Obispo County),Santa Rosa Creek,310SRMAIN,Santa Rosa Creek at Main St. County Gauge #716,Boron,,,0.2,mg/L,AG,"The site specific objective for Boron for Santa Rosa Creek (San Luis Obispo County) is an annual mean of 0.2 mg/L (Table 3-5, Water Quality Control Plan, Central Coastal Basin).",7402,,,365,Mean,F,,Y
3,CAR3142001120020124143542,Santa Rosa Creek (San Luis Obispo County),Santa Rosa Creek,310SRMAIN,Santa Rosa Creek at Main St. County Gauge #716,Chloride,,,50,mg/L,WA,"The site specific objective for Chloride for Santa Rosa Creek (San Luis Obispo County) is an annual mean of 50 mg/L (Table 3-5, Water Quality Control Plan, Central Coastal Basin).",7402,,,365,Mean,F,,Y
3,CAR3142001120020124143542,Santa Rosa Creek (San Luis Obispo County),Santa Rosa Creek,310SRMAIN,Santa Rosa Creek at Main St. County Gauge #716,Sodium,,,50,mg/L,WA,"The site specific objective for Sodium for Santa Rosa Creek (San Luis Obispo County) is an annual mean of 50 mg/L (Table 3-5, Water Quality Control Plan, Central Coastal Basin).",7402,,,365,Mean,F,,Y
3,CAR3142001120020124143542,Santa Rosa Creek (San Luis Obispo County),Santa Rosa Creek,310SRMAIN,Santa Rosa Creek at Main St. County Gauge #716,Sulfate,,,80,mg/L,WA,"The site specific objective for Sulfate for Santa Rosa Creek (San Luis Obispo County) is an annual mean of 80 mg/L (Table 3-5, Water Quality Control Plan, Central Coastal Basin).",7402,,,365,Mean,F,,Y
3,CAR3142001120020124143542,Santa Rosa Creek (San Luis Obispo County),Santa Rosa Creek,310SRMAIN,Santa Rosa Creek at Main St. County Gauge #716,Total Dissolved Solids,,,500,mg/L,WA,"The site specific objective for Total Dissolved Solids for Santa Rosa Creek (San Luis Obispo County) is an annual mean of 500 mg/L (Table 3-5, Water Quality Control Plan, Central Coastal Basin).",7402,,,365,Mean,F,,Y
3,CAR3142001120020124143542,Santa Rosa Creek (San Luis Obispo County),Santa Rosa Creek,310SRO,Santa Rosa Ck at Moonstone Beach Drive,Boron,,,0.2,mg/L,AG,"The site specific objective for Boron for Santa Rosa Creek (San Luis Obispo County) is an annual mean of 0.2 mg/L (Table 3-5, Water Quality Control Plan, Central Coastal Basin).",7402,,,365,Mean,F,,Y
3,CAR3142001120020124143542,Santa Rosa Creek (San Luis Obispo County),Santa Rosa Creek,310SRO,Santa Rosa Ck at Moonstone Beach Drive,Chloride,,,50,mg/L,WA,"The site specific objective for Chloride for Santa Rosa Creek (San Luis Obispo County) is an annual mean of 50 mg/L (Table 3-5, Water Quality Control Plan, Central Coastal Basin).",7402,,,365,Mean,F,,Y
3,CAR3142001120020124143542,Santa Rosa Creek (San Luis Obispo County),Santa Rosa Creek,310SRO,Santa Rosa Ck at Moonstone Beach Drive,Sodium,,,50,mg/L,WA,"The site specific objective for Sodium for Santa Rosa Creek (San Luis Obispo County) is an annual mean of 50 mg/L (Table 3-5, Water Quality Control Plan, Central Coastal Basin).",7402,,,365,Mean,F,,Y
3,CAR3142001120020124143542,Santa Rosa Creek (San Luis Obispo County),Santa Rosa Creek,310SRO,Santa Rosa Ck at Moonstone Beach Drive,Sulfate,,,80,mg/L,WA,"The site specific objective for Sulfate for Santa Rosa Creek (San Luis Obispo County) is an annual mean of 80 mg/L (Table 3-5, Water Quality Control Plan, Central Coastal Basin).",7402,,,365,Mean,F,,Y
3,CAR3142001120020124143542,Santa Rosa Creek (San Luis Obispo County),Santa Rosa Creek,310SRO,Santa Rosa Ck at Moonstone Beach Drive,Total Dissolved Solids,,,500,mg/L,WA,"The site specific objective for Total Dissolved Solids for Santa Rosa Creek (San Luis Obispo County) is an annual mean of 500 mg/L (Table 3-5, Water Quality Control Plan, Central Coastal Basin).",7402,,,365,Mean,F,,Y
3,CAR3142001120020124143542,Santa Rosa Creek (San Luis Obispo County),Santa Rosa Creek,310SRU,Santa Rosa Creek at Ferrassi Road,Boron,,,0.2,mg/L,AG,"The site specific objective for Boron for Santa Rosa Creek (San Luis Obispo County) is an annual mean of 0.2 mg/L (Table 3-5, Water Quality Control Plan, Central Coastal Basin).",7402,,,365,Mean,F,,Y
3,CAR3142001120020124143542,Santa Rosa Creek (San Luis Obispo County),Santa Rosa Creek,310SRU,Santa Rosa Creek at Ferrassi Road,Chloride,,,50,mg/L,WA,"The site specific objective for Chloride for Santa Rosa Creek (San Luis Obispo County) is an annual mean of 50 mg/L (Table 3-5, Water Quality Control Plan, Central Coastal Basin).",7402,,,365,Mean,F,,Y
3,CAR3142001120020124143542,Santa Rosa Creek (San Luis Obispo County),Santa Rosa Creek,310SRU,Santa Rosa Creek at Ferrassi Road,Sodium,,,50,mg/L,WA,"The site specific objective for Sodium for Santa Rosa Creek (San Luis Obispo County) is an annual mean of 50 mg/L (Table 3-5, Water Quality Control Plan, Central Coastal Basin).",7402,,,365,Mean,F,,Y
3,CAR3142001120020124143542,Santa Rosa Creek (San Luis Obispo County),Santa Rosa Creek,310SRU,Santa Rosa Creek at Ferrassi Road,Sulfate,,,80,mg/L,WA,"The site specific objective for Sulfate for Santa Rosa Creek (San Luis Obispo County) is an annual mean of 80 mg/L (Table 3-5, Water Quality Control Plan, Central Coastal Basin).",7402,,,365,Mean,F,,Y
3,CAR3142001120020124143542,Santa Rosa Creek (San Luis Obispo County),Santa Rosa Creek,310SRU,Santa Rosa Creek at Ferrassi Road,Total Dissolved Solids,,,500,mg/L,WA,"The site specific objective for Total Dissolved Solids for Santa Rosa Creek (San Luis Obispo County) is an annual mean of 500 mg/L (Table 3-5, Water Quality Control Plan, Central Coastal Basin).",7402,,,365,Mean,F,,Y
3,CAR3142001120020124143542,Santa Rosa Creek (San Luis Obispo County),Santa Rosa Creek,310SRWCTD,310SRWCTD-Santa Rosa Creek downstream of Curti Creek,Boron,,,0.2,mg/L,AG,"The site specific objective for Boron for Santa Rosa Creek (San Luis Obispo County) is an annual mean of 0.2 mg/L (Table 3-5, Water Quality Control Plan, Central Coastal Basin).",7402,,,365,Mean,F,,Y
3,CAR3142001120020124143542,Santa Rosa Creek (San Luis Obispo County),Santa Rosa Creek,310SRWCTD,310SRWCTD-Santa Rosa Creek downstream of Curti Creek,Chloride,,,50,mg/L,WA,"The site specific objective for Chloride for Santa Rosa Creek (San Luis Obispo County) is an annual mean of 50 mg/L (Table 3-5, Water Quality Control Plan, Central Coastal Basin).",7402,,,365,Mean,F,,Y
3,CAR3142001120020124143542,Santa Rosa Creek (San Luis Obispo County),Santa Rosa Creek,310SRWCTD,310SRWCTD-Santa Rosa Creek downstream of Curti Creek,Sodium,,,50,mg/L,WA,"The site specific objective for Sodium for Santa Rosa Creek (San Luis Obispo County) is an annual mean of 50 mg/L (Table 3-5, Water Quality Control Plan, Central Coastal Basin).",7402,,,365,Mean,F,,Y
3,CAR3142001120020124143542,Santa Rosa Creek (San Luis Obispo County),Santa Rosa Creek,310SRWCTD,310SRWCTD-Santa Rosa Creek downstream of Curti Creek,Sulfate,,,80,mg/L,WA,"The site specific objective for Sulfate for Santa Rosa Creek (San Luis Obispo County) is an annual mean of 80 mg/L (Table 3-5, Water Quality Control Plan, Central Coastal Basin).",7402,,,365,Mean,F,,Y
3,CAR3142001120020124143542,Santa Rosa Creek (San Luis Obispo County),Santa Rosa Creek,310SRWCTD,310SRWCTD-Santa Rosa Creek downstream of Curti Creek,Total Dissolved Solids,,,500,mg/L,WA,"The site specific objective for Total Dissolved Solids for Santa Rosa Creek (San Luis Obispo County) is an annual mean of 500 mg/L (Table 3-5, Water Quality Control Plan, Central Coastal Basin).",7402,,,365,Mean,F,,Y
3,CAR3142001120020124143542,Santa Rosa Creek (San Luis Obispo County),Santa Rosa Creek,310SRWCTU,319SRWCTU-Santa Rosa Creek upstream of confluence with Curti Creek,Boron,,,0.2,mg/L,AG,"The site specific objective for Boron for Santa Rosa Creek (San Luis Obispo County) is an annual mean of 0.2 mg/L (Table 3-5, Water Quality Control Plan, Central Coastal Basin).",7402,,,365,Mean,F,,Y
3,CAR3142001120020124143542,Santa Rosa Creek (San Luis Obispo County),Santa Rosa Creek,310SRWCTU,319SRWCTU-Santa Rosa Creek upstream of confluence with Curti Creek,Chloride,,,50,mg/L,WA,"The site specific objective for Chloride for Santa Rosa Creek (San Luis Obispo County) is an annual mean of 50 mg/L (Table 3-5, Water Quality Control Plan, Central Coastal Basin).",7402,,,365,Mean,F,,Y
3,CAR3142001120020124143542,Santa Rosa Creek (San Luis Obispo County),Santa Rosa Creek,310SRWCTU,319SRWCTU-Santa Rosa Creek upstream of confluence with Curti Creek,Sodium,,,50,mg/L,WA,"The site specific objective for Sodium for Santa Rosa Creek (San Luis Obispo County) is an annual mean of 50 mg/L (Table 3-5, Water Quality Control Plan, Central Coastal Basin).",7402,,,365,Mean,F,,Y
3,CAR3142001120020124143542,Santa Rosa Creek (San Luis Obispo County),Santa Rosa Creek,310SRWCTU,319SRWCTU-Santa Rosa Creek upstream of confluence with Curti Creek,Sulfate,,,80,mg/L,WA,"The site specific objective for Sulfate for Santa Rosa Creek (San Luis Obispo County) is an annual mean of 80 mg/L (Table 3-5, Water Quality Control Plan, Central Coastal Basin).",7402,,,365,Mean,F,,Y
3,CAR3142001120020124143542,Santa Rosa Creek (San Luis Obispo County),Santa Rosa Creek,310SRWCTU,319SRWCTU-Santa Rosa Creek upstream of confluence with Curti Creek,Total Dissolved Solids,,,500,mg/L,WA,"The site specific objective for Total Dissolved Solids for Santa Rosa Creek (San Luis Obispo County) is an annual mean of 500 mg/L (Table 3-5, Water Quality Control Plan, Central Coastal Basin).",7402,,,365,Mean,F,,Y
3,CAR3142001120020124143542,Santa Rosa Creek (San Luis Obispo County),Santa Rosa Creek,310ST1615,Santa Rosa Creek-03SWSBIO-310ST1615,Boron,,,0.2,mg/L,AG,"The site specific objective for Boron for Santa Rosa Creek (San Luis Obispo County) is an annual mean of 0.2 mg/L (Table 3-5, Water Quality Control Plan, Central Coastal Basin).",7402,,,365,Mean,F,,Y
3,CAR3142001120020124143542,Santa Rosa Creek (San Luis Obispo County),Santa Rosa Creek,310ST1615,Santa Rosa Creek-03SWSBIO-310ST1615,Chloride,,,50,mg/L,WA,"The site specific objective for Chloride for Santa Rosa Creek (San Luis Obispo County) is an annual mean of 50 mg/L (Table 3-5, Water Quality Control Plan, Central Coastal Basin).",7402,,,365,Mean,F,,Y
3,CAR3142001120020124143542,Santa Rosa Creek (San Luis Obispo County),Santa Rosa Creek,310ST1615,Santa Rosa Creek-03SWSBIO-310ST1615,Sodium,,,50,mg/L,WA,"The site specific objective for Sodium for Santa Rosa Creek (San Luis Obispo County) is an annual mean of 50 mg/L (Table 3-5, Water Quality Control Plan, Central Coastal Basin).",7402,,,365,Mean,F,,Y
3,CAR3142001120020124143542,Santa Rosa Creek (San Luis Obispo County),Santa Rosa Creek,310ST1615,Santa Rosa Creek-03SWSBIO-310ST1615,Sulfate,,,80,mg/L,WA,"The site specific objective for Sulfate for Santa Rosa Creek (San Luis Obispo County) is an annual mean of 80 mg/L (Table 3-5, Water Quality Control Plan, Central Coastal Basin).",7402,,,365,Mean,F,,Y
3,CAR3142001120020124143542,Santa Rosa Creek (San Luis Obispo County),Santa Rosa Creek,310ST1615,Santa Rosa Creek-03SWSBIO-310ST1615,Total Dissolved Solids,,,500,mg/L,WA,"The site specific objective for Total Dissolved Solids for Santa Rosa Creek (San Luis Obispo County) is an annual mean of 500 mg/L (Table 3-5, Water Quality Control Plan, Central Coastal Basin).",7402,,,365,Mean,F,,Y
3,CAR3142001120020124143542,Santa Rosa Creek (San Luis Obispo County),Santa Rosa Creek,310ST1617,Santa Rosa Creek/Soto Ranch-310ST1617,Boron,,,0.2,mg/L,AG,"The site specific objective for Boron for Santa Rosa Creek (San Luis Obispo County) is an annual mean of 0.2 mg/L (Table 3-5, Water Quality Control Plan, Central Coastal Basin).",7402,,,365,Mean,F,,Y
3,CAR3142001120020124143542,Santa Rosa Creek (San Luis Obispo County),Santa Rosa Creek,310ST1617,Santa Rosa Creek/Soto Ranch-310ST1617,Chloride,,,50,mg/L,WA,"The site specific objective for Chloride for Santa Rosa Creek (San Luis Obispo County) is an annual mean of 50 mg/L (Table 3-5, Water Quality Control Plan, Central Coastal Basin).",7402,,,365,Mean,F,,Y
3,CAR3142001120020124143542,Santa Rosa Creek (San Luis Obispo County),Santa Rosa Creek,310ST1617,Santa Rosa Creek/Soto Ranch-310ST1617,Sodium,,,50,mg/L,WA,"The site specific objective for Sodium for Santa Rosa Creek (San Luis Obispo County) is an annual mean of 50 mg/L (Table 3-5, Water Quality Control Plan, Central Coastal Basin).",7402,,,365,Mean,F,,Y
3,CAR3142001120020124143542,Santa Rosa Creek (San Luis Obispo County),Santa Rosa Creek,310ST1617,Santa Rosa Creek/Soto Ranch-310ST1617,Sulfate,,,80,mg/L,WA,"The site specific objective for Sulfate for Santa Rosa Creek (San Luis Obispo County) is an annual mean of 80 mg/L (Table 3-5, Water Quality Control Plan, Central Coastal Basin).",7402,,,365,Mean,F,,Y
3,CAR3142001120020124143542,Santa Rosa Creek (San Luis Obispo County),Santa Rosa Creek,310ST1617,Santa Rosa Creek/Soto Ranch-310ST1617,Total Dissolved Solids,,,500,mg/L,WA,"The site specific objective for Total Dissolved Solids for Santa Rosa Creek (San Luis Obispo County) is an annual mean of 500 mg/L (Table 3-5, Water Quality Control Plan, Central Coastal Basin).",7402,,,365,Mean,F,,Y
3,CAR3142001120020124143542,Santa Rosa Creek (San Luis Obispo County),Santa Rosa Creek,426.2,Santa Rosa Creek 2-426.2,Boron,,,0.2,mg/L,AG,"The site specific objective for Boron for Santa Rosa Creek (San Luis Obispo County) is an annual mean of 0.2 mg/L (Table 3-5, Water Quality Control Plan, Central Coastal Basin).",7402,,,365,Mean,F,,Y
3,CAR3142001120020124143542,Santa Rosa Creek (San Luis Obispo County),Santa Rosa Creek,426.2,Santa Rosa Creek 2-426.2,Chloride,,,50,mg/L,WA,"The site specific objective for Chloride for Santa Rosa Creek (San Luis Obispo County) is an annual mean of 50 mg/L (Table 3-5, Water Quality Control Plan, Central Coastal Basin).",7402,,,365,Mean,F,,Y
3,CAR3142001120020124143542,Santa Rosa Creek (San Luis Obispo County),Santa Rosa Creek,426.2,Santa Rosa Creek 2-426.2,Sodium,,,50,mg/L,WA,"The site specific objective for Sodium for Santa Rosa Creek (San Luis Obispo County) is an annual mean of 50 mg/L (Table 3-5, Water Quality Control Plan, Central Coastal Basin).",7402,,,365,Mean,F,,Y
3,CAR3142001120020124143542,Santa Rosa Creek (San Luis Obispo County),Santa Rosa Creek,426.2,Santa Rosa Creek 2-426.2,Sulfate,,,80,mg/L,WA,"The site specific objective for Sulfate for Santa Rosa Creek (San Luis Obispo County) is an annual mean of 80 mg/L (Table 3-5, Water Quality Control Plan, Central Coastal Basin).",7402,,,365,Mean,F,,Y
3,CAR3142001120020124143542,Santa Rosa Creek (San Luis Obispo County),Santa Rosa Creek,426.2,Santa Rosa Creek 2-426.2,Total Dissolved Solids,,,500,mg/L,WA,"The site specific objective for Total Dissolved Solids for Santa Rosa Creek (San Luis Obispo County) is an annual mean of 500 mg/L (Table 3-5, Water Quality Control Plan, Central Coastal Basin).",7402,,,365,Mean,F,,Y
3,CAR3141004020050816125631,Santa Ynez River (Cachuma Lake to below city of Lompoc),Lompoc,314SYF,Santa Ynez River at Floradale Rd,Boron,,,0.4,mg/L,AG,"The site specific objective for Boron for Santa Ynez River (Cachuma Lake to below city of Lompoc) is an annual mean of 0.4 mg/L (Table 3-5, Water Quality Control Plan, Central Coastal Basin).",7402,,,365,Mean,F,smk 8/2026 - include this in the SSO table. This just inside the city limits of Lompoc.  Not in original SSO table. Added based on comment for Name_in_CalWQA: Santa Ynez River (Cachuma Lake to below city of Lompoc). JI 2026-07-09.,Y
3,CAR3141004020050816125631,Santa Ynez River (Cachuma Lake to below city of Lompoc),Lompoc,314SYF,Santa Ynez River at Floradale Rd,Chloride,,,100,mg/L,WA,"The site specific objective for Chloride for Santa Ynez River (Cachuma Lake to below city of Lompoc) is an annual mean of 100 mg/L (Table 3-5, Water Quality Control Plan, Central Coastal Basin).",7402,,,365,Mean,F,smk 8/2026 - include this in the SSO table. This just inside the city limits of Lompoc.  Not in original SSO table. Added based on comment for Name_in_CalWQA: Santa Ynez River (Cachuma Lake to below city of Lompoc). JI 2026-07-09.,Y
3,CAR3141004020050816125631,Santa Ynez River (Cachuma Lake to below city of Lompoc),Lompoc,314SYF,Santa Ynez River at Floradale Rd,Sodium,,,100,mg/L,WA,"The site specific objective for Sodium for Santa Ynez River (Cachuma Lake to below city of Lompoc) is an annual mean of 100 mg/L (Table 3-5, Water Quality Control Plan, Central Coastal Basin).",7402,,,365,Mean,F,smk 8/2026 - include this in the SSO table. This just inside the city limits of Lompoc.  Not in original SSO table. Added based on comment for Name_in_CalWQA: Santa Ynez River (Cachuma Lake to below city of Lompoc). JI 2026-07-09.,Y
3,CAR3141004020050816125631,Santa Ynez River (Cachuma Lake to below city of Lompoc),Lompoc,314SYF,Santa Ynez River at Floradale Rd,Sulfate,,,350,mg/L,WA,"The site specific objective for Sulfate for Santa Ynez River (Cachuma Lake to below city of Lompoc) is an annual mean of 350 mg/L (Table 3-5, Water Quality Control Plan, Central Coastal Basin).",7402,,,365,Mean,F,smk 8/2026 - include this in the SSO table. This just inside the city limits of Lompoc.  Not in original SSO table. Added based on comment for Name_in_CalWQA: Santa Ynez River (Cachuma Lake to below city of Lompoc). JI 2026-07-09.,Y
3,CAR3141004020050816125631,Santa Ynez River (Cachuma Lake to below city of Lompoc),Lompoc,314SYF,Santa Ynez River at Floradale Rd,Total Dissolved Solids,,,1000,mg/L,WA,"The site specific objective for Total Dissolved Solids for Santa Ynez River (Cachuma Lake to below city of Lompoc) is an annual mean of 1000 mg/L (Table 3-5, Water Quality Control Plan, Central Coastal Basin).",7402,,,365,Mean,F,smk 8/2026 - include this in the SSO table. This just inside the city limits of Lompoc.  Not in original SSO table. Added based on comment for Name_in_CalWQA: Santa Ynez River (Cachuma Lake to below city of Lompoc). JI 2026-07-09.,Y
